session_id,n_cdp_score1,n_cdp_score2,pct_score1,pct_score2,mean_tokens_score1,mean_tokens_score2,sample_score1,sample_score2,conference
2020_11_05_NES_S1,7,3,70.0,30.0,95.85714285714286,73.0,"So I will get to Kristen's comments first and I'll go to yours, right? So there's a huge research ar | So since I want this to be more open-ended than me answering all the questions, I'm going to try to ",unless you're going to dispose it there or use it there. So these are the questions when you try to  | You can feel free to change it.,2020NES
2020_11_05_NES_S2,1,4,20.0,80.0,30.0,20.75,Okay. Awesome. Great. So then let's just do the super brief introductions and we'll dive right in an,Alright. We'll wait a minute or two for everybody to cycle in and we'll choose a scribe and recorder | I can be the scribe. This is Shu from Yale.,2020NES
2020_11_05_NES_S3,6,5,54.54545454545455,45.45454545454545,27.833333333333332,69.6,So part of what we want to do here is uh connect people who have interests that are you know but dif | Yeah sure. I yeah sure. So I've been furiously typing because you guys have been getting a lot of ve,That's traditionally why we use membranes for high pressure gas mixture separations and adsorptive t | Great. So I'd like to we're we're actually at about eight minutes from close here. So I'd like to tr,2020NES
2020_11_05_NES_S4,7,3,70.0,30.0,60.57142857142857,64.0,All right thank you. Charles. | Thank you. Chong.,of the things that we can. Okay so that's the first one. And while we're doing this we also want to  | Okay thank you. There's a bot number four. Who's bot? Is this a something that is bot number four ha,2020NES
2020_11_05_NES_S5,6,1,85.71428571428571,14.285714285714286,25.0,70.0,But one that I've seen that I'm also concerned about and Julia articulated this well in a way I hadn | We're being chased because we haven't put this into the into the the correct format.,as long as we're talking about the issues of the more societal aspects of decarbonizing the economy ,2020NES
2020_11_05_NES_S6,0,3,0.0,100.0,,89.66666666666667,,Right and it's it's a couple of things right it depends on who you talk to and what they're specific | That's great so this is I mean where SciLog comes in right you can have teams of up to three right a,2020NES
2020_11_06_NES_S1,3,1,75.0,25.0,87.0,10.0,in a broader group or if you encounter folks from ASU to see if they know. | So I think we have about 15 minutes left and I want to try one other idea to stir some some differen,No it fits here for sure and I know Katherine's thought about it a lot.,2020NES
2020_11_06_NES_S10,4,1,80.0,20.0,29.5,44.0,"I'll open the follow-up questions sorry. Go ahead. | Okay, it's been a couple of minutes, so I'm going to open the floor. Who wants to give their idea fi",We're closing into 10 minutes before we have to leave the room and report out. And I want to make su,2020NES
2020_11_06_NES_S11,6,2,75.0,25.0,30.833333333333332,211.5,too. You know ultimately we want to get to gigatons as well. | So okay so there was a question about jet fuel I don't know I don't know what I'm doing here as a re,Yeah I mean ultimately we just want to have an open discussion and brainstorm about any approaches.  | So that's a a wonderful way to work together because so often these are two decoupled processes wher,2020NES
2020_11_06_NES_S12,7,2,77.77777777777777,22.22222222222222,12.857142857142858,53.5,"No, it's okay. We are supposed to talk about thermochemical reaction as well. | Yeah you're good at tracking time that's great. So why don't we go to can you all look at the PPT fi",I agree and and I think what I'm saying is that the the the optimal absorption or optimal capture pr | You're okay. Okay. So I think the only thing we did not talk about is electrochemistry plus the ther,2020NES
2020_11_06_NES_S2,11,10,52.38095238095238,47.61904761904762,48.18181818181818,71.3,Alright it's just about time for us to get going. I'm going to ask folks to mute and just welcome fo | So that's the basic idea but I also before we hold on a second here before we break out into groups ,And just give you a quick overview of the the agenda for today. So we're going in the process right  | So I think maybe in the chat indicate if you're interested in that and we'll see if we can get that ,2020NES
2020_11_06_NES_S3,1,1,50.0,50.0,25.0,17.0,"Yeah, it's like it's like 30% of the current warming. Dan, why don't we put in the chat box for the ","No, no, in the main, we'll put it in the main chat for the people there. You can grab it in the main",2020NES
2020_11_06_NES_S4,4,4,50.0,50.0,20.0,59.0,Other thoughts that you'd like Jenny to get into the report out here? I I I really enjoyed the overp | Feng Lin.,"So we're in our closing moments here. The conversation, I'd like to make sure that we get comments f | So good morning. The way I did this yesterday worked out fine is we went around did our introduction",2020NES
2020_11_06_NES_S7,11,6,64.70588235294117,35.294117647058826,10.727272727272727,33.0,I was muted sorry. I can do it if nobody else wants to. | Thanks Lindsey. You know you just type right into the PowerPoint right?,facilitator and I guess our first order of business is to find a volunteer to report out so it shoul | Yeah 30 is correct.,2020NES
2020_11_06_NES_S8,16,14,53.333333333333336,46.666666666666664,20.4375,37.357142857142854,just about ready to start just have a couple more another minute. | Yeah there's still a lot of people who aren't back yet so we'll wait sort of watching people come ba,"Okay we're going to be going into Beyond CO2, Frontiers for Electrochemistry, New Ideas and Opportun | Okay so not everyone is back yet but we're going to go ahead and open the rooms that way the transit",2020NES
2020_11_06_NES_S9,19,6,76.0,24.0,10.052631578947368,33.0,people aren't back yet so we'll I'm sort of watching people come back and turn their cameras on. | And I'll share my screen here on the upcoming breakouts that we have.,"So once again if you're just arriving back if when you're back ready to get going if you could turn  | Okay we're going to be going into Beyond CO2, Frontiers for Electrochemistry, New Ideas and Opportun",2020NES
2021_05_20_ABI_S1,24,5,82.75862068965517,17.24137931034483,9.291666666666666,37.4,volunteer um you know like um doing the recording or reporting for this session. | I guess I can do the record.,"Oh, that sounds good. Would that work? So okay, great. Um you you're going to do so um so we have a  | We just uh uh we have two volunteers. One will serve as a recorder, the other will serve as a report",2021ABI
2021_05_20_ABI_S2,35,13,72.91666666666667,27.083333333333332,12.571428571428571,41.53846153846154,Thank you. Uh Ping. | Ferdinand.,"And these sessions here now are really to sort of get to know groups that may be able to interact. U | Um, obviously some people are very passionate and very expert about this, but but this is also an op",2021ABI
2021_05_20_ABI_S3,14,14,50.0,50.0,23.357142857142858,67.14285714285714,"Okay, sounds perfect. Okay, does anyone have any questions before we take our minute to think? | Okay, so who would like to get started?",more discussion. I am sure that there are other topics of discussion that will come up that might fa | And either of those things you can do. If you think they're really valuable to put in the parking lo,2021ABI
2021_05_20_ABI_S4,33,13,71.73913043478261,28.26086956521739,22.727272727272727,36.69230769230769,"Uh for the person who just joined, uh we're taking a minute to uh go through the topics and jot down | Thank you and Shiva, I'm going to cross my Hollywood squares here.","Okay, that gives me a great opportunity to just say that I'm here as a butterfly on the wall as an o | So I think that's about a minute. So hopefully you'll be able to jot some notes down and the next th",2021ABI
2021_05_20_ABI_S5,29,10,74.35897435897436,25.641025641025642,9.206896551724139,30.1,"It's it's it's actual ideas, not the questions. | So should we go through our backgrounds and then say something about these prompts or what we have d","It's just the main ideas that emerge here. The questions that you're seeing in the slide are the pro | Yes, not the idea, not the question. Those questions are just to assist you with the discussion, but",2021ABI
2021_05_20_ABI_S6,18,8,69.23076923076923,30.76923076923077,13.666666666666666,59.75,"Sounds sounds right. Okay. | Yeah, biologing biological networks definitely. Sounds good.","Uh here. the top there's a section called um virtual virtual I just dropped the link in the chat. | Well I guess um we're supposed to start I mean, I think it would make the most sense to start with t",2021ABI
2021_05_20_ABI_S7,17,14,54.83870967741935,45.16129032258065,17.764705882352942,61.285714285714285,"The other thing I was thinking is that um if we're going to report out on key points from our discus | Okay, sounds perfect. Okay, does anyone have any questions before we take our minute to think?","your name so Josh doesn't have to type your name into the slides, so you can keep it open, you can a | Um, so if you open up the the Google slides, I think we can all edit at the same time. Josh can keep",2021ABI
2021_05_20_ABI_S8,38,12,76.0,24.0,10.631578947368421,28.666666666666668,"Oh, I see there's a slide we need to fix. You're writing in the slide. | Yeah, it's on uh slide 24, I think, right?","Can we enter the names there right now? I guess can you can everybody see? | So can everybody see the slides? I think right now if you go all the way to slide 24, you can see ro",2021ABI
2021_05_21_ABI_S1,43,9,82.6923076923077,17.307692307692307,11.627906976744185,32.22222222222222,"30 seconds. | Okay, well while we're finishing that up, why don't we just do the 30 second intro to each other. Um","Um, should we um, I don't Josh, you're our scribe. I'm just thinking, should we be um trying to put  | Okay. I'm just wondering if maybe we could put like a super structure to our notes and then try to f",2021ABI
2021_05_21_ABI_S10,38,12,76.0,24.0,16.68421052631579,30.416666666666668,"Uh Vivian who just joined, we're jotting down our own ideas during this first minute. | Okay, about 10 more seconds.","bullet points under quantitative imaging, right? Kind of jot down in case you you know, your thought | I've been a recorder, you can't do it again. So if you are there any volunteers of someone who has n",2021ABI
2021_05_21_ABI_S11,27,6,81.81818181818181,18.181818181818183,21.14814814814815,19.0,"we've got this so um Anarud, maybe start with you because you're you're not eating. | Maybe focus on your modality because I think when you get that's where we're going to be either your","Okay, let's let's try millimeters first or or half a centimeter. How about half a centimeter? | Um, Andrew, maybe we should, um, either we can go to the Google document, um, to start studying our ",2021ABI
2021_05_21_ABI_S12,41,17,70.6896551724138,29.310344827586206,8.0,29.764705882352942,Right. Yeah. | I did it right before.,"Brian, do you want me to start off with the logistics part at the beginning and then we can kind of  | Okay. Um so hopefully we have everyone in. Um so first off we need well maybe I'll just read it. So ",2021ABI
2021_05_21_ABI_S13,26,6,81.25,18.75,11.76923076923077,50.666666666666664,"I'm Katy Keenan. I'm at the National Institute of Standards and Technology and we work to do validat | Crystal, you're next uh on my side.","Um typically we ask um all the members to write down at least something they think about this topic, | I can do the report.",2021ABI
2021_05_21_ABI_S14,18,16,52.94117647058823,47.05882352941177,14.0,49.8125,"Okay, let's go to Kevin. Let's let's go to Kevin. | Sure, I can do it.","some intros just so we all know again about what people do. Uh just as a reminder what my background | Matt, can I um intervene? Sorry, before everything, um can we uh identify a reporter um uh recorder/",2021ABI
2021_05_21_ABI_S15,23,5,82.14285714285714,17.857142857142858,23.47826086956522,25.2,"Well, um, yeah, let's maybe start some introductions. We're beginning the obviously by the third bre | are pretty much optical based or maybe ultrasound Barbara perhaps got the broadest capabilities. Uh ","Maybe focus on your modality because I think when you get that's where we're going to be. Either you | If if I just go to the prompt that we had, um, maybe as a as to kick this out, um, maybe start out w",2021ABI
2021_05_21_ABI_S16,39,11,78.0,22.0,17.05128205128205,61.90909090909091,"We're missing a couple people and the facilitator, but I was hoping, I mean, who is our facilitator? | Matt can be our facilitator.","Hi, we have a technical glitch with Ali's connection. So uh uh I'm going to sub in until he gets rec | I know but others may not know you just give a uh one sentence about yourself. I know you are an uh ",2021ABI
2021_05_21_ABI_S2,24,12,66.66666666666667,33.333333333333336,22.0,50.5,That sounds great. Thanks. | And if there's no one that will volunteer then I will do a random pick.,we have the two of us on this room. I don't know if you I think you worked with someone else on the  | Okay. Um so we'll go ahead and get started and just a reminder this is the breakout session on the i,2021ABI
2021_05_21_ABI_S3,25,9,73.52941176470588,26.470588235294116,18.08,28.555555555555557,"send a Google Drive, I think. So yeah, I'll share it. | Yeah, I just saw it. So which slide should we go to?","Uh, I can do reporter if no one if no one else wants to do it. | For an hour. Yeah, so I guess the question is just to review that we should be discussing is um are ",2021ABI
2021_05_21_ABI_S4,23,4,85.18518518518519,14.814814814814815,25.73913043478261,88.0,suggest is that we very quickly introduce ourselves um and then we'll start working on generating id | Okay. Wonderful. Dylan.,"So I thought I thought we all first facilitators introduce themselves. But okay, so my name is Anna  | Uh, and the biggest question, I guess, you all know that it takes about 10 years to get something fr",2021ABI
2021_05_21_ABI_S5,53,7,88.33333333333333,11.666666666666666,13.169811320754716,40.0,"about 40 seconds more. So jot them down, type them. | Okay, so that was our minute of jotting down our own thoughts for use later in this conversation. So","minute of jotting down your thoughts. Do you all have the um slide, which imaging modalities are mos | with the group I we did yesterday, we opened up a Google Drive and they kept notes and then condense",2021ABI
2021_05_21_ABI_S6,32,7,82.05128205128206,17.94871794871795,17.09375,33.857142857142854,"Yeah, so if for that 60 second sort of analysis, there's that slide that has the kind of um prompt p | Oh, anybody want to volunteer to be the reporter?","Yeah, I think if you just it might be easiest to just open even like a doc file just on your own com | You can enter your own names. That way she doesn't have to go through and although we may crash it n",2021ABI
2021_05_21_ABI_S7,22,9,70.96774193548387,29.032258064516128,10.227272727272727,57.666666666666664,"Okay, uh Nick. | Okay, Arnold.","Um I I did appreciate the suggestion to use a um shared document and so Matt I actually set one up a | Okay, so um similar to yesterday, we'll start off with taking a minute to think and write down um a ",2021ABI
2021_05_21_ABI_S8,18,6,75.0,25.0,18.22222222222222,62.5,"So that's it. Um, I mean, I can take tell you more, but I think we should try to keep it short. | So, um, I I'm just going to go the way I see people on the screen, so no or or no, I do have a list ","And uh as uh Andrew pointed out, you don't need to fill up that slide uh right away because I guess  | Okay. Sixian, thank you so much. That's uh great. So it's actually up to you. You can write, you kno",2021ABI
2021_05_21_ABI_S9,27,10,72.97297297297297,27.027027027027028,18.037037037037038,34.9,"So Matt, do you want to uh share? | Do I want to what? Take over? No. Run the show.","Matt, can I uh intervene? Sorry, before everything, um, can we uh identify a reporter, um, uh record | Great. Thanks, Kevin. And um, do you want to uh set up a Google Doc? Would that is that is that poss",2021ABI
output-2021-05-20-ABI-S1,7,6,53.84615384615385,46.15384615384615,31.142857142857142,69.5,Hi everyone. My name is Ellen Sletten. I'm an assistant professor at UCLA in the chemistry and bioch | systems. So we've been looking at for example primary cilia is one of our interests that we've been ,"Okay, I think that's roughly one and a half minutes. Are we good? Everyone has so this is the the um | Great, sounds good. Um I'm Katherine White. I'm a faculty at the University of Notre Dame. My lab st",2021ABI
2021_10_07_CMC_S1,29,14,67.44186046511628,32.55813953488372,15.310344827586206,34.92857142857143,"Okay, thank you. Uh Joshua? | Thank you. And Kathy?","for for this point, yeah, I guess you can turn off your mute and we'll see if it becomes too noisy.  | Okay. Um before we actually ask you to uh write a sentence or two of some initial ideas, why don't w",2021CMC
2021_10_07_CMC_S2,18,6,75.0,25.0,24.72222222222222,116.16666666666667,"on understanding human metabolite signaling at the chemical level. So understanding how structurally | Excellent. Thank you. Okay Lulu, you're next on my screen.","Okay, okay, good. So what I kind so in terms of what do we need to make progress, I kind of heard qu | Do you think it'd be worth to start with kind of the group saying what are like just what listing wh",2021CMC
2021_10_07_CMC_S3,17,13,56.666666666666664,43.333333333333336,8.764705882352942,48.15384615384615,"Yeah, so let's keep it on light as a readout. That's such that so many different assays are captured | Well let's do both. Let's take the enzyme first.","Okay, 90 seconds and just look at the questions. I'll put them in the chat as well. Just quiet time, | Okay, so so hopefully that triggered some thoughts within you and I'm keenly interested in the topic",2021CMC
2021_10_07_CMC_S4,17,10,62.96296296296296,37.03703703703704,33.1764705882353,29.6,"Well, does anybody want to get us started on on like a a big question in in intra cell communication | One thing that might make sense here to help us is that I think people can just try speaking up and ","And if anyone wants another minute, nod your head and we'll extend it a little. Okay, no, I don't se | Is it also helpful for me to share the note taking screen and like live view of the notes or do peop",2021CMC
2021_10_07_CMC_S5,21,5,80.76923076923077,19.23076923076923,11.142857142857142,50.2,"Okay, there we go. And she's at Yale. Okay. Caitlin, go ahead. | Okay. You're up next.",Okay. So what we would like just to sort of get you started is to take just a few minutes and write  | So I see that garnered a couple more people in there. We have nine viewers on our document. Is anyon,2021CMC
2021_10_07_CMC_S6,18,9,66.66666666666667,33.333333333333336,13.277777777777779,60.0,So I'm again I'm just going to go to the Hollywood Squares and and um and then but we and and Rommie | Okay we're not doing the other part?,Right we're just going to introduce everybody's voices and that way when you are speaking later some | And I'm Rigoberto Hernandez from Johns Hopkins and uh Peloton yoga with my wife. So now we're going ,2021CMC
2021_10_07_CMC_S7,11,4,73.33333333333333,26.666666666666668,25.545454545454547,68.25,Into the chat box. So here's your chance. | Thank you. Uh Cheemeng.,"Okay, so that's nice. So our lab has been using machine learning recently and deep learning for many | So I I want to make sure that we have time for some of the other topics. So I'm going to give Stephe",2021CMC
2021_10_08_CMC_S1,31,14,68.88888888888889,31.11111111111111,14.258064516129032,68.07142857142857,Here I am. | Paul uh I sent you a couple of texts but probably you didn't get time to check it. Uh just to ask ar,I know. They uh they join us as a uh real entree. Um I'm going I'm going to give Paul a couple of mi | Okay. So good morning and welcome to the uh discussion room number four which is cell environment in,2021CMC
2021_10_08_CMC_S10,17,9,65.38461538461539,34.61538461538461,23.529411764705884,44.22222222222222,I would I would uh I guess I'll prefer to be the reporter. | I think so. Let me get myself back there.,Is there anybody who has not been a scribe yet or a reporter yet who would like to do that? | I would do one of those two. I haven't done it yet.,2021CMC
2021_10_08_CMC_S11,16,16,50.0,50.0,10.0625,89.625,Stop. | Wen okay. The whole name.,Okay so with that everybody can see their chat box and I like to get the business side of this done  | All right. So the number is 25. And so who's closest to 25? 29 looks pretty close to 25 and 18 looks,2021CMC
2021_10_08_CMC_S12,14,4,77.77777777777777,22.22222222222222,20.071428571428573,66.25,So maybe let's take the second bullet then in the spatial proteomics because there are you know mass | I I think at least for me you've started at too high of a level of you know first you have to say wh,Right. Should we it's now 2 o'clock and by 2:15 we should have some sort of summary. So Laura I beli | Sure. Yeah does everyone have the I'm going to copy some of it into the slide. Uh but I think I like,2021CMC
2021_10_08_CMC_S13,43,14,75.43859649122807,24.56140350877193,20.488372093023255,69.0,"Yeah, that's right. Andreas was my guy for the first four sessions and he just hasn't been here, so  | Yeah. Did you I think they assigned us like lead and and co-lead. Do you want to follow that? I don'","All right. So hello everybody. Welcome to I guess one of I guess we're the second signaling at diffe | So okay, so now we would like to assign if we could someone to take notes, who would be our scribe, ",2021CMC
2021_10_08_CMC_S14,46,16,74.19354838709677,25.806451612903224,19.76086956521739,59.5625,figure out how we're going to operate. | Did you I think they assigned us like lead and and co-lead. Do you want to follow that? I don't know,All right. So hello everybody. Welcome to I guess one of I guess we're the second signaling at diffe | So so I'm Cathy Murphy. I'm at the University of Illinois. I'm a chemist. I'm a nanoparticle person.,2021CMC
2021_10_08_CMC_S2,18,7,72.0,28.0,11.777777777777779,73.71428571428571,"Mhm. Thank you. Excellent, thank you. Okay, Kathy, other Kathy from UPenn, hello. | Okay, well that's interesting, thank you. Okay, so Stefano, you're next on my screen.","We've got all kinds of people joining us here plus a bot. Okay, groovy. Okay, so we have an hour and | All right, well, while we're waiting for Adam to turn into Masha, we have to have someone be the rep",2021CMC
2021_10_08_CMC_S3,23,7,76.66666666666667,23.333333333333332,12.304347826086957,83.14285714285714,"That's right, but I would rather not do it. I am connecting from Europe and I have very bad internet | 30 yeah, you're the next closest to 47 except for Gant who is disqualified.","All right, you guys ready to go? I'm Erika Matunis. I am your moderator here and I'm a cell biologis | Completely fair. Okay, let's take the next number. Who's that going to be? Haoran? Oh no, Gant, but ",2021CMC
2021_10_08_CMC_S4,26,7,78.78787878787878,21.21212121212121,16.0,82.71428571428571,"we know we're going to need to assign a recorder. So what I was going to suggest is if you could fin | In nine days, okay. Is there anybody who's closer than that? Silence out there. It sounds like a so ",I have not. So I'll be I'll be doing it. | So I think I think you are our reporter. And then the other thing I think we'll need to do is do aga,2021CMC
2021_10_08_CMC_S5,34,18,65.38461538461539,34.61538461538461,8.852941176470589,53.94444444444444,"Here I am. | Paul, I sent you a couple of texts but probably you didn't get time to check it. Just to ask, are yo","I know. They join us as a radio entry. I'm going to give Paul a couple of minutes to join me, my co- | Okay. So good morning and welcome to the discussion room number four, which is cell environment inte",2021CMC
2021_10_08_CMC_S6,22,15,59.45945945945946,40.54054054054054,22.318181818181817,58.333333333333336,"That's great. Yes, I think we are getting hungry. Sorry about that. It's close to lunchtime for thos | You probably, it's a nice, you know, makes it parallel, symmetric.","Good morning. I think that Rommie is going to be leading this, so I was just giving her a moment to  | We will get there. Okay, great. So the other thing that I need to, that we need to do is assign a sc",2021CMC
2021_10_08_CMC_S7,21,8,72.41379310344827,27.586206896551722,21.761904761904763,55.125,"her a moment to join. If we don't hear from her in a minute or two, I'll I'll move things forward, b | Hello. Hi Rommie, you can get us started. Great. How is everyone doing?","So hi everyone. I think that in the interest of time we'll get started. I don't know where Rommie is | Good. Okay. Should we um let me see, hold on one moment. I'm trying to pull up. I guess we could go ",2021CMC
2021_10_08_CMC_S8,21,12,63.63636363636363,36.36363636363637,33.476190476190474,26.416666666666668,"Yeah, so Paul, who's the primary? Who who wants to do the setup and then | Well, you're supposedly the primary, but yeah.","Sure. Sure, I'll I'll then do the setup of the logistics and all of that for this one. What do you s | Sounds great.",2021CMC
2021_10_08_CMC_S9,19,9,67.85714285714286,32.142857142857146,18.105263157894736,56.0,"Go ahead. Mine is March 19th, not very close. | May 22nd. I bet we've got somebody closer than that although maybe not.","Okay, it looks like we've got most of the people that we're supposed to have here. Um we're all here | My my birthday is July 30 uh July 17 but I just did another reporter.",2021CMC
2021_04_22_MND_S1,39,12,76.47058823529412,23.529411764705884,15.35897435897436,30.5,"Well, thank you. Flavio. | Yan Xiao.","Um for I think everybody is aware that we are in the metabolites, metal ions and small molecules um  | Do you have access to the um Google Drive folder?",2021MND
2021_04_22_MND_S3,8,4,66.66666666666667,33.333333333333336,12.75,41.5,"Yeah, so so so so if we're going to okay, so if we're to model the uh you know, or use a vagus nerve | Because my question is pretty generic because it seems like eventually it will all go down to what i",and maybe I can start you you pose a very large question. Uh and I'll also remain mindful of time. I | we just got this message from Andrew and uh we need to identify a few big ideas to uh report out. Uh,2021MND
2021_04_22_MND_S4,23,11,67.6470588235294,32.35294117647059,16.130434782608695,26.09090909090909,I can go next. So my name is Michael Burton. I am a fourth year assistant professor at the Universit | She can't.,I think everybody is aware that we are in the metabolites and ions and small molecules. And we have  | Um and it's going to be the person who will report out to the larger group as well. Um do we have an,2021MND
2021_04_22_MND_S5,14,10,58.333333333333336,41.666666666666664,21.214285714285715,26.0,"Okay. Who wants to go next? | All right, who who needs to go next?",Make sure and choose a recorder and take a minute or so to think about getting started. | the the main thing we're supposed to address is this question I just dropped into the chat.,2021MND
2021_04_22_MND_S6,29,14,67.44186046511628,32.55813953488372,12.931034482758621,35.357142857142854,Now your focus of the question was what are the the means you think that we can use uh to modulate t | just open the question.,Um and I feel like we're at least us we're in the business of building tools um but we need to know  | Don't forget about the overall microbiota that can easily samples every two hours even if you want. ,2021MND
2021_04_22_MND_S7,21,9,70.0,30.0,14.095238095238095,50.44444444444444,"I'm always frozen. Are there any other ideas that we want to discuss? | All right, yes, we just got our uh message. Yep, we're we're about 15 minutes left, so we should sta","Maybe then to to like keep drilling down on that to get even more granularity, like could we for the | to just bring in for a minute here to to give people sense of where we are time wise. We probably ha",2021MND
2021_04_22_MND_S8,13,3,81.25,18.75,16.153846153846153,50.333333333333336,"question and let me just preface this by saying that um calling something a biomarker in my lab is p | So, I don't I don't know if that's a useful comment um but maybe just to to think about whether that","Yeah, I was just going to mention that that we're supposed to I think take the last 10 minutes to ki | So are are any of you also working off of the Google slides? Because I think we'd all be able to edi",2021MND
2021_04_23_MND_S1,23,4,85.18518518518519,14.814814814814815,13.043478260869565,82.25,"Sensing and regulation is a big part of the plan here. But for now, we're in the very preliminary st | So, Faranak, I think we should talk about your ENS essay a little more.","Yeah, so just sort of think of your gut as this anaerobic bioreactor and it's full of, you know, gre | So do you think the next step in the field would be to now take all of these interesting cues and va",2021MND
2021_04_23_MND_S10,31,3,91.17647058823529,8.823529411764707,10.290322580645162,32.333333333333336,"Yeah, nice to see you too. Looks like we're going to do this uh facilitate this one together. | Yeah, sounds great.","So I I want to steer the pot a little bit and say that, um, I've heard great comments about, um, neu | Uh, no, if you want to if you want to do it, absolutely happy. I mean you had a lot to to add to the",2021MND
2021_04_23_MND_S11,28,5,84.84848484848484,15.151515151515152,15.714285714285714,20.8,and do the reporter then. | You want to report? Does anyone want to take notes while we while we chat?,"Melanie, you're going to take the note? Okay, I'll just write it here. Recorder Melanie, all right? | How report out card is on 54. The question is on 50, yes.",2021MND
2021_04_23_MND_S12,11,5,68.75,31.25,18.454545454545453,27.8,So I haven't been um in the same room with everybody here. I presume that that's the case since I th | So I'm sure everybody's on a different place on everybody else's screen. So I'm just going to ask pe,"Hello everyone. Hi, good afternoon. Welcome to breakout room, um, 3.3 I think we are. Um, so communi | So now we're very much interested in trying to really uh unravel the relationship between uh and how",2021MND
2021_04_23_MND_S13,35,7,83.33333333333333,16.666666666666668,11.514285714285714,23.714285714285715,"So you lead us to the next person. You tell us who the next person. | Oh, and I see the next one. Sorry.","All right, so I put the questions on the chat. I I know that you have seen the questions and you kno | So what about three? So I think we have 15 minutes left or so. So yeah, is now a time a good time to",2021MND
2021_04_23_MND_S14,31,8,79.48717948717949,20.512820512820515,14.741935483870968,29.875,"recorder Melanie, all right? | So if I'm oriented correctly, we are our prompts or our questions are on slide 50. Is that right?","Our report out card is on 54. The question is on 50, yes. | I'm I'm curious. I personally we don't really study microbiome yet, but uh over the past several day",2021MND
2021_04_23_MND_S15,30,12,71.42857142857143,28.571428571428573,9.866666666666667,52.833333333333336,Matt can be our facilitator. | Indeed.,"We're missing a couple people and the facilitator, but I was hoping, I mean, who is our facilitator? | I know, but others may not know you. Just give a uh one sentence about yourself. I know you are in u",2021MND
2021_04_23_MND_S16,19,6,76.0,24.0,19.105263157894736,108.33333333333333,"Um, should we do the 30 second intros before we get started? All right. Heather, do you want to star | All right, thank you. Uh, Jean Key.","the rest of us can also take notes to help you and you have the option to either um take notes on th | Um, I was going to say because I think what we've been talking about is addressing question two, wha",2021MND
2021_04_23_MND_S2,34,6,85.0,15.0,15.235294117647058,34.833333333333336,"everyone's names and um everyone can introduce themselves. Hi Richard. | All right, how about we start with uh Stev Rula.","All right, um we will choose a reporter and then we'll take a minute to also write down our thoughts | Here here's my proposal is May if you want to be the reporter and also take notes but then Stephanie",2021MND
2021_04_23_MND_S3,14,3,82.3529411764706,17.647058823529413,25.357142857142858,21.0,"are all these other associated microbes with many, many more genes that are influencing the process  | So people could volunteer and if they don't, uh maybe we'll start calling on them.","that you're held as in highest esteem and you get to talk at the end. | Okay, I tell you what I'm going to do is I'm gonna uh close my eyes, I'm gonna point to the screen a",2021MND
2021_04_23_MND_S4,24,10,70.58823529411765,29.41176470588235,16.875,20.0,We need a reporter. | Any volunteers?,I'm happy to record this time. | I can do it. I'll do my my turn now and then sit out on the next one.,2021MND
2021_04_23_MND_S5,30,7,81.08108108108108,18.91891891891892,16.666666666666668,30.571428571428573,"Thanks Kai. Yeah, I heard about your work last night. It's super awesome. Uh welcome welcome Angela. | Thanks Stephanie, Sarah.","Thanks Aaron. All right, um we will choose a reporter and then we'll take a minute to also write dow | Here here's my proposal is May if you want to be the reporter and also take notes but then Stephanie",2021MND
2021_04_23_MND_S6,25,7,78.125,21.875,29.68,19.285714285714285,"I'm Judith Eisen. I'm a faculty member at the University of Oregon and the Institute of Neuroscience | Oh, I'm sorry. I'll have to fix this.","Fantastic. So, um, who wants to volunteer to be the scribe? | We can see it in real time though on if we all have the Google Drive open in another browser tab. So",2021MND
2021_04_23_MND_S7,32,2,94.11764705882354,5.882352941176471,10.6875,225.5,"Thanks. Mark? | is a great team from competition computational scientist to microbiologist, immunologist, early life","Yes, I think computational science is getting there. Uh if you want to understand at the metabolite  | Yes, I think if you just copy paste the main lines and then we can fill in the words, that would be ",2021MND
2021_04_23_MND_S8,16,12,57.142857142857146,42.857142857142854,20.375,48.666666666666664,"Guys, are you ready? I think this is a great group because I heard a lot from people that work with  | Um, should we go question by question or do you want to just share your thoughts?","And while you're thinking about it, we need a scribe. And so I should have asked before for a scribe | I'm I'm happy to be the scribe.",2021MND
2021_04_23_MND_S9,8,4,66.66666666666667,33.333333333333336,19.625,69.25,"Um, so let's start uh with introducing ourselves. Um, again, I'll start. I'm Bob Bryan, professor uh | Are we missing anyone?","So communications between the gut and the brain. And on this breakout group, we have uh a number of  | Yes, that can be done. Uh but the question is that the metabolite uh library is vast and which one a",2021MND
2021_09_30_MZT_S2,6,3,66.66666666666667,33.333333333333336,83.83333333333333,25.0,"I will say I can't brainstorm and listen and write at the same time. It would be really nice if the  | I I was just going to since I just popped up, uh, I'm Mike Wimberly. I am the facilitator for this g","Lauren, do you want me to take notes for a second so that you can like talk for a little bit? I don' | Well, I'll take them somewhere else and fill them in in a minute.",2021MZT
2021_09_30_MZT_S3,23,5,82.14285714285714,17.857142857142858,13.826086956521738,40.4,Thank you. The next on my uh screen is uh Dr. Huet from uh University of Georgia and please correct  | Thank you. Uh next on the screen is uh Dr. Medina from USDA.,"I see that I was muted. I'm a chemist. Uh my lab works on discovery of new antibiotics from natural  | Richard, since you're on and you're probably going to pop back out, can you tell us again what the t",2021MZT
2021_09_30_MZT_S4,18,2,90.0,10.0,13.555555555555555,14.0,I said I would give a heads up uh we're at the 15 minute mark and and uh I believe we're we're there | We're good.,"If I share my screen, I can share the slide and then we can all kind of see what's on it and talk ab | Yeah, and I think you can fill it in real time.",2021MZT
2021_09_30_MZT_S5,15,4,78.94736842105263,21.05263157894737,9.066666666666666,44.5,So let's maybe focus on that for a while. That little sector to that piece that you've carved out th | So what would you like me to record? Ask this aspect.,"Pilar was saying, but I I think we cannot start talking about transmission chain without thinking ab | That's good. I want to circle back. We we've spent some time talking sort of about the end of the tr",2021MZT
2021_09_30_MZT_S6,6,4,60.0,40.0,15.833333333333334,32.5,I do computer so I can do it. | You can throw our names in there and whatever. Um we'll help at the end of the session to help you s,"Cool. Okay, thank you everybody. So now selecting a recorder. Um, most people will get a chance to d | Everyone's cool with that. So you have access to the slide right Joyce that you can pull up from the",2021MZT
2021_09_30_MZT_S7,54,23,70.12987012987013,29.87012987012987,20.38888888888889,50.608695652173914,"Not sure if it's going to let me share this screen here. So I you know what, I'm not going to waste  | Yeah, that would be great if you have it. Thank you. Yeah.","think we might have everyone here. Um, okay, well welcome. This is a breakout for the um evolution a | Um, I think what we'll do is we'll start with the um I'll put up here I'll share my screen and we'll",2021MZT
2021_10_01_MZT_S1,18,7,72.0,28.0,23.944444444444443,38.0,"I also want to mention that I am not feeling well at all, so I don't know how long I'll be able to s | Uh, I think I I don't know Christine.",So I think the next task is the nomination or volunteering of someone to be the recorder reporter. A | I would be happy to actually do that. This is Sarah.,2021MZT
2021_10_01_MZT_S11,23,8,74.19354838709677,25.806451612903224,25.91304347826087,52.25,"So there's a few names that are on our list that are not here. I don't know if that means that they' | This is just to remind you, it's probably also in the in the brochure that is on the Google link.","But does everybody see the PowerPoint slide right now? Yeah. Okay, so just like yesterday. So I actu | So the one that that I now posted are the ones that we have for for our discussion. So for uh for nu",2021MZT
2021_10_01_MZT_S2,20,9,68.96551724137932,31.03448275862069,17.85,35.55555555555556,"Sure, yeah, and I there a couple of people were actually in our group, we had Kim, right? And uh and | Let me uh let me find the Google.","Okay, terrific. Okay, so what we'll do um while Adela pulls that up, um we'll uh go around like we d | So everybody if you just um while Adela is doing that if you can just take it to write down a few of",2021MZT
2021_10_01_MZT_S3,26,19,57.77777777777778,42.22222222222222,19.73076923076923,69.0,"But I'll introduce myself anyway. I'm Peter Dorhout, I'm the Vice President for Research at Iowa Sta | Now, if you did it yesterday, you don't get to do it again today. In fact, you're off the hook.","Um, one of the first things I'd like to do before we we start um intros is to uh ask for a volunteer | But uh um would love to have someone step up and uh and represent the group. Or we're going to play ",2021MZT
2021_10_01_MZT_S4,35,11,76.08695652173913,23.91304347826087,19.485714285714284,43.36363636363637,All right. Do you want to tag the next person? | And I will tag Angela.,"Yeah, I'm I'm doing the same. So you know what group we're in. We are in 2.4 and we have some prompt | Hi. Uh, my name is Justin Ball. I'm at the University of Georgia. I apologize if it looks like I'm n",2021MZT
2021_10_01_MZT_S5,33,12,73.33333333333333,26.666666666666668,19.90909090909091,38.583333333333336,"Yeah, um, do we want to put up the share screen of that uh those prompts? | I have um yeah, I think I have them on a slide.","Why don't you get us rolling and then we can take a minute for people to jot down their ideas and th | Um, name, institution, discipline, research and I added on another icebreaker as I like to do, which",2021MZT
2021_10_01_MZT_S7,23,5,82.14285714285714,17.857142857142858,27.217391304347824,38.0,"Yeah, this is the first session. There's been two of us, so uh. | Yeah, so maybe just to stick with the same model as the other sessions, we can do a quick round of i","Uh, welcome everyone. I think that uh Amy, you and I are the facilitators. | Let's we'll need a reporter and I'm going to attempt to share my screen and put the prompts up for j",2021MZT
2021_10_01_MZT_S8,25,6,80.64516129032258,19.35483870967742,9.68,29.333333333333332,"Well let's give it a couple minutes here just in case someone's still coming back from lunch. | So quick count, six.","Okay, welcome to the vaccines group. We'll go ahead and just hop through this introductory stuff. Um | Who's done it? Adela, I think you've done it.",2021MZT
2021_10_01_MZT_S9,26,15,63.41463414634146,36.58536585365854,13.307692307692308,58.86666666666667,"And it looks like everyone who was assigned here is here. We may have some guests pop in, but um, I  | So Christine, would you like to start us out and uh, and launch us off or uh, how would you like to ","Yeah, Peter, I'd love to hear if you have thoughts on the best ways to sort of make good of the time | I'd be happy to do it, no worries.",2021MZT
2021_11_04_NES_S1,14,16,46.666666666666664,53.333333333333336,16.428571428571427,26.875,Right how desirable it is even in the bigger scheme of things right. Um yeah that's that's great. Um | Yeah I wasn't going to put everybody's name.,So yeah so again our purpose is to distill this down into three or four not to do a verbatim summary | I think it might be easier because if you just pull up the link then we can all look at it. Exactly ,2021NES
2021_11_04_NES_S2,13,6,68.42105263157895,31.57894736842105,15.692307692307692,41.833333333333336,"I I think this goes to one of the questions in our prompt, right, which is | Okay, so I just did some organizing stuff at the top, all of our names, the questions we were given,",I I think one of the challenges um definitely down the road is um how are the the policy and the leg | Other thoughts that you want Katherine to uh transmit to the rest of the group. Remember that that f,2021NES
2021_11_04_NES_S3,49,19,72.05882352941177,27.941176470588236,13.346938775510203,43.578947368421055,We need at least one. | I'll do it group.,"Okay, so I think we're going to get started. Uh I feel like we're missing a couple of people, but I  | Um and I'll be kind of making sure that um that we stay on time and things like that. Uh we have an ",2021NES
2021_11_04_NES_S4,29,8,78.37837837837837,21.62162162162162,10.03448275862069,44.0,Great. Gary. | Kelsey.,"Okay, we all at least have heard once what we do. Um, okay, so uh basically the the the next item on | Uh yeah. So I'm just if just so everybody knows there's a there's a Google document where I'm actual",2021NES
2021_11_04_NES_S5,22,9,70.96774193548387,29.032258064516128,15.181818181818182,44.77777777777778,So does anybody want to kick off with introductions? | Do you want to pick someone to go next then?,"All right, well I'll just start picking on people uh as they appear on my screen and we can just do  | Awesome. Hi, I'm Andrea Hicks. I'm at the University of Wisconsin Madison. Actually our offices are ",2021NES
2021_11_04_NES_S6,23,14,62.16216216216216,37.83783783783784,26.565217391304348,53.285714285714285,"Great, thank you, George. That's fascinating. Okay, let's go to Pratik next. | Hi everyone, my name is Pratik Dholabhai. I'm from Rochester Institute of Technology. The grand chal","Okay, well, welcome everybody. It's great to see you all. I'm really excited about this meeting. I t | Okay so we've heard a lot of great ideas. We've heard about the ocean we've heard about liquid sorbe",2021NES
2021_11_05_NES_S1,72,15,82.75862068965517,17.24137931034483,14.36111111111111,23.4,"Venkat, you're a very busy man. We need to after last dialogue we actually start to collaborate. | I mean I think they should they should allow facilitators to also be brought in as a free agent.",Second Scilog facilitating one one Scilog participating. Okay I can project the prompts. You want to | Great. I won't ask the bots to introduce themselves. So I think Venkat already introduced them. So w,2021NES
2021_11_05_NES_S10,38,10,79.16666666666667,20.833333333333332,12.394736842105264,60.2,"Okay, um, in the interest of time, hopefully everyone's here and maybe a few people will join. Um, s | So uh because I'm actually at ASU, so Matt, I'm going to pick on you since you're a colleague.","Um, I'd like to start first with uh going around and doing very brief introductions, name affiliatio | Or what are the prospects of carbon neutral hydrogen generation and are carbon neutral solar fuels d",2021NES
2021_11_05_NES_S11,26,15,63.41463414634146,36.58536585365854,15.115384615384615,67.53333333333333,"We are the topic of modeling across scales and abstractions, however abstract that might sound. | Welcome. Um next on my screen is Carlos.","Or as as Venkat wants to call it the modeling heaven or or hell, whatever you prefer to whichever si | And then we will go ahead and um assign uh two people I would suggest, a recorder and a reporter and",2021NES
2021_11_05_NES_S12,30,14,68.18181818181819,31.818181818181817,14.7,25.857142857142858,Hello everyone. I got back to the meeting just as we were being sent to uh breakouts. So can we conf | Um am I the only facilitator here?,"Um so why don't we do quick introductions around after we do interruption introductions, we're going | Okay, so um at this point, I would like you all to take two minutes and write down some topics that ",2021NES
2021_11_05_NES_S2,32,12,72.72727272727273,27.272727272727273,19.71875,47.916666666666664,"Hi everyone, I'm Yayuan Liu. I'm assistant professor at Johns Hopkins. So relevant to negative emiss | Hi everyone. Uh, I'm assistant professor in the mechanical engineering department of the University ","topics uh as they relate to carbon capture broadly speaking, um now considering all different types  | Yeah, hi everybody. Thank you Ellen. Um my name is Chris Jones. I'm uh professor and I'm chair of ch",2021NES
2021_11_05_NES_S3,57,14,80.28169014084507,19.718309859154928,11.0,31.357142857142858,"So, whoever wants to go next. | Chao, go ahead.","All right, well before I uh hopefully show our our questions, um how about uh if we can get a volunt | I'm happy to report. I just need the link to the Google Doc, I think because I'm not technically sav",2021NES
2021_11_05_NES_S4,51,25,67.10526315789474,32.89473684210526,13.568627450980392,62.56,I was going to suggest that you take the lead on this one. I was facilitating on my own yesterday on | Lovely lovely yes sure and then feel free you know to interrupt and contribute in any way you think ,Thank you for thank you everybody for for joining. I guess that you're all quite experienced now at  | Awesome. I think that's everybody that I can see. Did I miss anyone? Please speak up. I think that w,2021NES
2021_11_05_NES_S5,39,25,60.9375,39.0625,18.41025641025641,32.0,"Yeah, it's a good one. Since you're listed as first facilitator, I'll let you take the lead here. | Do we think we have everybody now?","Okay. Um so uh first order of business because I let it go too long yesterday, who wants to be the r | That is if you're willing to take that on, that's fine. It it means that you have to be attentive to",2021NES
2021_11_05_NES_S6,57,20,74.02597402597402,25.974025974025974,15.649122807017545,46.55,"I will have to apologize. I have an appointment for for my kid's passport, so I will be in the cell  | I can be the note taker.","Okay, so there's nine of you. Nominally there should be 10. We had this same issue yesterday where w | So I'm going to leave this open. So what I need first of all is to identify, you can see down here, ",2021NES
2021_11_05_NES_S7,49,12,80.32786885245902,19.672131147540984,12.326530612244898,27.166666666666668,"Give people another minute or so to get on. | Okay. In the interest of time, hopefully everyone's here.",So welcome. My name is Ellen Stechel. I have the pleasure of facilitating this session and it's just | I'm going to pick the first person and then that person picks the next person until we get everyone ,2021NES
2021_11_05_NES_S8,29,14,67.44186046511628,32.55813953488372,12.827586206896552,55.785714285714285,"Great, thank you. Kelsey? | Great. Linsey?","It's a little bizarre we have two bots. Anyway, Jordy's going to be joining us late so I you're stuc | Great. So our next job is to pick a scribe and a reporter and I know Wilson is off limits since he d",2021NES
2021_11_05_NES_S9,32,18,64.0,36.0,10.78125,38.44444444444444,Do we have everyone here? Let's see. So 10 people. | Who's next? Who do we miss so far? Me?,"Anyway, maybe we can start with saying hello to everyone, although most of you start to know each ot | Hi, excuse me. Hi, I'm Charles McCrory at the University of Michigan. I'm work in electrocatalysis, ",2021NES
2021_06_10_SLU_S1,30,18,62.5,37.5,17.7,53.833333333333336,"It looks like we're all here. Well, thanks for joining. Um, my name is Nikki Parenteau and I already | Yep, yeah, I can make a new uh new document and.","I am open to that if no one else really wants to. | Um, so as Richard said, I think rather than recording the discussion in the slide deck, um, if you w",2021SLU
2021_06_10_SLU_S2,17,14,54.83870967741935,45.16129032258065,18.941176470588236,47.285714285714285,"So I think Tim Lions kind of started answering that question, but you know, we have to think about,  | So um um how do we go about doing this? Uh is anybody ready to discuss uh the most important questio","Um I at some point may try to kind of channel Sarah. I know quite a bit about her research. I was ev | Yeah, I I couldn't think of the reference at this moment, but I can I can search about it and if I f",2021SLU
2021_06_10_SLU_S3,31,17,64.58333333333333,35.416666666666664,29.0,69.58823529411765,"I study the interior structure and evolution of exoplanets and next on my screen is Andrew Vanderber | And you can pick someone. Oh, I need to pick someone. Coco?","know everyone in the group, but uh for we should go through the introductions just to make sure that | So hi, thank you. Sorry for being late. So my name is Lisa Kaltenegger and I'm uh working mostly on ",2021SLU
2021_06_10_SLU_S4,25,14,64.1025641025641,35.8974358974359,14.96,49.214285714285715,I think that is a great idea. | I think. I think so.,"So, um, so following along the the suggestion that Richard has made, um, we're meant to start by ask | I'm I'm up for it.",2021SLU
2021_06_10_SLU_S5,35,13,72.91666666666667,27.083333333333332,11.228571428571428,47.15384615384615,"And nice to meet everybody. I think we have everybody in except for Sarah. Is Sarah around? | Okay. Well, um, welcome everybody to group 1.2. Uh, that's uh, I think our topic is uh, a little bit","Oh, great. Thank you, Kimberly. So Kimberly is going to be our recorder and reporter. | Yeah, yeah, so I think we then created there uh, and name it group point 1.2, yeah.",2021SLU
2021_06_10_SLU_S6,22,8,73.33333333333333,26.666666666666668,19.181818181818183,40.375,"So most importantly, are you all in the Google Drive and do you know where the Google Drive is? | Everyone see that?","Okay. So in the Google Drive, if you go to virtual meeting materials, you'll see that PPTX and then  | I'm happy to do it. I feel like this is something I would learn a lot, so I'm happy to type it down.",2021SLU
2021_06_10_SLU_S7,28,17,62.22222222222222,37.77777777777778,14.535714285714286,39.470588235294116,"Right. Um, do we want to do brief introductions as well? I guess we're supposed to, right? | I mean, since I'm taking a note, I can I can just report back, right? I guess it's","Um, Tim, I I think our first order of business is to find someone uh to be responsible for taking uh | Yeah, I think that the the first I'm just reading the what they're telling us to tell everyone else ",2021SLU
2021_06_11_SLU_S1,26,16,61.904761904761905,38.095238095238095,11.807692307692308,38.25,Are we all here? Looks like it. | I can do it.,"Okay, well welcome everybody. Uh, this is uh group 2.1, how do we quantitatively interpret biosignat | Okay, great. Um, and if you I want to make sure that you have access to the document. Um, in the tha",2021SLU
2021_06_11_SLU_S10,23,13,63.888888888888886,36.111111111111114,24.652173913043477,22.307692307692307,"Just to make sure you all have access to that um group 3.3 notes template um in the uh Google Drive. | Okay, so I think we may not have everybody what we may we should probably get started. I'm not sure ","So, should we maybe do a quick round of introductions? Sounds great. And then, so I um what I would  | I think one uh item that we have to accomplish before we dive into the science discussion is to find",2021SLU
2021_06_11_SLU_S11,27,11,71.05263157894737,28.94736842105263,12.88888888888889,25.727272727272727,"another minute or so for everybody to join. | So, um, oh, I see Betul is. Okay, let me just respond to this quick message.","Yeah, we'll help synthesize the bullet points for the report out. | I can do it, but I will need a link to a collection.",2021SLU
2021_06_11_SLU_S12,26,16,61.904761904761905,38.095238095238095,12.692307692307692,44.3125,"What is our topic? | And of course yeah, if you guys are done after a minute writing down, uh you can certainly uh introd","Uh it's what are the external factors that impact the habitability of entire planetary systems and o | Hey folks, I did Lisa, uh Kaltenegger is uh supposed to be facilitating, but I didn't see her uh bac",2021SLU
2021_06_11_SLU_S13,31,8,79.48717948717949,20.512820512820515,11.64516129032258,54.25,"Tori, we've still been even though we're progressed into day two, we've still been doing introductio | Continue to familiarize everyone with everyone else.","So do we um two things, one would be the introductions as you've been doing just a brief statement o | Great. Is it worth me going through our brief, well not so brief, but uh description of so we are ex",2021SLU
2021_06_11_SLU_S2,20,5,80.0,20.0,14.45,110.0,"Great, thank you. Hilka. | Morgan Raven, not necessarily great at multitasking, trying my best. Um, I figured out what number o","I was reading through the way the topic was written up. Um, and it might well have been written up b | So I'm going to suggest that um this is a really obvious bullet point for for our report out and pro",2021SLU
2021_06_11_SLU_S3,23,7,76.66666666666667,23.333333333333332,16.869565217391305,85.85714285714286,"And um and then also try to, you know, sort of riff as we go through this in ways getting all of you | Good. Thank you. And next is Rica.","So you know again, I know some of you not all of you. I we are time scale for the birth of the biosp | There's been an awful lot of discussion about exoplanets, but we're not limited to that of course. U",2021SLU
2021_06_11_SLU_S4,31,12,72.09302325581395,27.906976744186046,15.580645161290322,54.083333333333336,"But Lisa, do we have a recorder? | Oh, that's a good idea. Okay, so let's wonder who is going to do the job.","second intro where who they are, what they do, and then uh we can start the discussion. Would that w | Oh, yeah, but the the yes, we can also do the recorder first. We did last time we introduced each ot",2021SLU
2021_06_11_SLU_S5,13,4,76.47058823529412,23.529411764705884,15.0,73.5,"Great, thank you. Hilka. | Okay, thanks. Morgan.","Morgan, I I see you tapping, but you have you're muted. You'll do it. Okay, awesome. Thank you. Appr | So I'm going to suggest that um this is a really obvious bullet point for for our report out and pro",2021SLU
2021_06_11_SLU_S6,21,13,61.76470588235294,38.23529411764706,16.857142857142858,62.53846153846154,"Okay, I think we have everybody who's going to join. | Okay. Uh let's go to Courtney.","So I think we'll just get started. I'm Daniel, I think I know everybody or almost everybody here and | So and just to keep this moving efficiently, I will ask everybody who introduces themselves, when th",2021SLU
2021_06_11_SLU_S7,27,12,69.23076923076923,30.76923076923077,18.25925925925926,27.583333333333332,"I did it. I exempt. | Okay, we have one exempt.","All right, welcome everyone. Um, Sean and I are your facilitators today or this for this hour at lea | Uh, I I'll do it.",2021SLU
2021_06_11_SLU_S8,19,12,61.29032258064516,38.70967741935484,11.842105263157896,30.333333333333332,Who who's taking notes on prior prior breakouts? | Is there anyone that hasn't taken notes yet?,"Okay, so um would one of you like to take notes since it looks like Joe and Chris have previously. | Um, and Courtney if uh since you're doing the work, I think you get to choose if you want to present",2021SLU
2021_06_11_SLU_S9,28,11,71.7948717948718,28.205128205128204,14.821428571428571,59.09090909090909,"I think we're supposed to have like ten people and also Lisa is not online. | Yeah, I was just thinking discussion lead.","That's what are the external factors that impact the habitability of entire planetary systems and or | Maybe in the meantime, uh you guys can take a moment, look at the prompt and write a few thoughts do",2021SLU
2022_04_07_MND_S1,28,5,84.84848484848484,15.151515151515152,14.964285714285714,21.8,"use that for the basis of our conversation. | fellow. And once we've done that, we need to maybe she had to choose someone or someone can voluntee","We are in breakout room one. Oh, which yeah, there's about B5. Do you agree with that? But B4, those | Elizabeth, you're you're cutting off, would you share her screen so we can summarize highlights and ",2022MND
2022_04_07_MND_S2,29,17,63.04347826086956,36.95652173913044,9.03448275862069,34.294117647058826,"Yeah, sounds good. | Great. So let's just take a couple minutes and jot down some ideas.",to write down a few ideas and then we will I think after that we'll do introductions and then we'll  | Yeah. So our topic is uh bio sensing and um some of the kind of some of the prompt questions that I ,2022MND
2022_04_07_MND_S3,12,4,75.0,25.0,16.333333333333332,32.0,Very good Dr Wang. | Thank you BOT3 someone is record is part of that study isn't it I covered there we wanted.,"I'm happy to do it I just can't find where the slide is. | With that background, I want to hear from you that what do you what do you think about the role of e",2022MND
2022_04_07_MND_S4,33,3,91.66666666666667,8.333333333333334,15.181818181818182,29.666666666666668,"2, 4, 6, 7. Well, no, we have six because both four I don't think is a person. So, I don't think tho | I guess we can get started with introductions.","And if we're missing someone, that someone will, you know, come in the meantime. Is that okay? So I' | That's the topic. And I just put on the comments box, um, the description of our breakout session an",2022MND
2022_04_07_MND_S5,25,7,78.125,21.875,9.4,41.285714285714285,Thank you. That was that was great. Erin. | That's great. Thank you.,"That's great. So I put the question in the, I don't know if you guys see the in the chat. I put the  | There is a word doc that if you go into the Google Drive, do you have are you in the Google Drive? I",2022MND
2022_04_07_MND_S6,19,6,76.0,24.0,24.31578947368421,31.833333333333332,"write down who who they are. Why don't why don't we start with you though, okay? | Well, I'll work my way through this because that way I don't need to actually take notes when I'm ta","If you open that up, there will be uh I think the is the PowerPoint presentation in there? No, it's  | Okay, let's move on to the next point. I think we're going to come back to this on the third point, ",2022MND
2022_04_08_MND_S1,29,7,80.55555555555556,19.444444444444443,13.275862068965518,23.857142857142858,"Yeah, that's was the other thing I was gonna ask about. Um | I can put them in the chat here.",We also had to have to decide who is reporting out and taking notes. | Then the questions the questions are on slide 32 of the slide deck.,2022MND
2022_04_08_MND_S10,10,3,76.92307692307692,23.076923076923077,38.7,81.33333333333333,"And Faranak from UCSF, I know she's here as well, so. | inflammation, autoimmunity and gut brain access. Let me um I'll write it in the chat. But kind of st","This is 3.04 and we're waiting for Gianna, Faranak, Lisa and Christopher Whitby, but I didn't see Ch | Yeah, I'm uh let me share my screen. I'm um I have the notes together here, as you can see. Um I've ",2022MND
2022_04_08_MND_S11,35,11,76.08695652173913,23.91304347826087,14.771428571428572,25.636363636363637,Do you want me to put the questions or the prompts in the chat? | Can everybody see that?,"Yeah, so that's that's the um the breadth of our uh topic for for this particular session. So what's | I I won't have much to contribute intellectually to this conversation. I'm really just here to learn",2022MND
2022_04_08_MND_S12,2,0,100.0,0.0,7.5,,Should we wait for someone else or we are just only us? | This is 3.04 and we're waiting for Gianna.,,2022MND
2022_04_08_MND_S2,42,8,84.0,16.0,10.619047619047619,42.75,"Um and go to Ilian. | Email me, email me. Okay.","I point to people so so we have an order. I can go next but I think most of you heard from me yester | So I'm at the University of British Columbia. My background is in physics, but I'm currently appoint",2022MND
2022_04_08_MND_S3,22,4,84.61538461538461,15.384615384615385,12.454545454545455,45.0,Side note. | I have something interesting to share in my nutrition class now starting in the fall. We can go back,"Um and then I guess the the big question, the big health related question is um is it possible that  | In fact, could everybody say a little bit about their background when they when they speak? Yeah.",2022MND
2022_04_08_MND_S4,10,7,58.8235294117647,41.1764705882353,9.9,46.857142857142854,"According to the rules, I cannot be reporter because I was reporter yesterday, so I will back up. | Um, so somebody else can do it.","Okay, thank you very, very much. That's great. Um, so why don't we go around and just quickly introd | Okay, well, great. Now we all know each other. Um, so they gave us three bullet points to organize o",2022MND
2022_04_08_MND_S5,20,16,55.55555555555556,44.44444444444444,7.1,30.4375,"I think so, yes. I can start. I'm Ali Keshavarzian, I'm a gastroenterologist with interest in gut br | Thanks, Stephanie.","So Ali, I don't know how you want to do this. Should we do introductions first and then look at the  | Yeah, we'll be a good team that way. So I my lab studies brain aging and Alzheimer's disease and we'",2022MND
2022_04_08_MND_S6,1,1,50.0,50.0,8.0,43.0,"See if people keep showing up. We've got 3, 6, 7, not bad.","That's maybe it. Okay. So we seem to be a little less than it's on the spreadsheet. Uh, yesterday we",2022MND
2022_04_08_MND_S7,34,9,79.06976744186046,20.930232558139537,13.823529411764707,66.44444444444444,"I just have to apologize. I got to leave in 20 minutes to get to my class. Uh, so yeah, I'm teaching | Okay, so Emily, again, we need a volunteer, someone who can take minutes, synthesize, what do we cal","I mean, I can volunteer. | So we're going to think about a phase one two clinical trial. Try to bring the level down. Is it spe",2022MND
2022_04_08_MND_S8,24,7,77.41935483870968,22.580645161290324,12.083333333333334,34.57142857142857,"So we are doing uh model organisms. Should we because not everybody knows each other, should we go a | Let's do that. Uh Annika, do you want to start?","Yeah, um this is the first one I've been where there's a co mentor, but I'm happy to let Barbara dri | So, our prompt, you know, just for a few moments of reflection is, many studies can be done on anima",2022MND
2022_04_08_MND_S9,34,8,80.95238095238095,19.047619047619047,11.205882352941176,37.625,"I think we're missing a few people, but I don't know if they're coming. | So um, I guess um, AO, you can go next.","So what I've been doing on my other facilitated sessions is we start by introducing yourselves. Is t | Since you were not here, you don't know that when you finish introducing yourself, you should pass i",2022MND
