session_id,bin_sec,bin_min,n_cdp,entropy,conference
2020_11_05_NES_S1,0,0.0,3,0.9182958340544896,2020NES
2020_11_05_NES_S1,1800,30.0,5,0.7219280948873623,2020NES
2020_11_05_NES_S1,2400,40.0,2,1.0,2020NES
2020_11_05_NES_S2,0,0.0,5,0.7219280948873623,2020NES
2020_11_05_NES_S3,0,0.0,1,0.0,2020NES
2020_11_05_NES_S3,1200,20.0,1,0.0,2020NES
2020_11_05_NES_S3,2400,40.0,4,1.0,2020NES
2020_11_05_NES_S3,3000,50.0,5,0.9709505944546686,2020NES
2020_11_05_NES_S4,0,0.0,6,0.9182958340544896,2020NES
2020_11_05_NES_S4,1800,30.0,3,0.9182958340544896,2020NES
2020_11_05_NES_S4,2400,40.0,1,0.0,2020NES
2020_11_05_NES_S5,0,0.0,2,1.0,2020NES
2020_11_05_NES_S5,3000,50.0,5,0.0,2020NES
2020_11_05_NES_S6,0,0.0,2,0.0,2020NES
2020_11_05_NES_S6,600,10.0,2,1.0,2020NES
2020_11_06_NES_S1,1200,20.0,1,0.0,2020NES
2020_11_06_NES_S1,1800,30.0,1,0.0,2020NES
2020_11_06_NES_S1,2400,40.0,2,1.0,2020NES
2020_11_06_NES_S10,600,10.0,2,1.0,2020NES
2020_11_06_NES_S10,1200,20.0,2,0.0,2020NES
2020_11_06_NES_S10,2400,40.0,1,0.0,2020NES
2020_11_06_NES_S11,0,0.0,4,0.8112781244591328,2020NES
2020_11_06_NES_S11,1800,30.0,3,0.9182958340544896,2020NES
2020_11_06_NES_S11,2400,40.0,1,0.0,2020NES
2020_11_06_NES_S12,0,0.0,1,0.0,2020NES
2020_11_06_NES_S12,1200,20.0,5,0.9709505944546686,2020NES
2020_11_06_NES_S12,1800,30.0,1,0.0,2020NES
2020_11_06_NES_S12,2400,40.0,3,0.9182958340544896,2020NES
2020_11_06_NES_S2,0,0.0,5,0.9709505944546686,2020NES
2020_11_06_NES_S2,600,10.0,3,0.9182958340544896,2020NES
2020_11_06_NES_S2,1200,20.0,1,0.0,2020NES
2020_11_06_NES_S2,3000,50.0,6,0.9182958340544896,2020NES
2020_11_06_NES_S2,3600,60.0,6,1.0,2020NES
2020_11_06_NES_S3,1800,30.0,2,1.0,2020NES
2020_11_06_NES_S4,600,10.0,1,0.0,2020NES
2020_11_06_NES_S4,1800,30.0,5,0.9709505944546686,2020NES
2020_11_06_NES_S4,2400,40.0,3,0.9182958340544896,2020NES
2020_11_06_NES_S7,0,0.0,9,0.9182958340544896,2020NES
2020_11_06_NES_S7,1200,20.0,2,1.0,2020NES
2020_11_06_NES_S7,2400,40.0,1,0.0,2020NES
2020_11_06_NES_S7,3000,50.0,5,0.9709505944546686,2020NES
2020_11_06_NES_S8,0,0.0,19,0.9819407868640977,2020NES
2020_11_06_NES_S8,600,10.0,4,1.0,2020NES
2020_11_06_NES_S8,1200,20.0,1,0.0,2020NES
2020_11_06_NES_S8,1800,30.0,1,0.0,2020NES
2020_11_06_NES_S8,3000,50.0,2,0.0,2020NES
2020_11_06_NES_S8,3600,60.0,3,0.9182958340544896,2020NES
2020_11_06_NES_S9,0,0.0,11,0.9456603046006402,2020NES
2020_11_06_NES_S9,600,10.0,4,0.0,2020NES
2020_11_06_NES_S9,3000,50.0,10,0.7219280948873623,2020NES
2021_05_20_ABI_S1,0,0.0,14,0.5916727785823275,2021ABI
2021_05_20_ABI_S1,3000,50.0,9,0.7725068857142601,2021ABI
2021_05_20_ABI_S1,3600,60.0,6,0.0,2021ABI
2021_05_20_ABI_S1,4200,70.0,1,0.0,2021ABI
2021_05_20_ABI_S2,0,0.0,16,0.3372900666170139,2021ABI
2021_05_20_ABI_S2,600,10.0,8,0.8112781244591328,2021ABI
2021_05_20_ABI_S2,1200,20.0,17,0.9366673818775626,2021ABI
2021_05_20_ABI_S2,1800,30.0,1,0.0,2021ABI
2021_05_20_ABI_S2,2400,40.0,7,0.5916727785823275,2021ABI
2021_05_20_ABI_S3,0,0.0,13,0.8175195311866703,2021ABI
2021_05_20_ABI_S3,600,10.0,2,0.0,2021ABI
2021_05_20_ABI_S3,1800,30.0,3,0.9182958340544896,2021ABI
2021_05_20_ABI_S3,3000,50.0,6,1.0,2021ABI
2021_05_20_ABI_S3,3600,60.0,4,0.8112781244591328,2021ABI
2021_05_20_ABI_S3,4200,70.0,1,0.0,2021ABI
2021_05_20_ABI_S4,0,0.0,18,0.9640787648082292,2021ABI
2021_05_20_ABI_S4,600,10.0,8,0.8112781244591328,2021ABI
2021_05_20_ABI_S4,1200,20.0,2,0.0,2021ABI
2021_05_20_ABI_S4,1800,30.0,4,0.8112781244591328,2021ABI
2021_05_20_ABI_S4,2400,40.0,3,0.0,2021ABI
2021_05_20_ABI_S4,3000,50.0,11,0.8453509366224365,2021ABI
2021_05_20_ABI_S5,0,0.0,14,0.797374810639693,2021ABI
2021_05_20_ABI_S5,2400,40.0,8,0.6695919455357793,2021ABI
2021_05_20_ABI_S5,3000,50.0,13,0.7193329040881773,2021ABI
2021_05_20_ABI_S5,3600,60.0,7,0.5916727785823275,2021ABI
2021_05_20_ABI_S6,0,0.0,13,0.6193821946787638,2021ABI
2021_05_20_ABI_S6,600,10.0,3,0.9182958340544896,2021ABI
2021_05_20_ABI_S6,1200,20.0,1,0.0,2021ABI
2021_05_20_ABI_S6,1800,30.0,2,1.0,2021ABI
2021_05_20_ABI_S6,3000,50.0,1,0.0,2021ABI
2021_05_20_ABI_S6,3600,60.0,1,0.0,2021ABI
2021_05_20_ABI_S6,4200,70.0,5,0.7219280948873623,2021ABI
2021_05_20_ABI_S7,0,0.0,14,0.9852281360342516,2021ABI
2021_05_20_ABI_S7,600,10.0,4,0.0,2021ABI
2021_05_20_ABI_S7,2400,40.0,1,0.0,2021ABI
2021_05_20_ABI_S7,3000,50.0,4,0.8112781244591328,2021ABI
2021_05_20_ABI_S7,3600,60.0,5,0.9709505944546686,2021ABI
2021_05_20_ABI_S7,4200,70.0,3,0.9182958340544896,2021ABI
2021_05_20_ABI_S8,0,0.0,22,0.7732266742876346,2021ABI
2021_05_20_ABI_S8,600,10.0,5,0.7219280948873623,2021ABI
2021_05_20_ABI_S8,1800,30.0,1,0.0,2021ABI
2021_05_20_ABI_S8,3000,50.0,9,0.9910760598382222,2021ABI
2021_05_20_ABI_S8,3600,60.0,10,0.4689955935892812,2021ABI
2021_05_20_ABI_S8,4200,70.0,5,0.9709505944546686,2021ABI
2021_05_21_ABI_S1,0,0.0,12,0.0,2021ABI
2021_05_21_ABI_S1,600,10.0,8,0.0,2021ABI
2021_05_21_ABI_S1,1800,30.0,2,1.0,2021ABI
2021_05_21_ABI_S1,2400,40.0,10,0.9709505944546686,2021ABI
2021_05_21_ABI_S1,3000,50.0,6,0.0,2021ABI
2021_05_21_ABI_S1,3600,60.0,6,0.9182958340544896,2021ABI
2021_05_21_ABI_S1,4200,70.0,10,0.8173454221465102,2021ABI
2021_05_21_ABI_S10,0,0.0,10,0.4689955935892812,2021ABI
2021_05_21_ABI_S10,600,10.0,16,0.7559752426306121,2021ABI
2021_05_21_ABI_S10,1200,20.0,2,0.0,2021ABI
2021_05_21_ABI_S10,1800,30.0,4,0.8112781244591328,2021ABI
2021_05_21_ABI_S10,2400,40.0,3,0.9182958340544896,2021ABI
2021_05_21_ABI_S10,3000,50.0,9,0.9182958340544896,2021ABI
2021_05_21_ABI_S10,3600,60.0,7,0.5916727785823275,2021ABI
2021_05_21_ABI_S11,0,0.0,6,0.0,2021ABI
2021_05_21_ABI_S11,600,10.0,6,0.0,2021ABI
2021_05_21_ABI_S11,1200,20.0,1,0.0,2021ABI
2021_05_21_ABI_S11,2400,40.0,4,0.8112781244591328,2021ABI
2021_05_21_ABI_S11,3000,50.0,14,0.7559279292634754,2021ABI
2021_05_21_ABI_S11,3600,60.0,3,0.9182958340544896,2021ABI
2021_05_21_ABI_S12,0,0.0,16,0.9544340029249649,2021ABI
2021_05_21_ABI_S12,600,10.0,1,0.0,2021ABI
2021_05_21_ABI_S12,1200,20.0,1,0.0,2021ABI
2021_05_21_ABI_S12,2400,40.0,12,0.7499999999999999,2021ABI
2021_05_21_ABI_S12,3000,50.0,13,0.6193821946787638,2021ABI
2021_05_21_ABI_S12,3600,60.0,16,0.9544340029249649,2021ABI
2021_05_21_ABI_S13,0,0.0,17,0.5225593745369408,2021ABI
2021_05_21_ABI_S13,600,10.0,1,0.0,2021ABI
2021_05_21_ABI_S13,1800,30.0,2,1.0,2021ABI
2021_05_21_ABI_S13,3000,50.0,1,0.0,2021ABI
2021_05_21_ABI_S13,3600,60.0,12,0.6567045482143385,2021ABI
2021_05_21_ABI_S14,0,0.0,14,0.9852281360342516,2021ABI
2021_05_21_ABI_S14,600,10.0,1,0.0,2021ABI
2021_05_21_ABI_S14,1200,20.0,1,0.0,2021ABI
2021_05_21_ABI_S14,1800,30.0,3,0.0,2021ABI
2021_05_21_ABI_S14,2400,40.0,2,0.0,2021ABI
2021_05_21_ABI_S14,3000,50.0,6,0.920619835714305,2021ABI
2021_05_21_ABI_S14,3600,60.0,8,1.0,2021ABI
2021_05_21_ABI_S15,0,0.0,3,0.9999999999999999,2021ABI
2021_05_21_ABI_S15,600,10.0,10,0.8173454221465102,2021ABI
2021_05_21_ABI_S15,1200,20.0,1,0.0,2021ABI
2021_05_21_ABI_S15,2400,40.0,6,0.0,2021ABI
2021_05_21_ABI_S15,3000,50.0,8,0.5435644431995964,2021ABI
2021_05_21_ABI_S15,3600,60.0,3,0.0,2021ABI
2021_05_21_ABI_S16,0,0.0,15,0.44155167050817345,2021ABI
2021_05_21_ABI_S16,600,10.0,13,0.8904916402194913,2021ABI
2021_05_21_ABI_S16,1200,20.0,1,0.0,2021ABI
2021_05_21_ABI_S16,1800,30.0,3,0.9182958340544896,2021ABI
2021_05_21_ABI_S16,2400,40.0,3,0.9182958340544896,2021ABI
2021_05_21_ABI_S16,3000,50.0,9,0.7642045065086203,2021ABI
2021_05_21_ABI_S16,3600,60.0,7,0.5916727785823275,2021ABI
2021_05_21_ABI_S2,0,0.0,11,0.9940302114769565,2021ABI
2021_05_21_ABI_S2,600,10.0,1,0.0,2021ABI
2021_05_21_ABI_S2,1200,20.0,2,0.0,2021ABI
2021_05_21_ABI_S2,1800,30.0,1,0.0,2021ABI
2021_05_21_ABI_S2,2400,40.0,1,0.0,2021ABI
2021_05_21_ABI_S2,3600,60.0,10,0.7219280948873623,2021ABI
2021_05_21_ABI_S2,4200,70.0,10,0.8812908992306927,2021ABI
2021_05_21_ABI_S3,0,0.0,17,0.6853870929104108,2021ABI
2021_05_21_ABI_S3,600,10.0,3,0.0,2021ABI
2021_05_21_ABI_S3,1200,20.0,2,0.0,2021ABI
2021_05_21_ABI_S3,1800,30.0,2,0.0,2021ABI
2021_05_21_ABI_S3,2400,40.0,2,1.0,2021ABI
2021_05_21_ABI_S3,3000,50.0,4,0.8112781244591328,2021ABI
2021_05_21_ABI_S3,3600,60.0,4,0.9463946303571861,2021ABI
2021_05_21_ABI_S3,4200,70.0,2,1.0,2021ABI
2021_05_21_ABI_S4,0,0.0,5,0.7219280948873623,2021ABI
2021_05_21_ABI_S4,600,10.0,13,0.48785277138929123,2021ABI
2021_05_21_ABI_S4,1200,20.0,1,0.0,2021ABI
2021_05_21_ABI_S4,1800,30.0,1,0.0,2021ABI
2021_05_21_ABI_S4,2400,40.0,1,0.0,2021ABI
2021_05_21_ABI_S4,3600,60.0,4,0.8112781244591328,2021ABI
2021_05_21_ABI_S4,4200,70.0,3,0.9182958340544896,2021ABI
2021_05_21_ABI_S5,0,0.0,7,0.5916727785823275,2021ABI
2021_05_21_ABI_S5,600,10.0,13,0.7793498372920852,2021ABI
2021_05_21_ABI_S5,1200,20.0,1,0.0,2021ABI
2021_05_21_ABI_S5,2400,40.0,7,0.5916727785823275,2021ABI
2021_05_21_ABI_S5,3000,50.0,8,0.0,2021ABI
2021_05_21_ABI_S5,3600,60.0,5,0.0,2021ABI
2021_05_21_ABI_S5,4200,70.0,20,0.4689955935892812,2021ABI
2021_05_21_ABI_S6,0,0.0,20,0.47167341781551525,2021ABI
2021_05_21_ABI_S6,600,10.0,2,1.0,2021ABI
2021_05_21_ABI_S6,1800,30.0,1,0.0,2021ABI
2021_05_21_ABI_S6,3000,50.0,8,0.8112781244591328,2021ABI
2021_05_21_ABI_S6,3600,60.0,1,0.0,2021ABI
2021_05_21_ABI_S6,4200,70.0,8,0.8112781244591328,2021ABI
2021_05_21_ABI_S7,0,0.0,6,0.9182958340544896,2021ABI
2021_05_21_ABI_S7,600,10.0,3,0.0,2021ABI
2021_05_21_ABI_S7,2400,40.0,2,0.0,2021ABI
2021_05_21_ABI_S7,3000,50.0,1,0.0,2021ABI
2021_05_21_ABI_S7,3600,60.0,14,0.863120568566631,2021ABI
2021_05_21_ABI_S7,4200,70.0,5,0.7219280948873623,2021ABI
2021_05_21_ABI_S8,0,0.0,5,0.0,2021ABI
2021_05_21_ABI_S8,600,10.0,8,0.9544340029249649,2021ABI
2021_05_21_ABI_S8,1800,30.0,3,0.9182958340544896,2021ABI
2021_05_21_ABI_S8,3000,50.0,1,0.0,2021ABI
2021_05_21_ABI_S8,3600,60.0,2,1.0,2021ABI
2021_05_21_ABI_S8,4200,70.0,5,0.7219280948873623,2021ABI
2021_05_21_ABI_S9,0,0.0,19,0.9494520153879484,2021ABI
2021_05_21_ABI_S9,600,10.0,2,1.0,2021ABI
2021_05_21_ABI_S9,1800,30.0,2,0.0,2021ABI
2021_05_21_ABI_S9,2400,40.0,4,0.0,2021ABI
2021_05_21_ABI_S9,3000,50.0,7,0.5916727785823275,2021ABI
2021_05_21_ABI_S9,3600,60.0,3,0.9182958340544896,2021ABI
output-2021-05-20-ABI-S1,0,0.0,3,0.9182958340544896,2021ABI
output-2021-05-20-ABI-S1,600,10.0,4,0.8112781244591328,2021ABI
output-2021-05-20-ABI-S1,1200,20.0,6,1.0,2021ABI
2021_10_07_CMC_S1,0,0.0,10,0.8812908992306927,2021CMC
2021_10_07_CMC_S1,600,10.0,11,0.9456603046006402,2021CMC
2021_10_07_CMC_S1,1800,30.0,2,1.0,2021CMC
2021_10_07_CMC_S1,3000,50.0,1,0.0,2021CMC
2021_10_07_CMC_S1,3600,60.0,15,0.8031140135750122,2021CMC
2021_10_07_CMC_S1,4200,70.0,5,0.0,2021CMC
2021_10_07_CMC_S2,0,0.0,4,0.0,2021CMC
2021_10_07_CMC_S2,600,10.0,2,1.0,2021CMC
2021_10_07_CMC_S2,1200,20.0,1,0.0,2021CMC
2021_10_07_CMC_S2,1800,30.0,2,0.0,2021CMC
2021_10_07_CMC_S2,2400,40.0,1,0.0,2021CMC
2021_10_07_CMC_S2,3000,50.0,9,0.8527924884900405,2021CMC
2021_10_07_CMC_S2,3600,60.0,5,0.7219280948873623,2021CMC
2021_10_07_CMC_S2,4200,70.0,1,0.0,2021CMC
2021_10_07_CMC_S3,0,0.0,3,0.9182958340544896,2021CMC
2021_10_07_CMC_S3,600,10.0,2,1.0,2021CMC
2021_10_07_CMC_S3,2400,40.0,3,0.9182958340544896,2021CMC
2021_10_07_CMC_S3,3000,50.0,5,0.9709505944546686,2021CMC
2021_10_07_CMC_S3,3600,60.0,19,0.6863534808509852,2021CMC
2021_10_07_CMC_S4,0,0.0,11,0.8508642289005679,2021CMC
2021_10_07_CMC_S4,600,10.0,2,0.0,2021CMC
2021_10_07_CMC_S4,2400,40.0,4,1.0,2021CMC
2021_10_07_CMC_S4,3000,50.0,8,0.9544340029249649,2021CMC
2021_10_07_CMC_S4,3600,60.0,3,0.0,2021CMC
2021_10_07_CMC_S5,0,0.0,9,0.9182958340544896,2021CMC
2021_10_07_CMC_S5,3000,50.0,1,0.0,2021CMC
2021_10_07_CMC_S5,3600,60.0,16,0.5478948105177535,2021CMC
2021_10_07_CMC_S5,4200,70.0,1,0.0,2021CMC
2021_10_07_CMC_S6,0,0.0,13,0.6193821946787638,2021CMC
2021_10_07_CMC_S6,600,10.0,2,0.0,2021CMC
2021_10_07_CMC_S6,1200,20.0,1,0.0,2021CMC
2021_10_07_CMC_S6,1800,30.0,4,0.8112781244591328,2021CMC
2021_10_07_CMC_S6,2400,40.0,2,0.0,2021CMC
2021_10_07_CMC_S6,3600,60.0,5,0.7219280948873623,2021CMC
2021_10_07_CMC_S7,0,0.0,1,0.0,2021CMC
2021_10_07_CMC_S7,600,10.0,3,0.9182958340544896,2021CMC
2021_10_07_CMC_S7,1800,30.0,3,0.9182958340544896,2021CMC
2021_10_07_CMC_S7,3000,50.0,1,0.0,2021CMC
2021_10_07_CMC_S7,3600,60.0,5,0.9709505944546686,2021CMC
2021_10_07_CMC_S7,4200,70.0,2,0.0,2021CMC
2021_10_08_CMC_S1,0,0.0,15,0.9182958340544896,2021CMC
2021_10_08_CMC_S1,600,10.0,3,0.0,2021CMC
2021_10_08_CMC_S1,1200,20.0,1,0.0,2021CMC
2021_10_08_CMC_S1,1800,30.0,3,0.9182958340544896,2021CMC
2021_10_08_CMC_S1,2400,40.0,1,0.0,2021CMC
2021_10_08_CMC_S1,3000,50.0,3,0.9182958340544896,2021CMC
2021_10_08_CMC_S1,3600,60.0,13,0.7816596645276667,2021CMC
2021_10_08_CMC_S1,4200,70.0,7,0.863120568566631,2021CMC
2021_10_08_CMC_S10,0,0.0,16,1.0,2021CMC
2021_10_08_CMC_S10,600,10.0,2,0.0,2021CMC
2021_10_08_CMC_S10,1200,20.0,2,0.0,2021CMC
2021_10_08_CMC_S10,1800,30.0,1,0.0,2021CMC
2021_10_08_CMC_S10,3000,50.0,2,1.0,2021CMC
2021_10_08_CMC_S10,4200,70.0,3,0.0,2021CMC
2021_10_08_CMC_S11,0,0.0,11,0.9456603046006402,2021CMC
2021_10_08_CMC_S11,600,10.0,9,0.9182958340544896,2021CMC
2021_10_08_CMC_S11,1200,20.0,2,0.0,2021CMC
2021_10_08_CMC_S11,1800,30.0,2,0.0,2021CMC
2021_10_08_CMC_S11,2400,40.0,1,0.0,2021CMC
2021_10_08_CMC_S11,3600,60.0,4,0.8112781244591328,2021CMC
2021_10_08_CMC_S11,4200,70.0,3,0.9182958340544896,2021CMC
2021_10_08_CMC_S12,600,10.0,2,0.0,2021CMC
2021_10_08_CMC_S12,1800,30.0,1,0.0,2021CMC
2021_10_08_CMC_S12,3000,50.0,4,0.8112781244591328,2021CMC
2021_10_08_CMC_S12,3600,60.0,8,0.5435644431995964,2021CMC
2021_10_08_CMC_S12,4200,70.0,3,0.0,2021CMC
2021_10_08_CMC_S13,0,0.0,27,0.691289869405789,2021CMC
2021_10_08_CMC_S13,600,10.0,3,0.9182958340544896,2021CMC
2021_10_08_CMC_S13,1800,30.0,8,0.8112781244591328,2021CMC
2021_10_08_CMC_S13,2400,40.0,2,1.0,2021CMC
2021_10_08_CMC_S13,3000,50.0,8,0.8868595071429147,2021CMC
2021_10_08_CMC_S13,4200,70.0,10,0.7219280948873623,2021CMC
2021_10_08_CMC_S14,0,0.0,25,0.6343095546405662,2021CMC
2021_10_08_CMC_S14,600,10.0,3,0.9182958340544896,2021CMC
2021_10_08_CMC_S14,1200,20.0,1,0.0,2021CMC
2021_10_08_CMC_S14,1800,30.0,8,0.5435644431995964,2021CMC
2021_10_08_CMC_S14,2400,40.0,3,0.9182958340544896,2021CMC
2021_10_08_CMC_S14,3000,50.0,7,0.863120568566631,2021CMC
2021_10_08_CMC_S14,3600,60.0,9,0.5032583347756457,2021CMC
2021_10_08_CMC_S14,4200,70.0,7,0.5916727785823275,2021CMC
2021_10_08_CMC_S2,0,0.0,3,0.9182958340544896,2021CMC
2021_10_08_CMC_S2,600,10.0,8,1.0,2021CMC
2021_10_08_CMC_S2,3600,60.0,11,0.5462947022805018,2021CMC
2021_10_08_CMC_S2,4200,70.0,4,0.8112781244591328,2021CMC
2021_10_08_CMC_S3,0,0.0,21,0.7918583525674836,2021CMC
2021_10_08_CMC_S3,600,10.0,3,0.9182958340544896,2021CMC
2021_10_08_CMC_S3,1200,20.0,1,0.0,2021CMC
2021_10_08_CMC_S3,1800,30.0,3,0.9182958340544896,2021CMC
2021_10_08_CMC_S3,2400,40.0,1,0.0,2021CMC
2021_10_08_CMC_S3,4200,70.0,1,0.0,2021CMC
2021_10_08_CMC_S4,0,0.0,8,0.8112781244591328,2021CMC
2021_10_08_CMC_S4,600,10.0,1,0.0,2021CMC
2021_10_08_CMC_S4,1800,30.0,2,1.0,2021CMC
2021_10_08_CMC_S4,3000,50.0,10,0.8812908992306927,2021CMC
2021_10_08_CMC_S4,3600,60.0,5,0.7219280948873623,2021CMC
2021_10_08_CMC_S4,4200,70.0,8,0.5435644431995964,2021CMC
2021_10_08_CMC_S5,0,0.0,22,0.9023932827949789,2021CMC
2021_10_08_CMC_S5,600,10.0,2,0.0,2021CMC
2021_10_08_CMC_S5,1200,20.0,3,0.9182958340544896,2021CMC
2021_10_08_CMC_S5,1800,30.0,1,0.0,2021CMC
2021_10_08_CMC_S5,3000,50.0,4,0.8112781244591328,2021CMC
2021_10_08_CMC_S5,3600,60.0,14,0.797374810639693,2021CMC
2021_10_08_CMC_S5,4200,70.0,7,0.5916727785823275,2021CMC
2021_10_08_CMC_S6,0,0.0,1,0.0,2021CMC
2021_10_08_CMC_S6,600,10.0,17,0.7907427323313919,2021CMC
2021_10_08_CMC_S6,1200,20.0,7,0.863120568566631,2021CMC
2021_10_08_CMC_S6,1800,30.0,1,0.0,2021CMC
2021_10_08_CMC_S6,2400,40.0,1,0.0,2021CMC
2021_10_08_CMC_S6,3000,50.0,3,0.0,2021CMC
2021_10_08_CMC_S6,3600,60.0,3,0.0,2021CMC
2021_10_08_CMC_S6,4200,70.0,5,0.0,2021CMC
2021_10_08_CMC_S7,0,0.0,11,0.8453509366224365,2021CMC
2021_10_08_CMC_S7,1200,20.0,9,0.7642045065086203,2021CMC
2021_10_08_CMC_S7,1800,30.0,2,1.0,2021CMC
2021_10_08_CMC_S7,2400,40.0,3,0.9182958340544896,2021CMC
2021_10_08_CMC_S7,3000,50.0,4,0.8112781244591328,2021CMC
2021_10_08_CMC_S8,0,0.0,15,0.9709505944546686,2021CMC
2021_10_08_CMC_S8,600,10.0,2,0.0,2021CMC
2021_10_08_CMC_S8,3000,50.0,6,0.920619835714305,2021CMC
2021_10_08_CMC_S8,3600,60.0,6,0.0,2021CMC
2021_10_08_CMC_S8,4200,70.0,5,0.7219280948873623,2021CMC
2021_10_08_CMC_S9,0,0.0,13,0.8904916402194913,2021CMC
2021_10_08_CMC_S9,600,10.0,3,0.0,2021CMC
2021_10_08_CMC_S9,3000,50.0,6,1.0,2021CMC
2021_10_08_CMC_S9,4200,70.0,6,0.9182958340544896,2021CMC
2021_04_22_MND_S1,0,0.0,18,0.9182958340544896,2021MND
2021_04_22_MND_S1,600,10.0,1,0.0,2021MND
2021_04_22_MND_S1,1800,30.0,1,0.0,2021MND
2021_04_22_MND_S1,3000,50.0,14,0.5916727785823275,2021MND
2021_04_22_MND_S1,3600,60.0,5,0.7219280948873623,2021MND
2021_04_22_MND_S1,4200,70.0,12,0.6500224216483541,2021MND
2021_04_22_MND_S3,1800,30.0,1,0.0,2021MND
2021_04_22_MND_S3,2400,40.0,1,0.0,2021MND
2021_04_22_MND_S3,3000,50.0,8,0.8112781244591328,2021MND
2021_04_22_MND_S3,3600,60.0,2,0.0,2021MND
2021_04_22_MND_S4,0,0.0,8,0.8112781244591328,2021MND
2021_04_22_MND_S4,600,10.0,3,0.0,2021MND
2021_04_22_MND_S4,1200,20.0,1,0.0,2021MND
2021_04_22_MND_S4,1800,30.0,1,0.0,2021MND
2021_04_22_MND_S4,2400,40.0,1,0.0,2021MND
2021_04_22_MND_S4,3000,50.0,10,1.0,2021MND
2021_04_22_MND_S4,3600,60.0,5,0.7219280948873623,2021MND
2021_04_22_MND_S4,4200,70.0,6,0.9182958340544896,2021MND
2021_04_22_MND_S5,0,0.0,11,0.8453509366224365,2021MND
2021_04_22_MND_S5,600,10.0,2,0.0,2021MND
2021_04_22_MND_S5,1200,20.0,1,0.0,2021MND
2021_04_22_MND_S5,3000,50.0,5,0.9602297178607611,2021MND
2021_04_22_MND_S5,3600,60.0,3,0.9182958340544896,2021MND
2021_04_22_MND_S5,4200,70.0,3,0.9182958340544896,2021MND
2021_04_22_MND_S6,0,0.0,2,1.0,2021MND
2021_04_22_MND_S6,600,10.0,1,0.0,2021MND
2021_04_22_MND_S6,1800,30.0,1,0.0,2021MND
2021_04_22_MND_S6,2400,40.0,4,0.8112781244591328,2021MND
2021_04_22_MND_S6,3000,50.0,13,0.6193821946787638,2021MND
2021_04_22_MND_S6,3600,60.0,18,0.8524051786494786,2021MND
2021_04_22_MND_S6,4200,70.0,4,0.8112781244591328,2021MND
2021_04_22_MND_S7,1200,20.0,2,1.0,2021MND
2021_04_22_MND_S7,1800,30.0,2,0.0,2021MND
2021_04_22_MND_S7,2400,40.0,7,0.9852281360342516,2021MND
2021_04_22_MND_S7,3000,50.0,11,0.6840384356390417,2021MND
2021_04_22_MND_S7,3600,60.0,8,0.5435644431995964,2021MND
2021_04_22_MND_S8,0,0.0,2,0.0,2021MND
2021_04_22_MND_S8,1800,30.0,1,0.0,2021MND
2021_04_22_MND_S8,2400,40.0,5,0.7219280948873623,2021MND
2021_04_22_MND_S8,3000,50.0,4,0.0,2021MND
2021_04_22_MND_S8,3600,60.0,5,0.9709505944546686,2021MND
2021_04_23_MND_S1,0,0.0,2,0.0,2021MND
2021_04_23_MND_S1,600,10.0,7,0.72483409150576,2021MND
2021_04_23_MND_S1,1200,20.0,1,0.0,2021MND
2021_04_23_MND_S1,1800,30.0,1,0.0,2021MND
2021_04_23_MND_S1,2400,40.0,10,0.0,2021MND
2021_04_23_MND_S1,3000,50.0,8,0.6695919455357793,2021MND
2021_04_23_MND_S10,0,0.0,20,0.0,2021MND
2021_04_23_MND_S10,600,10.0,1,0.0,2021MND
2021_04_23_MND_S10,1800,30.0,1,0.0,2021MND
2021_04_23_MND_S10,2400,40.0,4,0.8112781244591328,2021MND
2021_04_23_MND_S10,3000,50.0,6,0.6500224216483541,2021MND
2021_04_23_MND_S10,3600,60.0,3,0.9182958340544896,2021MND
2021_04_23_MND_S11,0,0.0,9,0.7642045065086203,2021MND
2021_04_23_MND_S11,1800,30.0,4,0.0,2021MND
2021_04_23_MND_S11,3000,50.0,9,0.5032583347756457,2021MND
2021_04_23_MND_S11,3600,60.0,12,0.6567045482143385,2021MND
2021_04_23_MND_S12,0,0.0,5,0.9709505944546686,2021MND
2021_04_23_MND_S12,600,10.0,8,0.8112781244591328,2021MND
2021_04_23_MND_S12,3600,60.0,3,0.9182958340544896,2021MND
2021_04_23_MND_S13,0,0.0,16,0.3372900666170139,2021MND
2021_04_23_MND_S13,1800,30.0,2,0.0,2021MND
2021_04_23_MND_S13,2400,40.0,7,0.5916727785823275,2021MND
2021_04_23_MND_S13,3000,50.0,10,0.4689955935892812,2021MND
2021_04_23_MND_S13,3600,60.0,7,0.9852281360342516,2021MND
2021_04_23_MND_S14,0,0.0,5,0.9709505944546686,2021MND
2021_04_23_MND_S14,600,10.0,1,0.0,2021MND
2021_04_23_MND_S14,1200,20.0,2,0.0,2021MND
2021_04_23_MND_S14,1800,30.0,1,0.0,2021MND
2021_04_23_MND_S14,3000,50.0,16,0.8112781244591328,2021MND
2021_04_23_MND_S14,3600,60.0,14,0.5916727785823275,2021MND
2021_04_23_MND_S15,0,0.0,11,0.5462947022805018,2021MND
2021_04_23_MND_S15,600,10.0,13,0.7193329040881773,2021MND
2021_04_23_MND_S15,1200,20.0,1,0.0,2021MND
2021_04_23_MND_S15,1800,30.0,1,0.0,2021MND
2021_04_23_MND_S15,2400,40.0,6,0.7896900821428474,2021MND
2021_04_23_MND_S15,3000,50.0,9,0.7642045065086203,2021MND
2021_04_23_MND_S15,3600,60.0,4,0.0,2021MND
2021_04_23_MND_S16,0,0.0,10,0.4689955935892812,2021MND
2021_04_23_MND_S16,600,10.0,2,1.0,2021MND
2021_04_23_MND_S16,1200,20.0,1,0.0,2021MND
2021_04_23_MND_S16,1800,30.0,2,1.0,2021MND
2021_04_23_MND_S16,2400,40.0,2,1.0,2021MND
2021_04_23_MND_S16,3000,50.0,5,0.7219280948873623,2021MND
2021_04_23_MND_S16,3600,60.0,3,0.9182958340544896,2021MND
2021_04_23_MND_S2,0,0.0,12,0.8112781244591328,2021MND
2021_04_23_MND_S2,600,10.0,2,1.0,2021MND
2021_04_23_MND_S2,2400,40.0,1,0.0,2021MND
2021_04_23_MND_S2,3000,50.0,13,0.39124356362925566,2021MND
2021_04_23_MND_S2,3600,60.0,12,0.41381685030363374,2021MND
2021_04_23_MND_S3,0,0.0,4,0.0,2021MND
2021_04_23_MND_S3,600,10.0,8,0.8112781244591328,2021MND
2021_04_23_MND_S3,1200,20.0,2,1.0,2021MND
2021_04_23_MND_S3,3000,50.0,4,0.8112781244591328,2021MND
2021_04_23_MND_S4,0,0.0,9,0.9910760598382222,2021MND
2021_04_23_MND_S4,600,10.0,4,1.0,2021MND
2021_04_23_MND_S4,1800,30.0,2,0.0,2021MND
2021_04_23_MND_S4,2400,40.0,4,1.0,2021MND
2021_04_23_MND_S4,3000,50.0,14,0.46343678232466695,2021MND
2021_04_23_MND_S4,3600,60.0,2,1.0,2021MND
2021_04_23_MND_S5,0,0.0,14,0.9402859586706309,2021MND
2021_04_23_MND_S5,600,10.0,1,0.0,2021MND
2021_04_23_MND_S5,2400,40.0,2,0.0,2021MND
2021_04_23_MND_S5,3000,50.0,16,0.5478948105177535,2021MND
2021_04_23_MND_S5,3600,60.0,5,0.0,2021MND
2021_04_23_MND_S6,0,0.0,2,0.0,2021MND
2021_04_23_MND_S6,600,10.0,7,0.5916727785823275,2021MND
2021_04_23_MND_S6,1200,20.0,5,0.8649735207179271,2021MND
2021_04_23_MND_S6,1800,30.0,1,0.0,2021MND
2021_04_23_MND_S6,3000,50.0,13,0.7193329040881773,2021MND
2021_04_23_MND_S6,3600,60.0,6,0.9182958340544896,2021MND
2021_04_23_MND_S7,0,0.0,2,0.0,2021MND
2021_04_23_MND_S7,600,10.0,6,0.6500224216483541,2021MND
2021_04_23_MND_S7,1200,20.0,1,0.0,2021MND
2021_04_23_MND_S7,2400,40.0,5,0.7219280948873623,2021MND
2021_04_23_MND_S7,3000,50.0,9,0.5032583347756457,2021MND
2021_04_23_MND_S7,3600,60.0,13,0.39124356362925566,2021MND
2021_04_23_MND_S8,0,0.0,8,0.9544340029249649,2021MND
2021_04_23_MND_S8,600,10.0,8,1.0,2021MND
2021_04_23_MND_S8,1200,20.0,1,0.0,2021MND
2021_04_23_MND_S8,2400,40.0,8,0.9544340029249649,2021MND
2021_04_23_MND_S8,3000,50.0,3,0.9182958340544896,2021MND
2021_04_23_MND_S9,0,0.0,6,0.6500224216483541,2021MND
2021_04_23_MND_S9,1200,20.0,1,0.0,2021MND
2021_04_23_MND_S9,1800,30.0,1,0.0,2021MND
2021_04_23_MND_S9,2400,40.0,1,0.0,2021MND
2021_04_23_MND_S9,3600,60.0,3,0.9182958340544896,2021MND
2021_09_30_MZT_S2,600,10.0,6,0.9182958340544896,2021MZT
2021_09_30_MZT_S2,1200,20.0,1,0.0,2021MZT
2021_09_30_MZT_S2,1800,30.0,3,0.9999999999999999,2021MZT
2021_09_30_MZT_S3,0,0.0,4,0.0,2021MZT
2021_09_30_MZT_S3,600,10.0,3,0.9182958340544896,2021MZT
2021_09_30_MZT_S3,1800,30.0,10,0.7219280948873623,2021MZT
2021_09_30_MZT_S3,2400,40.0,3,0.0,2021MZT
2021_09_30_MZT_S3,3000,50.0,8,0.8112781244591328,2021MZT
2021_09_30_MZT_S4,1200,20.0,16,0.8194483718728034,2021MZT
2021_09_30_MZT_S4,1800,30.0,6,0.0,2021MZT
2021_09_30_MZT_S4,2400,40.0,2,0.0,2021MZT
2021_09_30_MZT_S5,0,0.0,2,1.0,2021MZT
2021_09_30_MZT_S5,600,10.0,3,0.9182958340544896,2021MZT
2021_09_30_MZT_S5,3000,50.0,14,0.5916727785823275,2021MZT
2021_09_30_MZT_S6,0,0.0,10,0.9709505944546686,2021MZT
2021_09_30_MZT_S7,0,0.0,16,0.8024052436705212,2021MZT
2021_09_30_MZT_S7,600,10.0,7,0.9852281360342516,2021MZT
2021_09_30_MZT_S7,1800,30.0,2,0.0,2021MZT
2021_09_30_MZT_S7,3000,50.0,2,1.0,2021MZT
2021_09_30_MZT_S7,3600,60.0,11,0.8508642289005679,2021MZT
2021_09_30_MZT_S7,4200,70.0,20,0.47167341781551525,2021MZT
2021_09_30_MZT_S7,4800,80.0,8,0.8112781244591328,2021MZT
2021_09_30_MZT_S7,6000,100.0,5,0.7219280948873623,2021MZT
2021_09_30_MZT_S7,6600,110.0,1,0.0,2021MZT
2021_09_30_MZT_S7,7200,120.0,1,0.0,2021MZT
2021_09_30_MZT_S7,8400,140.0,4,0.8112781244591328,2021MZT
2021_09_30_MZT_S7,9000,150.0,3,0.9182958340544896,2021MZT
2021_10_01_MZT_S1,0,0.0,3,0.0,2021MZT
2021_10_01_MZT_S1,600,10.0,10,0.8812908992306927,2021MZT
2021_10_01_MZT_S1,1800,30.0,1,0.0,2021MZT
2021_10_01_MZT_S1,2400,40.0,4,0.8112781244591328,2021MZT
2021_10_01_MZT_S1,3000,50.0,7,0.72483409150576,2021MZT
2021_10_01_MZT_S1,3600,60.0,1,0.0,2021MZT
2021_10_01_MZT_S11,0,0.0,5,0.7219280948873623,2021MZT
2021_10_01_MZT_S11,600,10.0,7,0.863120568566631,2021MZT
2021_10_01_MZT_S11,1200,20.0,1,0.0,2021MZT
2021_10_01_MZT_S11,1800,30.0,1,0.0,2021MZT
2021_10_01_MZT_S11,2400,40.0,1,0.0,2021MZT
2021_10_01_MZT_S11,3000,50.0,6,0.9182958340544896,2021MZT
2021_10_01_MZT_S11,3600,60.0,10,0.4689955935892812,2021MZT
2021_10_01_MZT_S2,0,0.0,12,0.6500224216483541,2021MZT
2021_10_01_MZT_S2,600,10.0,4,1.0,2021MZT
2021_10_01_MZT_S2,1800,30.0,2,1.0,2021MZT
2021_10_01_MZT_S2,2400,40.0,1,0.0,2021MZT
2021_10_01_MZT_S2,3000,50.0,1,0.0,2021MZT
2021_10_01_MZT_S2,3600,60.0,9,0.9910760598382222,2021MZT
2021_10_01_MZT_S2,4200,70.0,1,0.0,2021MZT
2021_10_01_MZT_S3,0,0.0,16,0.9544340029249649,2021MZT
2021_10_01_MZT_S3,600,10.0,4,0.8112781244591328,2021MZT
2021_10_01_MZT_S3,3000,50.0,4,0.8112781244591328,2021MZT
2021_10_01_MZT_S3,3600,60.0,2,0.0,2021MZT
2021_10_01_MZT_S3,4200,70.0,10,1.0,2021MZT
2021_10_01_MZT_S3,4800,80.0,6,1.0,2021MZT
2021_10_01_MZT_S3,5400,90.0,3,0.9182958340544896,2021MZT
2021_10_01_MZT_S4,0,0.0,12,0.6500224216483541,2021MZT
2021_10_01_MZT_S4,3000,50.0,4,0.8112781244591328,2021MZT
2021_10_01_MZT_S4,3600,60.0,11,0.7455574250275929,2021MZT
2021_10_01_MZT_S4,4200,70.0,15,0.7312088026202268,2021MZT
2021_10_01_MZT_S4,4800,80.0,6,1.0,2021MZT
2021_10_01_MZT_S4,5400,90.0,2,0.0,2021MZT
2021_10_01_MZT_S5,0,0.0,9,0.7642045065086203,2021MZT
2021_10_01_MZT_S5,600,10.0,10,0.8586727110732549,2021MZT
2021_10_01_MZT_S5,3000,50.0,4,0.8112781244591328,2021MZT
2021_10_01_MZT_S5,3600,60.0,6,0.6500224216483541,2021MZT
2021_10_01_MZT_S5,4200,70.0,12,0.6500224216483541,2021MZT
2021_10_01_MZT_S5,4800,80.0,4,1.0,2021MZT
2021_10_01_MZT_S5,5400,90.0,1,0.0,2021MZT
2021_10_01_MZT_S7,0,0.0,10,0.7219280948873623,2021MZT
2021_10_01_MZT_S7,600,10.0,6,0.6500224216483541,2021MZT
2021_10_01_MZT_S7,1800,30.0,1,0.0,2021MZT
2021_10_01_MZT_S7,2400,40.0,1,0.0,2021MZT
2021_10_01_MZT_S7,3000,50.0,6,0.9182958340544896,2021MZT
2021_10_01_MZT_S7,3600,60.0,4,0.0,2021MZT
2021_10_01_MZT_S8,0,0.0,4,0.8112781244591328,2021MZT
2021_10_01_MZT_S8,600,10.0,9,0.7642045065086203,2021MZT
2021_10_01_MZT_S8,1200,20.0,1,0.0,2021MZT
2021_10_01_MZT_S8,3000,50.0,10,0.8812908992306927,2021MZT
2021_10_01_MZT_S8,3600,60.0,8,0.5435644431995964,2021MZT
2021_10_01_MZT_S9,0,0.0,15,0.8366407419411673,2021MZT
2021_10_01_MZT_S9,600,10.0,6,0.9182958340544896,2021MZT
2021_10_01_MZT_S9,1200,20.0,6,0.9182958340544896,2021MZT
2021_10_01_MZT_S9,1800,30.0,1,0.0,2021MZT
2021_10_01_MZT_S9,2400,40.0,1,0.0,2021MZT
2021_10_01_MZT_S9,3000,50.0,8,1.0,2021MZT
2021_10_01_MZT_S9,3600,60.0,4,0.8112781244591328,2021MZT
2021_11_04_NES_S1,0,0.0,1,0.0,2021NES
2021_11_04_NES_S1,2400,40.0,7,0.9852281360342516,2021NES
2021_11_04_NES_S1,3000,50.0,4,0.8112781244591328,2021NES
2021_11_04_NES_S1,4200,70.0,11,0.9456603046006402,2021NES
2021_11_04_NES_S1,4800,80.0,7,0.863120568566631,2021NES
2021_11_04_NES_S2,0,0.0,1,0.0,2021NES
2021_11_04_NES_S2,600,10.0,1,0.0,2021NES
2021_11_04_NES_S2,2400,40.0,6,0.6500224216483541,2021NES
2021_11_04_NES_S2,3000,50.0,12,0.8080141510844467,2021NES
2021_11_04_NES_S3,0,0.0,30,0.6780145890488233,2021NES
2021_11_04_NES_S3,600,10.0,9,0.7642045065086203,2021NES
2021_11_04_NES_S3,1800,30.0,2,0.0,2021NES
2021_11_04_NES_S3,3600,60.0,17,0.8739810481273578,2021NES
2021_11_04_NES_S3,4200,70.0,12,0.7499999999999999,2021NES
2021_11_04_NES_S4,0,0.0,9,0.5032583347756457,2021NES
2021_11_04_NES_S4,600,10.0,1,0.0,2021NES
2021_11_04_NES_S4,1200,20.0,10,0.7219280948873623,2021NES
2021_11_04_NES_S4,1800,30.0,1,0.0,2021NES
2021_11_04_NES_S4,2400,40.0,3,0.9182958340544896,2021NES
2021_11_04_NES_S4,3000,50.0,2,0.0,2021NES
2021_11_04_NES_S4,3600,60.0,11,0.6840384356390417,2021NES
2021_11_04_NES_S5,0,0.0,16,0.9544340029249649,2021NES
2021_11_04_NES_S5,600,10.0,1,0.0,2021NES
2021_11_04_NES_S5,1200,20.0,1,0.0,2021NES
2021_11_04_NES_S5,1800,30.0,1,0.0,2021NES
2021_11_04_NES_S5,2400,40.0,1,0.0,2021NES
2021_11_04_NES_S5,3600,60.0,3,0.0,2021NES
2021_11_04_NES_S5,4200,70.0,8,0.5435644431995964,2021NES
2021_11_04_NES_S6,0,0.0,9,0.5032583347756457,2021NES
2021_11_04_NES_S6,1800,30.0,6,0.6500224216483541,2021NES
2021_11_04_NES_S6,2400,40.0,7,0.863120568566631,2021NES
2021_11_04_NES_S6,3600,60.0,1,0.0,2021NES
2021_11_04_NES_S6,4200,70.0,16,0.7567751872715526,2021NES
2021_11_05_NES_S1,0,0.0,26,0.8403586716091171,2021NES
2021_11_05_NES_S1,600,10.0,7,0.863120568566631,2021NES
2021_11_05_NES_S1,1200,20.0,1,0.0,2021NES
2021_11_05_NES_S1,1800,30.0,2,0.0,2021NES
2021_11_05_NES_S1,2400,40.0,3,0.0,2021NES
2021_11_05_NES_S1,3600,60.0,5,0.7219280948873623,2021NES
2021_11_05_NES_S1,4200,70.0,11,0.4394969869215134,2021NES
2021_11_05_NES_S1,4800,80.0,2,0.0,2021NES
2021_11_05_NES_S1,5400,90.0,6,0.9182958340544896,2021NES
2021_11_05_NES_S1,6000,100.0,11,0.5462947022805018,2021NES
2021_11_05_NES_S1,6600,110.0,14,0.37123232664087563,2021NES
2021_11_05_NES_S10,0,0.0,16,0.6398243839286435,2021NES
2021_11_05_NES_S10,600,10.0,6,0.0,2021NES
2021_11_05_NES_S10,1200,20.0,2,0.0,2021NES
2021_11_05_NES_S10,1800,30.0,2,0.0,2021NES
2021_11_05_NES_S10,3000,50.0,4,0.8112781244591328,2021NES
2021_11_05_NES_S10,3600,60.0,10,0.8812908992306927,2021NES
2021_11_05_NES_S10,4200,70.0,9,0.9182958340544896,2021NES
2021_11_05_NES_S11,0,0.0,13,0.9957274520849256,2021NES
2021_11_05_NES_S11,600,10.0,4,0.8112781244591328,2021NES
2021_11_05_NES_S11,2400,40.0,2,1.0,2021NES
2021_11_05_NES_S11,3000,50.0,4,0.8112781244591328,2021NES
2021_11_05_NES_S11,3600,60.0,13,0.0,2021NES
2021_11_05_NES_S11,4200,70.0,5,0.9709505944546686,2021NES
2021_11_05_NES_S12,0,0.0,11,0.9456603046006402,2021NES
2021_11_05_NES_S12,600,10.0,12,0.8112781244591328,2021NES
2021_11_05_NES_S12,1200,20.0,4,1.0,2021NES
2021_11_05_NES_S12,1800,30.0,2,0.0,2021NES
2021_11_05_NES_S12,2400,40.0,2,1.0,2021NES
2021_11_05_NES_S12,3000,50.0,4,0.8112781244591328,2021NES
2021_11_05_NES_S12,3600,60.0,3,0.9182958340544896,2021NES
2021_11_05_NES_S12,4200,70.0,6,0.9182958340544896,2021NES
2021_11_05_NES_S2,0,0.0,8,0.8112781244591328,2021NES
2021_11_05_NES_S2,600,10.0,2,1.0,2021NES
2021_11_05_NES_S2,1200,20.0,7,0.9852281360342516,2021NES
2021_11_05_NES_S2,1800,30.0,1,0.0,2021NES
2021_11_05_NES_S2,3000,50.0,2,1.0,2021NES
2021_11_05_NES_S2,3600,60.0,8,1.0,2021NES
2021_11_05_NES_S2,4200,70.0,17,0.5225593745369408,2021NES
2021_11_05_NES_S3,0,0.0,24,0.560698787620506,2021NES
2021_11_05_NES_S3,600,10.0,1,0.0,2021NES
2021_11_05_NES_S3,1800,30.0,2,0.0,2021NES
2021_11_05_NES_S3,2400,40.0,1,0.0,2021NES
2021_11_05_NES_S3,3000,50.0,3,0.0,2021NES
2021_11_05_NES_S3,3600,60.0,8,0.8112781244591328,2021NES
2021_11_05_NES_S3,4200,70.0,9,0.0,2021NES
2021_11_05_NES_S3,4800,80.0,4,0.8112781244591328,2021NES
2021_11_05_NES_S3,5400,90.0,5,0.7219280948873623,2021NES
2021_11_05_NES_S3,6000,100.0,5,0.7219280948873623,2021NES
2021_11_05_NES_S3,6600,110.0,10,0.9709505944546686,2021NES
2021_11_05_NES_S4,0,0.0,9,0.7642045065086203,2021NES
2021_11_05_NES_S4,600,10.0,12,0.9798687566511527,2021NES
2021_11_05_NES_S4,1200,20.0,3,0.9182958340544896,2021NES
2021_11_05_NES_S4,1800,30.0,1,0.0,2021NES
2021_11_05_NES_S4,2400,40.0,1,0.0,2021NES
2021_11_05_NES_S4,3000,50.0,1,0.0,2021NES
2021_11_05_NES_S4,3600,60.0,17,0.9774178175281716,2021NES
2021_11_05_NES_S4,4200,70.0,13,0.9957274520849256,2021NES
2021_11_05_NES_S4,4800,80.0,4,0.0,2021NES
2021_11_05_NES_S4,5400,90.0,2,1.0,2021NES
2021_11_05_NES_S4,6000,100.0,3,0.0,2021NES
2021_11_05_NES_S4,6600,110.0,10,0.7219280948873623,2021NES
2021_11_05_NES_S5,0,0.0,15,0.8118126881672663,2021NES
2021_11_05_NES_S5,600,10.0,3,0.9182958340544896,2021NES
2021_11_05_NES_S5,1200,20.0,2,1.0,2021NES
2021_11_05_NES_S5,1800,30.0,2,1.0,2021NES
2021_11_05_NES_S5,2400,40.0,4,0.8112781244591328,2021NES
2021_11_05_NES_S5,3000,50.0,7,0.9141008920185651,2021NES
2021_11_05_NES_S5,3600,60.0,3,0.9182958340544896,2021NES
2021_11_05_NES_S5,4200,70.0,7,0.5916727785823275,2021NES
2021_11_05_NES_S5,4800,80.0,3,0.0,2021NES
2021_11_05_NES_S5,5400,90.0,6,0.6500224216483541,2021NES
2021_11_05_NES_S5,6000,100.0,3,0.9182958340544896,2021NES
2021_11_05_NES_S5,6600,110.0,11,0.9940302114769565,2021NES
2021_11_05_NES_S6,0,0.0,18,0.9182958340544896,2021NES
2021_11_05_NES_S6,600,10.0,15,0.8366407419411673,2021NES
2021_11_05_NES_S6,1200,20.0,1,0.0,2021NES
2021_11_05_NES_S6,2400,40.0,2,0.0,2021NES
2021_11_05_NES_S6,3000,50.0,1,0.0,2021NES
2021_11_05_NES_S6,3600,60.0,6,0.6500224216483541,2021NES
2021_11_05_NES_S6,4200,70.0,12,0.9182958340544896,2021NES
2021_11_05_NES_S6,4800,80.0,3,0.0,2021NES
2021_11_05_NES_S6,5400,90.0,3,0.9182958340544896,2021NES
2021_11_05_NES_S6,6000,100.0,3,0.9182958340544896,2021NES
2021_11_05_NES_S6,6600,110.0,13,0.39124356362925566,2021NES
2021_11_05_NES_S7,0,0.0,7,0.8699155297736259,2021NES
2021_11_05_NES_S7,600,10.0,3,0.0,2021NES
2021_11_05_NES_S7,1200,20.0,3,0.0,2021NES
2021_11_05_NES_S7,1800,30.0,2,1.0,2021NES
2021_11_05_NES_S7,2400,40.0,5,0.7219280948873623,2021NES
2021_11_05_NES_S7,3000,50.0,5,0.9709505944546686,2021NES
2021_11_05_NES_S7,3600,60.0,20,0.8112781244591328,2021NES
2021_11_05_NES_S7,4200,70.0,19,0.37270529641671113,2021NES
2021_11_05_NES_S8,0,0.0,17,0.8739810481273578,2021NES
2021_11_05_NES_S8,600,10.0,12,0.9798687566511527,2021NES
2021_11_05_NES_S8,1200,20.0,3,0.9182958340544896,2021NES
2021_11_05_NES_S8,2400,40.0,2,1.0,2021NES
2021_11_05_NES_S8,3600,60.0,3,0.0,2021NES
2021_11_05_NES_S8,4200,70.0,6,0.9182958340544896,2021NES
2021_11_05_NES_S9,0,0.0,14,1.0,2021NES
2021_11_05_NES_S9,600,10.0,5,0.7219280948873623,2021NES
2021_11_05_NES_S9,1200,20.0,1,0.0,2021NES
2021_11_05_NES_S9,2400,40.0,7,0.72483409150576,2021NES
2021_11_05_NES_S9,3000,50.0,5,0.9709505944546686,2021NES
2021_11_05_NES_S9,3600,60.0,14,1.0,2021NES
2021_11_05_NES_S9,4200,70.0,5,0.0,2021NES
2021_06_10_SLU_S1,0,0.0,13,0.9957274520849256,2021SLU
2021_06_10_SLU_S1,600,10.0,14,0.7559279292634754,2021SLU
2021_06_10_SLU_S1,1800,30.0,1,0.0,2021SLU
2021_06_10_SLU_S1,2400,40.0,1,0.0,2021SLU
2021_06_10_SLU_S1,3000,50.0,1,0.0,2021SLU
2021_06_10_SLU_S1,3600,60.0,6,0.9182958340544896,2021SLU
2021_06_10_SLU_S1,4200,70.0,13,0.8904916402194913,2021SLU
2021_06_10_SLU_S2,600,10.0,10,0.4689955935892812,2021SLU
2021_06_10_SLU_S2,1200,20.0,2,1.0,2021SLU
2021_06_10_SLU_S2,2400,40.0,2,1.0,2021SLU
2021_06_10_SLU_S2,3000,50.0,1,0.0,2021SLU
2021_06_10_SLU_S2,3600,60.0,9,0.8783471047618533,2021SLU
2021_06_10_SLU_S2,4200,70.0,8,0.8112781244591328,2021SLU
2021_06_10_SLU_S3,0,0.0,20,0.6790681957683445,2021SLU
2021_06_10_SLU_S3,600,10.0,1,0.0,2021SLU
2021_06_10_SLU_S3,1200,20.0,1,0.0,2021SLU
2021_06_10_SLU_S3,1800,30.0,4,1.0,2021SLU
2021_06_10_SLU_S3,2400,40.0,6,1.0,2021SLU
2021_06_10_SLU_S3,3000,50.0,8,0.9544340029249649,2021SLU
2021_06_10_SLU_S3,3600,60.0,4,1.0,2021SLU
2021_06_10_SLU_S3,4200,70.0,5,0.0,2021SLU
2021_06_10_SLU_S4,0,0.0,16,0.8024052436705212,2021SLU
2021_06_10_SLU_S4,600,10.0,9,0.9057125980138371,2021SLU
2021_06_10_SLU_S4,1200,20.0,4,0.8112781244591328,2021SLU
2021_06_10_SLU_S4,2400,40.0,1,0.0,2021SLU
2021_06_10_SLU_S4,3000,50.0,3,0.9182958340544896,2021SLU
2021_06_10_SLU_S4,3600,60.0,7,0.9852281360342516,2021SLU
2021_06_10_SLU_S4,4200,70.0,3,0.0,2021SLU
2021_06_10_SLU_S5,0,0.0,22,0.6840384356390417,2021SLU
2021_06_10_SLU_S5,600,10.0,5,0.9602297178607611,2021SLU
2021_06_10_SLU_S5,1200,20.0,3,0.9182958340544896,2021SLU
2021_06_10_SLU_S5,1800,30.0,1,0.0,2021SLU
2021_06_10_SLU_S5,3600,60.0,14,0.74959525725948,2021SLU
2021_06_10_SLU_S5,4200,70.0,4,1.0,2021SLU
2021_06_10_SLU_S6,0,0.0,12,0.9798687566511527,2021SLU
2021_06_10_SLU_S6,1800,30.0,2,1.0,2021SLU
2021_06_10_SLU_S6,2400,40.0,1,0.0,2021SLU
2021_06_10_SLU_S6,3000,50.0,1,0.0,2021SLU
2021_06_10_SLU_S6,3600,60.0,6,0.6500224216483541,2021SLU
2021_06_10_SLU_S6,4200,70.0,8,0.5435644431995964,2021SLU
2021_06_10_SLU_S7,0,0.0,18,0.7777220320701351,2021SLU
2021_06_10_SLU_S7,600,10.0,7,0.0,2021SLU
2021_06_10_SLU_S7,1200,20.0,4,0.8112781244591328,2021SLU
2021_06_10_SLU_S7,1800,30.0,1,0.0,2021SLU
2021_06_10_SLU_S7,2400,40.0,2,1.0,2021SLU
2021_06_10_SLU_S7,3000,50.0,1,0.0,2021SLU
2021_06_10_SLU_S7,3600,60.0,3,0.9182958340544896,2021SLU
2021_06_10_SLU_S7,4200,70.0,10,0.9709505944546686,2021SLU
2021_06_11_SLU_S1,0,0.0,14,0.863120568566631,2021SLU
2021_06_11_SLU_S1,600,10.0,7,0.5916727785823275,2021SLU
2021_06_11_SLU_S1,1200,20.0,1,0.0,2021SLU
2021_06_11_SLU_S1,1800,30.0,2,1.0,2021SLU
2021_06_11_SLU_S1,2400,40.0,1,0.0,2021SLU
2021_06_11_SLU_S1,3600,60.0,11,0.5462947022805018,2021SLU
2021_06_11_SLU_S1,4200,70.0,7,0.5916727785823275,2021SLU
2021_06_11_SLU_S10,0,0.0,17,0.9366673818775626,2021SLU
2021_06_11_SLU_S10,600,10.0,1,0.0,2021SLU
2021_06_11_SLU_S10,3000,50.0,3,0.9182958340544896,2021SLU
2021_06_11_SLU_S10,3600,60.0,11,0.9940302114769565,2021SLU
2021_06_11_SLU_S10,4200,70.0,4,0.0,2021SLU
2021_06_11_SLU_S11,0,0.0,18,0.8524051786494786,2021SLU
2021_06_11_SLU_S11,1200,20.0,4,0.8112781244591328,2021SLU
2021_06_11_SLU_S11,1800,30.0,2,1.0,2021SLU
2021_06_11_SLU_S11,3000,50.0,3,0.9182958340544896,2021SLU
2021_06_11_SLU_S11,3600,60.0,8,0.8112781244591328,2021SLU
2021_06_11_SLU_S11,4200,70.0,3,0.0,2021SLU
2021_06_11_SLU_S12,0,0.0,13,0.895640305638598,2021SLU
2021_06_11_SLU_S12,600,10.0,16,0.9886994082884974,2021SLU
2021_06_11_SLU_S12,1800,30.0,3,0.9182958340544896,2021SLU
2021_06_11_SLU_S12,2400,40.0,1,0.0,2021SLU
2021_06_11_SLU_S12,3000,50.0,1,0.0,2021SLU
2021_06_11_SLU_S12,3600,60.0,4,1.0,2021SLU
2021_06_11_SLU_S12,4200,70.0,6,0.6500224216483541,2021SLU
2021_06_11_SLU_S13,0,0.0,19,0.2974722489192897,2021SLU
2021_06_11_SLU_S13,600,10.0,4,1.0,2021SLU
2021_06_11_SLU_S13,1800,30.0,1,0.0,2021SLU
2021_06_11_SLU_S13,2400,40.0,2,1.0,2021SLU
2021_06_11_SLU_S13,3000,50.0,3,0.0,2021SLU
2021_06_11_SLU_S13,3600,60.0,6,1.0,2021SLU
2021_06_11_SLU_S13,4200,70.0,4,0.0,2021SLU
2021_06_11_SLU_S2,0,0.0,5,0.7219280948873623,2021SLU
2021_06_11_SLU_S2,600,10.0,5,0.8649735207179271,2021SLU
2021_06_11_SLU_S2,1200,20.0,1,0.0,2021SLU
2021_06_11_SLU_S2,3600,60.0,7,0.72483409150576,2021SLU
2021_06_11_SLU_S2,4200,70.0,11,0.6913698302025114,2021SLU
2021_06_11_SLU_S3,0,0.0,4,0.8112781244591328,2021SLU
2021_06_11_SLU_S3,600,10.0,9,0.6223659728744493,2021SLU
2021_06_11_SLU_S3,1200,20.0,4,0.0,2021SLU
2021_06_11_SLU_S3,3600,60.0,6,0.0,2021SLU
2021_06_11_SLU_S3,4200,70.0,8,0.9544340029249649,2021SLU
2021_06_11_SLU_S4,0,0.0,22,0.5246455665662212,2021SLU
2021_06_11_SLU_S4,600,10.0,11,0.9456603046006402,2021SLU
2021_06_11_SLU_S4,1200,20.0,2,0.0,2021SLU
2021_06_11_SLU_S4,2400,40.0,1,0.0,2021SLU
2021_06_11_SLU_S4,3000,50.0,1,0.0,2021SLU
2021_06_11_SLU_S4,3600,60.0,1,0.0,2021SLU
2021_06_11_SLU_S4,4200,70.0,6,0.9182958340544896,2021SLU
2021_06_11_SLU_S5,0,0.0,7,0.5916727785823275,2021SLU
2021_06_11_SLU_S5,1200,20.0,1,0.0,2021SLU
2021_06_11_SLU_S5,1800,30.0,2,1.0,2021SLU
2021_06_11_SLU_S5,3600,60.0,2,1.0,2021SLU
2021_06_11_SLU_S5,4200,70.0,6,0.6500224216483541,2021SLU
2021_06_11_SLU_S6,0,0.0,18,0.9910760598382222,2021SLU
2021_06_11_SLU_S6,600,10.0,1,0.0,2021SLU
2021_06_11_SLU_S6,2400,40.0,3,0.9182958340544896,2021SLU
2021_06_11_SLU_S6,3000,50.0,1,0.0,2021SLU
2021_06_11_SLU_S6,3600,60.0,2,1.0,2021SLU
2021_06_11_SLU_S6,4200,70.0,9,0.5032583347756457,2021SLU
2021_06_11_SLU_S7,0,0.0,8,1.0,2021SLU
2021_06_11_SLU_S7,600,10.0,2,0.0,2021SLU
2021_06_11_SLU_S7,1800,30.0,1,0.0,2021SLU
2021_06_11_SLU_S7,2400,40.0,3,0.9182958340544896,2021SLU
2021_06_11_SLU_S7,3000,50.0,3,0.9182958340544896,2021SLU
2021_06_11_SLU_S7,3600,60.0,12,0.8112781244591328,2021SLU
2021_06_11_SLU_S7,4200,70.0,10,0.8812908992306927,2021SLU
2021_06_11_SLU_S8,0,0.0,17,0.9774178175281716,2021SLU
2021_06_11_SLU_S8,3000,50.0,5,0.9709505944546686,2021SLU
2021_06_11_SLU_S8,4200,70.0,9,0.9182958340544896,2021SLU
2021_06_11_SLU_S9,0,0.0,13,0.7816596645276667,2021SLU
2021_06_11_SLU_S9,600,10.0,16,0.6962122601251458,2021SLU
2021_06_11_SLU_S9,1200,20.0,1,0.0,2021SLU
2021_06_11_SLU_S9,1800,30.0,3,0.9182958340544896,2021SLU
2021_06_11_SLU_S9,2400,40.0,2,0.0,2021SLU
2021_06_11_SLU_S9,3000,50.0,1,0.0,2021SLU
2021_06_11_SLU_S9,3600,60.0,1,0.0,2021SLU
2021_06_11_SLU_S9,4200,70.0,3,0.9182958340544896,2021SLU
2022_04_07_MND_S1,0,0.0,10,0.4689955935892812,2022MND
2022_04_07_MND_S1,600,10.0,2,0.0,2022MND
2022_04_07_MND_S1,2400,40.0,1,0.0,2022MND
2022_04_07_MND_S1,3000,50.0,6,0.9182958340544896,2022MND
2022_04_07_MND_S1,3600,60.0,4,0.0,2022MND
2022_04_07_MND_S1,4200,70.0,10,0.7219280948873623,2022MND
2022_04_07_MND_S2,0,0.0,20,0.934068055375491,2022MND
2022_04_07_MND_S2,600,10.0,4,0.8112781244591328,2022MND
2022_04_07_MND_S2,1800,30.0,2,0.0,2022MND
2022_04_07_MND_S2,2400,40.0,1,0.0,2022MND
2022_04_07_MND_S2,3600,60.0,4,0.0,2022MND
2022_04_07_MND_S2,4200,70.0,15,0.5665095065529053,2022MND
2022_04_07_MND_S3,0,0.0,5,0.7219280948873623,2022MND
2022_04_07_MND_S3,600,10.0,1,0.0,2022MND
2022_04_07_MND_S3,3600,60.0,7,0.863120568566631,2022MND
2022_04_07_MND_S3,4200,70.0,3,0.0,2022MND
2022_04_07_MND_S4,0,0.0,17,0.5264143616682583,2022MND
2022_04_07_MND_S4,2400,40.0,1,0.0,2022MND
2022_04_07_MND_S4,3000,50.0,9,0.5032583347756457,2022MND
2022_04_07_MND_S4,3600,60.0,3,0.9182958340544896,2022MND
2022_04_07_MND_S4,4200,70.0,8,0.0,2022MND
2022_04_07_MND_S5,0,0.0,9,0.9182958340544896,2022MND
2022_04_07_MND_S5,1800,30.0,2,1.0,2022MND
2022_04_07_MND_S5,2400,40.0,3,0.9999999999999999,2022MND
2022_04_07_MND_S5,3000,50.0,9,0.0,2022MND
2022_04_07_MND_S5,3600,60.0,2,1.0,2022MND
2022_04_07_MND_S5,4200,70.0,9,0.7642045065086203,2022MND
2022_04_07_MND_S6,0,0.0,10,0.4689955935892812,2022MND
2022_04_07_MND_S6,600,10.0,1,0.0,2022MND
2022_04_07_MND_S6,1800,30.0,3,0.9182958340544896,2022MND
2022_04_07_MND_S6,3000,50.0,1,0.0,2022MND
2022_04_07_MND_S6,3600,60.0,2,1.0,2022MND
2022_04_07_MND_S6,4200,70.0,8,0.9544340029249649,2022MND
2022_04_08_MND_S1,0,0.0,7,0.863120568566631,2022MND
2022_04_08_MND_S1,600,10.0,4,1.0,2022MND
2022_04_08_MND_S1,1200,20.0,2,1.0,2022MND
2022_04_08_MND_S1,1800,30.0,1,0.0,2022MND
2022_04_08_MND_S1,2400,40.0,2,0.0,2022MND
2022_04_08_MND_S1,3000,50.0,10,0.4689955935892812,2022MND
2022_04_08_MND_S1,3600,60.0,7,0.5916727785823275,2022MND
2022_04_08_MND_S1,4200,70.0,4,0.8112781244591328,2022MND
2022_04_08_MND_S10,0,0.0,6,0.6500224216483541,2022MND
2022_04_08_MND_S10,3000,50.0,4,0.8112781244591328,2022MND
2022_04_08_MND_S10,3600,60.0,3,0.9182958340544896,2022MND
2022_04_08_MND_S11,0,0.0,20,0.934068055375491,2022MND
2022_04_08_MND_S11,600,10.0,1,0.0,2022MND
2022_04_08_MND_S11,2400,40.0,3,0.9182958340544896,2022MND
2022_04_08_MND_S11,3000,50.0,3,0.9182958340544896,2022MND
2022_04_08_MND_S11,3600,60.0,13,0.39124356362925566,2022MND
2022_04_08_MND_S11,4200,70.0,6,0.0,2022MND
2022_04_08_MND_S12,0,0.0,3,0.9182958340544896,2022MND
2022_04_08_MND_S2,0,0.0,21,0.7918583525674836,2022MND
2022_04_08_MND_S2,600,10.0,1,0.0,2022MND
2022_04_08_MND_S2,1200,20.0,7,0.5916727785823275,2022MND
2022_04_08_MND_S2,1800,30.0,1,0.0,2022MND
2022_04_08_MND_S2,2400,40.0,7,0.5916727785823275,2022MND
2022_04_08_MND_S2,3000,50.0,7,0.5916727785823275,2022MND
2022_04_08_MND_S2,3600,60.0,6,0.6500224216483541,2022MND
2022_04_08_MND_S2,4200,70.0,1,0.0,2022MND
2022_04_08_MND_S3,0,0.0,2,0.0,2022MND
2022_04_08_MND_S3,600,10.0,5,0.0,2022MND
2022_04_08_MND_S3,1200,20.0,14,0.6458459985690298,2022MND
2022_04_08_MND_S3,2400,40.0,2,1.0,2022MND
2022_04_08_MND_S3,3600,60.0,4,0.8112781244591328,2022MND
2022_04_08_MND_S3,4200,70.0,1,0.0,2022MND
2022_04_08_MND_S4,0,0.0,9,0.7642045065086203,2022MND
2022_04_08_MND_S4,1200,20.0,1,0.0,2022MND
2022_04_08_MND_S4,3600,60.0,4,0.8112781244591328,2022MND
2022_04_08_MND_S4,4200,70.0,3,0.9182958340544896,2022MND
2022_04_08_MND_S5,0,0.0,12,1.0,2022MND
2022_04_08_MND_S5,600,10.0,10,1.0,2022MND
2022_04_08_MND_S5,2400,40.0,1,0.0,2022MND
2022_04_08_MND_S5,3000,50.0,2,1.0,2022MND
2022_04_08_MND_S5,3600,60.0,6,1.0,2022MND
2022_04_08_MND_S5,4200,70.0,5,0.0,2022MND
2022_04_08_MND_S6,0,0.0,2,1.0,2022MND
2022_04_08_MND_S7,0,0.0,13,0.39124356362925566,2022MND
2022_04_08_MND_S7,600,10.0,6,0.6500224216483541,2022MND
2022_04_08_MND_S7,1800,30.0,2,1.0,2022MND
2022_04_08_MND_S7,2400,40.0,1,0.0,2022MND
2022_04_08_MND_S7,3600,60.0,17,0.7871265862012691,2022MND
2022_04_08_MND_S7,4200,70.0,5,0.9709505944546686,2022MND
2022_04_08_MND_S8,0,0.0,6,0.9182958340544896,2022MND
2022_04_08_MND_S8,1200,20.0,1,0.0,2022MND
2022_04_08_MND_S8,1800,30.0,2,0.0,2022MND
2022_04_08_MND_S8,2400,40.0,1,0.0,2022MND
2022_04_08_MND_S8,3000,50.0,3,0.9182958340544896,2022MND
2022_04_08_MND_S8,3600,60.0,16,0.5478948105177535,2022MND
2022_04_08_MND_S8,4200,70.0,3,0.9182958340544896,2022MND
2022_04_08_MND_S9,0,0.0,16,0.8112781244591328,2022MND
2022_04_08_MND_S9,1200,20.0,2,0.0,2022MND
2022_04_08_MND_S9,2400,40.0,1,0.0,2022MND
2022_04_08_MND_S9,3000,50.0,6,0.0,2022MND
2022_04_08_MND_S9,3600,60.0,5,0.9709505944546686,2022MND
2022_04_08_MND_S9,4200,70.0,12,0.6500224216483541,2022MND
