session_id,n_utterances,strict_conv_utt,structural_wrap_utt,strict_conv_time_sec,structural_wrap_time_sec,total_time_sec,strict_conv_rate,structural_wrap_rate,strict_conv_time_last_third_sec,structural_wrap_time_last_third_sec,last_third_time_sec,strict_conv_rate_last_third,structural_wrap_rate_last_third,conference
2020_11_05_NES_S1,82,0,12,0.0,630.0,2163.0,0.0,0.2912621359223301,0.0,64.0,608.0,0.0,0.10526315789473684,2020NES
2020_11_05_NES_S2,67,0,3,0.0,53.0,1825.0,0.0,0.02904109589041096,0.0,0.0,580.0,0.0,0.0,2020NES
2020_11_05_NES_S3,45,0,5,0.0,203.0,1619.0,0.0,0.12538604076590487,0.0,58.0,625.0,0.0,0.0928,2020NES
2020_11_05_NES_S4,41,0,4,0.0,279.0,1084.0,0.0,0.257380073800738,0.0,189.0,467.0,0.0,0.40471092077087795,2020NES
2020_11_05_NES_S5,28,0,3,0.0,102.0,606.0,0.0,0.16831683168316833,0.0,20.0,56.0,0.0,0.35714285714285715,2020NES
2020_11_05_NES_S6,23,0,7,0.0,431.0,770.0,0.0,0.5597402597402598,0.0,93.0,117.0,0.0,0.7948717948717948,2020NES
2020_11_06_NES_S1,56,0,5,0.0,252.0,1818.0,0.0,0.13861386138613863,0.0,171.0,534.0,0.0,0.3202247191011236,2020NES
2020_11_06_NES_S10,71,0,11,0.0,426.0,2236.0,0.0,0.19051878354203935,0.0,161.0,494.0,0.0,0.3259109311740891,2020NES
2020_11_06_NES_S11,86,0,6,0.0,157.0,2313.0,0.0,0.06787721573713791,0.0,64.0,963.0,0.0,0.06645898234683281,2020NES
2020_11_06_NES_S12,89,0,18,0.0,1191.0,2890.0,0.0,0.4121107266435986,0.0,235.0,943.0,0.0,0.2492046659597031,2020NES
2020_11_06_NES_S2,77,1,12,37.0,354.0,1873.0,0.019754404698344902,0.18900160170848906,0.0,75.0,870.0,0.0,0.08620689655172414,2020NES
2020_11_06_NES_S3,38,0,2,0.0,110.0,730.0,0.0,0.1506849315068493,0.0,26.0,137.0,0.0,0.1897810218978102,2020NES
2020_11_06_NES_S4,88,0,10,0.0,505.0,2320.0,0.0,0.21767241379310345,0.0,325.0,948.0,0.0,0.34282700421940926,2020NES
2020_11_06_NES_S7,80,0,9,0.0,83.0,1795.0,0.0,0.046239554317548746,0.0,52.0,727.0,0.0,0.07152682255845942,2020NES
2020_11_06_NES_S8,120,0,13,0.0,365.0,1637.0,0.0,0.22296884544899206,0.0,58.0,610.0,0.0,0.09508196721311475,2020NES
2020_11_06_NES_S9,160,0,10,0.0,234.0,2896.0,0.0,0.08080110497237569,0.0,38.0,1196.0,0.0,0.03177257525083612,2020NES
2021_05_20_ABI_S1,121,0,18,0.0,357.0,2069.0,0.0,0.17254712421459642,0.0,32.0,1003.0,0.0,0.031904287138584245,2021ABI
2021_05_20_ABI_S2,287,0,23,0.0,517.0,3347.0,0.0,0.15446668658500148,0.0,161.0,853.0,0.0,0.18874560375146543,2021ABI
2021_05_20_ABI_S3,151,0,20,0.0,839.0,3649.0,0.0,0.22992600712523978,0.0,318.0,1076.0,0.0,0.2955390334572491,2021ABI
2021_05_20_ABI_S4,228,0,25,0.0,554.0,3110.0,0.0,0.17813504823151124,0.0,206.0,1001.0,0.0,0.2057942057942058,2021ABI
2021_05_20_ABI_S5,235,0,32,0.0,503.0,3297.0,0.0,0.15256293600242646,0.0,260.0,998.0,0.0,0.2605210420841683,2021ABI
2021_05_20_ABI_S6,230,0,24,0.0,1137.0,3374.0,0.0,0.3369887374036752,0.0,312.0,1161.0,0.0,0.268733850129199,2021ABI
2021_05_20_ABI_S7,188,0,27,0.0,742.0,3585.0,0.0,0.20697350069735007,0.0,280.0,1089.0,0.0,0.2571166207529844,2021ABI
2021_05_20_ABI_S8,327,0,38,0.0,390.0,2766.0,0.0,0.14099783080260303,0.0,102.0,825.0,0.0,0.12363636363636364,2021ABI
2021_05_21_ABI_S1,275,0,27,0.0,893.0,3367.0,0.0,0.2652212652212652,0.0,303.0,941.0,0.0,0.32199787460148777,2021ABI
2021_05_21_ABI_S10,215,1,9,10.0,333.0,3032.0,0.0032981530343007917,0.10982849604221635,0.0,106.0,867.0,0.0,0.12226066897347174,2021ABI
2021_05_21_ABI_S11,190,0,16,0.0,620.0,3236.0,0.0,0.1915945611866502,0.0,330.0,846.0,0.0,0.3900709219858156,2021ABI
2021_05_21_ABI_S12,267,0,23,0.0,480.0,3478.0,0.0,0.13801035077630822,0.0,283.0,1121.0,0.0,0.25245316681534347,2021ABI
2021_05_21_ABI_S13,219,0,13,0.0,608.0,3459.0,0.0,0.17577334489736918,0.0,62.0,1043.0,0.0,0.059443911792905084,2021ABI
2021_05_21_ABI_S14,189,0,12,0.0,391.0,2942.0,0.0,0.13290278721957852,0.0,77.0,838.0,0.0,0.09188544152744631,2021ABI
2021_05_21_ABI_S15,255,0,20,0.0,642.0,3236.0,0.0,0.1983930778739184,0.0,349.0,850.0,0.0,0.41058823529411764,2021ABI
2021_05_21_ABI_S16,235,0,17,0.0,442.0,2927.0,0.0,0.1510078578749573,0.0,68.0,995.0,0.0,0.06834170854271357,2021ABI
2021_05_21_ABI_S2,174,0,36,0.0,1580.0,4227.0,0.0,0.3737875561864206,0.0,552.0,1357.0,0.0,0.4067796610169492,2021ABI
2021_05_21_ABI_S3,232,0,19,0.0,595.0,3714.0,0.0,0.1602046311254712,0.0,115.0,1194.0,0.0,0.09631490787269682,2021ABI
2021_05_21_ABI_S4,259,0,30,0.0,1009.0,3969.0,0.0,0.25422020660115896,0.0,401.0,1157.0,0.0,0.3465859982713915,2021ABI
2021_05_21_ABI_S5,298,1,34,10.0,914.0,3684.0,0.0027144408251900108,0.248099891422367,0.0,267.0,1011.0,0.0,0.26409495548961426,2021ABI
2021_05_21_ABI_S6,288,0,29,0.0,696.0,3506.0,0.0,0.19851682829435255,0.0,180.0,1096.0,0.0,0.16423357664233576,2021ABI
2021_05_21_ABI_S7,139,0,31,0.0,1822.0,4067.0,0.0,0.447996065896238,0.0,578.0,1399.0,0.0,0.4131522516082916,2021ABI
2021_05_21_ABI_S8,237,0,33,0.0,924.0,4097.0,0.0,0.2255308762509153,0.0,413.0,1266.0,0.0,0.32622432859399686,2021ABI
2021_05_21_ABI_S9,174,0,11,0.0,477.0,3424.0,0.0,0.1393107476635514,0.0,82.0,1162.0,0.0,0.07056798623063683,2021ABI
output-2021-05-20-ABI-S1,39,0,11,0.0,728.0,1348.0,0.0,0.5400593471810089,0.0,261.0,575.0,0.0,0.4539130434782609,2021ABI
2021_10_07_CMC_S1,203,0,25,0.0,877.0,4005.0,0.0,0.21897627965043695,0.0,164.0,1233.0,0.0,0.1330089213300892,2021CMC
2021_10_07_CMC_S2,121,0,11,0.0,699.0,3879.0,0.0,0.18020108275328692,0.0,278.0,956.0,0.0,0.2907949790794979,2021CMC
2021_10_07_CMC_S3,169,0,24,0.0,976.0,3035.0,0.0,0.32158154859967053,0.0,94.0,1079.0,0.0,0.0871177015755329,2021CMC
2021_10_07_CMC_S4,187,0,31,0.0,1167.0,3338.0,0.0,0.3496105452366687,0.0,198.0,876.0,0.0,0.22602739726027396,2021CMC
2021_10_07_CMC_S5,174,0,18,0.0,489.0,3053.0,0.0,0.16017032427120864,0.0,77.0,932.0,0.0,0.08261802575107297,2021CMC
2021_10_07_CMC_S6,176,0,27,0.0,1036.0,3697.0,0.0,0.28022721125236677,0.0,361.0,1028.0,0.0,0.35116731517509725,2021CMC
2021_10_07_CMC_S7,131,0,21,0.0,1040.0,3250.0,0.0,0.32,0.0,609.0,1428.0,0.0,0.4264705882352941,2021CMC
2021_10_08_CMC_S1,177,1,21,27.0,1283.0,3743.0,0.007213465134918514,0.3427731765963131,27.0,404.0,893.0,0.030235162374020158,0.45240761478163494,2021CMC
2021_10_08_CMC_S10,182,0,22,0.0,997.0,3701.0,0.0,0.269386652256147,0.0,277.0,826.0,0.0,0.3353510895883777,2021CMC
2021_10_08_CMC_S11,179,1,21,66.0,800.0,4123.0,0.016007761338830948,0.19403347077370847,0.0,289.0,1355.0,0.0,0.2132841328413284,2021CMC
2021_10_08_CMC_S12,126,0,20,0.0,606.0,3016.0,0.0,0.20092838196286472,0.0,225.0,921.0,0.0,0.24429967426710097,2021CMC
2021_10_08_CMC_S13,195,0,41,0.0,1315.0,3671.0,0.0,0.3582130209752111,0.0,276.0,867.0,0.0,0.31833910034602075,2021CMC
2021_10_08_CMC_S14,258,0,46,0.0,1258.0,4263.0,0.0,0.2950973492845414,0.0,319.0,1392.0,0.0,0.22916666666666666,2021CMC
2021_10_08_CMC_S2,180,0,13,0.0,492.0,3138.0,0.0,0.15678776290630975,0.0,180.0,1193.0,0.0,0.15088013411567477,2021CMC
2021_10_08_CMC_S3,169,0,13,0.0,473.0,2692.0,0.0,0.17570579494799404,0.0,29.0,183.0,0.0,0.15846994535519127,2021CMC
2021_10_08_CMC_S4,151,1,21,14.0,791.0,3482.0,0.00402067777139575,0.22716829408385986,14.0,328.0,1316.0,0.010638297872340425,0.24924012158054712,2021CMC
2021_10_08_CMC_S5,195,1,20,26.0,1201.0,3703.0,0.0070213340534701595,0.3243316230083716,26.0,382.0,901.0,0.02885682574916759,0.4239733629300777,2021CMC
2021_10_08_CMC_S6,167,1,22,5.0,606.0,3117.0,0.0016041065126724415,0.1944177093358999,0.0,273.0,1298.0,0.0,0.2103235747303544,2021CMC
2021_10_08_CMC_S7,151,0,12,0.0,469.0,3408.0,0.0,0.13761737089201878,0.0,199.0,1190.0,0.0,0.1672268907563025,2021CMC
2021_10_08_CMC_S8,173,0,22,0.0,857.0,3493.0,0.0,0.24534783853421127,0.0,517.0,1198.0,0.0,0.4315525876460768,2021CMC
2021_10_08_CMC_S9,184,0,17,0.0,596.0,2601.0,0.0,0.22914263744713573,0.0,132.0,780.0,0.0,0.16923076923076924,2021CMC
2021_04_22_MND_S1,199,1,19,48.0,572.0,3770.0,0.01273209549071618,0.15172413793103448,0.0,114.0,1152.0,0.0,0.09895833333333333,2021MND
2021_04_22_MND_S2,1,0,0,0.0,0.0,5.0,0.0,0.0,0.0,0.0,0.0,,,2021MND
2021_04_22_MND_S3,163,0,10,0.0,195.0,3240.0,0.0,0.06018518518518518,0.0,97.0,982.0,0.0,0.09877800407331976,2021MND
2021_04_22_MND_S4,240,0,16,0.0,444.0,3396.0,0.0,0.13074204946996468,0.0,242.0,1066.0,0.0,0.2270168855534709,2021MND
2021_04_22_MND_S5,222,0,15,0.0,550.0,3804.0,0.0,0.14458464773922186,0.0,427.0,1197.0,0.0,0.3567251461988304,2021MND
2021_04_22_MND_S6,228,0,18,0.0,722.0,3809.0,0.0,0.18955106327119978,0.0,130.0,965.0,0.0,0.13471502590673576,2021MND
2021_04_22_MND_S7,187,0,25,0.0,792.0,3553.0,0.0,0.22291021671826625,0.0,367.0,1142.0,0.0,0.3213660245183888,2021MND
2021_04_22_MND_S8,201,1,13,2.0,567.0,3388.0,0.0005903187721369539,0.16735537190082644,0.0,127.0,998.0,0.0,0.12725450901803606,2021MND
2021_04_23_MND_S1,153,0,18,0.0,682.0,2951.0,0.0,0.23110809894950865,0.0,403.0,1247.0,0.0,0.3231756214915798,2021MND
2021_04_23_MND_S10,223,1,17,5.0,584.0,3254.0,0.0015365703749231714,0.17947141979102643,0.0,384.0,1106.0,0.0,0.3471971066907776,2021MND
2021_04_23_MND_S11,214,0,20,0.0,606.0,3105.0,0.0,0.19516908212560385,0.0,341.0,881.0,0.0,0.3870601589103292,2021MND
2021_04_23_MND_S12,193,0,20,0.0,642.0,3673.0,0.0,0.17478900081677104,0.0,86.0,1146.0,0.0,0.07504363001745201,2021MND
2021_04_23_MND_S13,209,0,20,0.0,776.0,3161.0,0.0,0.24549193293261626,0.0,358.0,1084.0,0.0,0.33025830258302585,2021MND
2021_04_23_MND_S14,204,0,25,0.0,758.0,3329.0,0.0,0.22769600480624813,0.0,256.0,901.0,0.0,0.28412874583795783,2021MND
2021_04_23_MND_S15,213,0,21,0.0,479.0,3105.0,0.0,0.15426731078904993,0.0,152.0,1086.0,0.0,0.13996316758747698,2021MND
2021_04_23_MND_S16,186,1,15,153.0,512.0,3101.0,0.04933892292808771,0.16510802966784907,153.0,133.0,1073.0,0.14259086672879775,0.1239515377446412,2021MND
2021_04_23_MND_S2,218,0,16,0.0,341.0,2952.0,0.0,0.1155149051490515,0.0,109.0,863.0,0.0,0.12630359212050984,2021MND
2021_04_23_MND_S3,134,0,12,0.0,388.0,2643.0,0.0,0.14680287552024215,0.0,135.0,839.0,0.0,0.16090584028605484,2021MND
2021_04_23_MND_S4,182,0,27,0.0,727.0,3315.0,0.0,0.21930618401206636,0.0,96.0,971.0,0.0,0.09886714727085479,2021MND
2021_04_23_MND_S5,176,0,14,0.0,359.0,3166.0,0.0,0.11339229311433986,0.0,133.0,730.0,0.0,0.1821917808219178,2021MND
2021_04_23_MND_S6,259,0,23,0.0,492.0,3090.0,0.0,0.15922330097087378,0.0,106.0,862.0,0.0,0.12296983758700696,2021MND
2021_04_23_MND_S7,202,0,24,0.0,701.0,3486.0,0.0,0.20109007458405048,0.0,77.0,989.0,0.0,0.07785642062689585,2021MND
2021_04_23_MND_S8,175,0,24,0.0,1103.0,3448.0,0.0,0.3198955916473318,0.0,283.0,1006.0,0.0,0.2813121272365805,2021MND
2021_04_23_MND_S9,180,0,17,0.0,361.0,3473.0,0.0,0.10394471638353009,0.0,151.0,1092.0,0.0,0.1382783882783883,2021MND
2021_09_30_MZT_S2,145,0,9,0.0,499.0,2386.0,0.0,0.20913663034367141,0.0,110.0,843.0,0.0,0.13048635824436536,2021MZT
2021_09_30_MZT_S3,123,0,20,0.0,623.0,2751.0,0.0,0.22646310432569974,0.0,162.0,907.0,0.0,0.17861080485115766,2021MZT
2021_09_30_MZT_S4,147,0,12,0.0,180.0,2099.0,0.0,0.0857551214864221,0.0,75.0,788.0,0.0,0.09517766497461928,2021MZT
2021_09_30_MZT_S5,130,0,18,0.0,614.0,2889.0,0.0,0.21253028729664245,0.0,235.0,890.0,0.0,0.2640449438202247,2021MZT
2021_09_30_MZT_S6,39,0,4,0.0,90.0,397.0,0.0,0.22670025188916876,0.0,0.0,40.0,0.0,0.0,2021MZT
2021_09_30_MZT_S7,425,1,27,7.0,1211.0,7563.0,0.0009255586407510248,0.16012164484992727,7.0,488.0,2233.0,0.003134796238244514,0.21854008060904612,2021MZT
2021_10_01_MZT_S1,201,0,5,0.0,64.0,3279.0,0.0,0.019518145776151265,0.0,38.0,1081.0,0.0,0.03515263644773358,2021MZT
2021_10_01_MZT_S11,132,0,9,0.0,574.0,3105.0,0.0,0.18486312399355878,0.0,83.0,1000.0,0.0,0.083,2021MZT
2021_10_01_MZT_S2,181,0,13,0.0,313.0,3249.0,0.0,0.09633733456448137,0.0,93.0,814.0,0.0,0.11425061425061425,2021MZT
2021_10_01_MZT_S3,249,1,25,169.0,1081.0,5030.0,0.03359840954274354,0.21491053677932406,169.0,205.0,1624.0,0.10406403940886699,0.12623152709359606,2021MZT
2021_10_01_MZT_S4,220,1,13,50.0,834.0,4384.0,0.011405109489051095,0.19023722627737227,50.0,376.0,1493.0,0.033489618218352314,0.25184192900200936,2021MZT
2021_10_01_MZT_S5,243,0,12,0.0,575.0,4594.0,0.0,0.12516325642141923,0.0,337.0,1390.0,0.0,0.24244604316546764,2021MZT
2021_10_01_MZT_S7,184,2,11,24.0,496.0,3338.0,0.007189934092270821,0.14859197124026363,0.0,122.0,1050.0,0.0,0.11619047619047619,2021MZT
2021_10_01_MZT_S8,180,0,15,0.0,491.0,3277.0,0.0,0.1498321635642356,0.0,40.0,1054.0,0.0,0.03795066413662239,2021MZT
2021_10_01_MZT_S9,197,0,22,0.0,760.0,2963.0,0.0,0.2564967937900776,0.0,190.0,1095.0,0.0,0.1735159817351598,2021MZT
2021_11_04_NES_S1,115,0,7,0.0,361.0,2496.0,0.0,0.14463141025641027,0.0,11.0,285.0,0.0,0.03859649122807018,2021NES
2021_11_04_NES_S2,174,0,12,0.0,198.0,2412.0,0.0,0.08208955223880597,0.0,67.0,727.0,0.0,0.0921595598349381,2021NES
2021_11_04_NES_S3,244,0,42,0.0,974.0,4147.0,0.0,0.2348685796961659,0.0,400.0,1406.0,0.0,0.2844950213371266,2021NES
2021_11_04_NES_S4,219,0,20,0.0,562.0,3506.0,0.0,0.16029663434112948,0.0,47.0,1126.0,0.0,0.041740674955595025,2021NES
2021_11_04_NES_S5,187,0,28,0.0,701.0,3877.0,0.0,0.18080990456538562,0.0,247.0,1123.0,0.0,0.21994657168299198,2021NES
2021_11_04_NES_S6,172,2,2,35.0,48.0,3206.0,0.010917030567685589,0.014971927635683094,35.0,0.0,688.0,0.050872093023255814,0.0,2021NES
2021_11_05_NES_S1,382,1,30,7.0,765.0,5092.0,0.0013747054202670856,0.1502356637863315,0.0,358.0,1365.0,0.0,0.2622710622710623,2021NES
2021_11_05_NES_S10,276,0,14,0.0,729.0,3834.0,0.0,0.19014084507042253,0.0,273.0,1224.0,0.0,0.22303921568627452,2021NES
2021_11_05_NES_S11,148,0,26,0.0,1188.0,3810.0,0.0,0.31181102362204727,0.0,417.0,1188.0,0.0,0.351010101010101,2021NES
2021_11_05_NES_S12,255,0,24,0.0,500.0,3433.0,0.0,0.14564520827264782,0.0,245.0,1102.0,0.0,0.22232304900181488,2021NES
2021_11_05_NES_S2,163,0,24,0.0,1310.0,3989.0,0.0,0.3284031085485084,0.0,434.0,1220.0,0.0,0.3557377049180328,2021NES
2021_11_05_NES_S3,315,1,35,13.0,1023.0,5744.0,0.002263231197771588,0.17809888579387187,0.0,302.0,1837.0,0.0,0.16439847577572128,2021NES
2021_11_05_NES_S4,225,1,29,30.0,1493.0,5514.0,0.00544069640914037,0.27076532462821906,0.0,833.0,1655.0,0.0,0.5033232628398792,2021NES
2021_11_05_NES_S5,299,1,36,25.0,1804.0,5493.0,0.004551247041689423,0.3284179865283088,0.0,1153.0,1886.0,0.0,0.6113467656415694,2021NES
2021_11_05_NES_S6,339,2,30,8.0,1316.0,5657.0,0.0014141771256849921,0.2326321371751812,0.0,787.0,1665.0,0.0,0.47267267267267266,2021NES
2021_11_05_NES_S7,347,0,19,0.0,345.0,3256.0,0.0,0.10595823095823095,0.0,71.0,1115.0,0.0,0.06367713004484304,2021NES
2021_11_05_NES_S8,148,0,26,0.0,1455.0,3161.0,0.0,0.46029737424865547,0.0,139.0,447.0,0.0,0.31096196868008946,2021NES
2021_11_05_NES_S9,266,0,22,0.0,515.0,3647.0,0.0,0.14121195503153278,0.0,229.0,1229.0,0.0,0.18633034987794955,2021NES
2021_06_10_SLU_S1,213,0,22,0.0,883.0,3669.0,0.0,0.24066503134369038,0.0,295.0,1160.0,0.0,0.2543103448275862,2021SLU
2021_06_10_SLU_S2,190,0,43,0.0,1178.0,3269.0,0.0,0.3603548485775466,0.0,349.0,1015.0,0.0,0.3438423645320197,2021SLU
2021_06_10_SLU_S3,178,0,22,0.0,743.0,3753.0,0.0,0.19797495337063684,0.0,212.0,1193.0,0.0,0.1777032690695725,2021SLU
2021_06_10_SLU_S4,308,0,29,0.0,708.0,3473.0,0.0,0.20385833573279585,0.0,319.0,1272.0,0.0,0.2507861635220126,2021SLU
2021_06_10_SLU_S5,202,0,42,0.0,1401.0,3955.0,0.0,0.35423514538558787,0.0,445.0,1219.0,0.0,0.36505332239540605,2021SLU
2021_06_10_SLU_S6,249,1,27,23.0,929.0,3764.0,0.006110520722635494,0.24681190223166843,0.0,498.0,1210.0,0.0,0.4115702479338843,2021SLU
2021_06_10_SLU_S7,205,1,22,17.0,1076.0,3508.0,0.004846066134549601,0.30672748004561,0.0,362.0,1230.0,0.0,0.2943089430894309,2021SLU
2021_06_11_SLU_S1,269,1,28,3.0,757.0,3892.0,0.0007708119218910585,0.19450154162384378,0.0,295.0,1418.0,0.0,0.20803949224259521,2021SLU
2021_06_11_SLU_S10,246,0,28,0.0,971.0,3535.0,0.0,0.2746817538896747,0.0,289.0,1137.0,0.0,0.2541776605101143,2021SLU
2021_06_11_SLU_S11,201,0,31,0.0,1048.0,3281.0,0.0,0.3194148125571472,0.0,420.0,1271.0,0.0,0.3304484657749803,2021SLU
2021_06_11_SLU_S12,257,3,19,11.0,610.0,3624.0,0.0030353200883002206,0.1683222958057395,0.0,225.0,1411.0,0.0,0.15946137491141035,2021SLU
2021_06_11_SLU_S13,257,0,20,0.0,478.0,3362.0,0.0,0.1421772754312909,0.0,225.0,1062.0,0.0,0.211864406779661,2021SLU
2021_06_11_SLU_S2,247,0,15,0.0,447.0,3529.0,0.0,0.1266647775573817,0.0,255.0,1214.0,0.0,0.2100494233937397,2021SLU
2021_06_11_SLU_S3,229,0,22,0.0,1375.0,3608.0,0.0,0.38109756097560976,0.0,349.0,1026.0,0.0,0.3401559454191033,2021SLU
2021_06_11_SLU_S4,209,0,22,0.0,981.0,3535.0,0.0,0.2775106082036775,0.0,434.0,1230.0,0.0,0.35284552845528455,2021SLU
2021_06_11_SLU_S5,180,0,9,0.0,509.0,3392.0,0.0,0.15005896226415094,0.0,304.0,1071.0,0.0,0.2838468720821662,2021SLU
2021_06_11_SLU_S6,253,2,13,35.0,363.0,3617.0,0.009676527508985348,0.10035941387890517,35.0,115.0,1182.0,0.02961082910321489,0.09729272419627749,2021SLU
2021_06_11_SLU_S7,199,0,25,0.0,667.0,3912.0,0.0,0.17050102249488752,0.0,345.0,1306.0,0.0,0.26416539050535986,2021SLU
2021_06_11_SLU_S8,262,0,31,0.0,704.0,3629.0,0.0,0.19399283549187105,0.0,350.0,1335.0,0.0,0.26217228464419473,2021SLU
2021_06_11_SLU_S9,260,1,17,4.0,641.0,3535.0,0.0011315417256011315,0.18132956152758134,0.0,275.0,1073.0,0.0,0.25629077353215285,2021SLU
2022_04_07_MND_S1,283,0,16,0.0,269.0,3451.0,0.0,0.0779484207476094,0.0,150.0,1214.0,0.0,0.12355848434925865,2022MND
2022_04_07_MND_S2,271,0,40,0.0,1279.0,3769.0,0.0,0.33934730697797827,0.0,418.0,1335.0,0.0,0.31310861423220976,2022MND
2022_04_07_MND_S3,141,0,27,0.0,1409.0,3958.0,0.0,0.3559878726629611,0.0,235.0,1306.0,0.0,0.17993874425727413,2022MND
2022_04_07_MND_S4,257,0,19,0.0,410.0,3373.0,0.0,0.12155351319300327,0.0,128.0,832.0,0.0,0.15384615384615385,2022MND
2022_04_07_MND_S5,258,0,18,0.0,357.0,3284.0,0.0,0.1087088915956151,0.0,140.0,1028.0,0.0,0.13618677042801555,2022MND
2022_04_07_MND_S6,234,0,31,0.0,1101.0,3831.0,0.0,0.2873923257635082,0.0,320.0,1233.0,0.0,0.259529602595296,2022MND
2022_04_08_MND_S1,230,0,18,0.0,342.0,3183.0,0.0,0.10744580584354382,0.0,95.0,1134.0,0.0,0.0837742504409171,2022MND
2022_04_08_MND_S10,197,0,15,0.0,511.0,3563.0,0.0,0.14341846758349705,0.0,213.0,843.0,0.0,0.2526690391459075,2022MND
2022_04_08_MND_S11,211,0,17,0.0,281.0,3136.0,0.0,0.08960459183673469,0.0,48.0,935.0,0.0,0.051336898395721926,2022MND
2022_04_08_MND_S12,12,0,0,0.0,0.0,29.0,0.0,0.0,0.0,0.0,13.0,0.0,0.0,2022MND
2022_04_08_MND_S2,312,2,26,44.0,508.0,3056.0,0.014397905759162303,0.1662303664921466,29.0,132.0,773.0,0.037516170763260026,0.17076326002587322,2022MND
2022_04_08_MND_S3,281,0,22,0.0,540.0,3563.0,0.0,0.1515576761156329,0.0,51.0,1040.0,0.0,0.04903846153846154,2022MND
2022_04_08_MND_S4,216,0,20,0.0,753.0,3932.0,0.0,0.1915055951169888,0.0,334.0,1237.0,0.0,0.2700080840743735,2022MND
2022_04_08_MND_S5,255,0,21,0.0,590.0,3724.0,0.0,0.15843179377013963,0.0,235.0,1157.0,0.0,0.2031114952463267,2022MND
2022_04_08_MND_S6,6,0,0,0.0,0.0,48.0,0.0,0.0,0.0,0.0,0.0,,,2022MND
2022_04_08_MND_S7,259,0,18,0.0,697.0,3491.0,0.0,0.1996562589515898,0.0,197.0,1007.0,0.0,0.19563058589870905,2022MND
2022_04_08_MND_S8,365,0,22,0.0,635.0,3481.0,0.0,0.18241884515943693,0.0,288.0,1231.0,0.0,0.23395613322502032,2022MND
2022_04_08_MND_S9,273,1,20,2.0,444.0,3729.0,0.0005363368195226602,0.11906677393403058,0.0,231.0,1135.0,0.0,0.20352422907488987,2022MND
