conference,session_id,meeting_id,n_chunks,n_moves,threshold,similarity_method,n_possible_links,n_nonzero_links,total_link_weight,weighted_ldi,mean_nonzero_weight,forelink_weight_mean,backlink_weight_mean,cross_speaker_weight_ratio,late_minus_early_backlink,forelink_entropy,backlink_entropy,horizon_entropy,overall_link_entropy,session_id_norm,meeting_base,registry_session_key,funded_rate,any_funded,n_teams,registry_rows,registry_num_teams,registry_num_funded_teams,registry_any_funded,registry_has_teams,registry_funded_rate,funded_rate_entropy,any_funded_entropy,n_teams_entropy,num_funded_teams,outcome_source
2020NES,output_2020_11_05_NES_S1,output_2020_11_05_NES_S1__1_DAC_Simulations_Zoom_Meeting_2020_11_05_12_09_10,2,25.0,0.35,lsa,300.0,2.0,0.8697827067979136,0.0347913082719165,0.4348913533989568,0.0347913082719165,0.0347913082719165,0.2053479793538683,0.0223260151647362,0.4540103999592796,0.3409009384563797,0.2800741861987517,1.074985524614411,2020_11_05_NES_S1,1_DAC_Simulations_Zoom_Meeting_2020_11_05_12_09_10,2020_11_05_NES_S1/1_DAC_Simulations_Zoom_Meeting_2020_11_05_12_09_10,0.0,0.0,1.0,8.0,1.0,0.0,0.0,True,0.0,0.0,0.0,1.0,0.0,chunk_registry_v1
2020NES,output_2020_11_05_NES_S1,output_2020_11_05_NES_S1__1_DAC_Simulations_Zoom_Meeting_2020_11_05_12_24_10,6,125.0,0.35,lsa,7750.0,725.0,116.1270042217135,0.929016033773708,0.1601751782368462,0.929016033773708,0.929016033773708,0.7819870978202882,0.986319777091166,13.123829113227634,12.846309944767436,12.508699455484928,38.47883851348,2020_11_05_NES_S1,1_DAC_Simulations_Zoom_Meeting_2020_11_05_12_24_10,2020_11_05_NES_S1/1_DAC_Simulations_Zoom_Meeting_2020_11_05_12_24_10,0.0,0.0,1.0,8.0,1.0,0.0,0.0,True,0.0,0.0,0.0,1.0,0.0,chunk_registry_v1
2020NES,output_2020_11_05_NES_S2,output_2020_11_05_NES_S2__2020_11_05_11_57_33,8,141.0,0.35,lsa,9870.0,1008.0,169.3540733511633,1.2010927188025764,0.1680099934039318,1.2010927188025764,1.2010927188025764,0.7913886635956311,1.5252589094154168,16.087596606265137,16.850499499710992,16.235113392103216,49.173209498079345,2020_11_05_NES_S2,2020_11_05_11_57_33,2020_11_05_NES_S2/2020_11_05_11_57_33,0.0,0.0,3.0,8.0,3.0,0.0,0.0,True,0.0,0.0,0.0,3.0,0.0,chunk_registry_v1
2020NES,output_2020_11_05_NES_S3,output_2020_11_05_NES_S3__3_Sorbents_Zoom_Meeting_2020_11_05_12_20_44,6,126.0,0.35,lsa,7875.0,609.0,100.3628312128841,0.7965304064514611,0.1647993944382333,0.796530406451461,0.7965304064514612,0.8063114361172253,0.946798398040004,12.256982960418958,11.674578142348103,11.15078960130195,35.082350704069015,2020_11_05_NES_S3,3_Sorbents_Zoom_Meeting_2020_11_05_12_20_44,2020_11_05_NES_S3/3_Sorbents_Zoom_Meeting_2020_11_05_12_20_44,0.3333333333333333,1.0,3.0,7.0,3.0,1.0,1.0,True,0.3333333333333333,0.3333333333333333,1.0,3.0,1.0,chunk_registry_v1
2020NES,output_2020_11_05_NES_S4,output_2020_11_05_NES_S4__4_Beyond_CO2_Zoom_Meeting_2020_11_05_11_59_04,2,32.0,0.35,lsa,496.0,4.0,0.9901158367442792,0.0309411198982587,0.2475289591860698,0.0309411198982587,0.0309411198982587,0.7955621993779696,0.0618822397965174,0.7200130759488854,0.2336454494432763,0.2743876157937917,1.2280461411859536,2020_11_05_NES_S4,4_Beyond_CO2_Zoom_Meeting_2020_11_05_11_59_04,2020_11_05_NES_S4/4_Beyond_CO2_Zoom_Meeting_2020_11_05_11_59_04,1.0,1.0,1.0,12.0,1.0,1.0,1.0,True,1.0,1.0,1.0,1.0,1.0,chunk_registry_v1
2020NES,output_2020_11_05_NES_S4,output_2020_11_05_NES_S4__4_Beyond_CO2_Zoom_Meeting_2020_11_05_12_17_00,6,104.0,0.35,lsa,5356.0,459.0,74.84187473249565,0.7196334108893813,0.163054193316984,0.7196334108893813,0.7196334108893813,0.7234762606083444,0.989447020985338,10.32618383784208,9.909306638848818,10.34509177612574,30.58058225281664,2020_11_05_NES_S4,4_Beyond_CO2_Zoom_Meeting_2020_11_05_12_17_00,2020_11_05_NES_S4/4_Beyond_CO2_Zoom_Meeting_2020_11_05_12_17_00,1.0,1.0,1.0,12.0,1.0,1.0,1.0,True,1.0,1.0,1.0,1.0,1.0,chunk_registry_v1
2020NES,output_2020_11_05_NES_S5,output_2020_11_05_NES_S5__5_Decarbonizing_the_Economy_Zoom_Meeting_11_5_2020_11_58_06_AM,2,24.0,0.35,lsa,276.0,1.0,0.0971511130623842,0.004047963044266,0.0971511130623842,0.004047963044266,0.004047963044266,1.0,0.0,0.0564028870022993,0.0597386240898373,0.0484262966177209,0.1645678077098576,2020_11_05_NES_S5,5_Decarbonizing_the_Economy_Zoom_Meeting_11_5_2020_11_58_06_AM,2020_11_05_NES_S5/5_Decarbonizing_the_Economy_Zoom_Meeting_11_5_2020_11_58_06_AM,1.0,1.0,1.0,10.0,1.0,1.0,1.0,True,1.0,1.0,1.0,1.0,1.0,chunk_registry_v1
2020NES,output_2020_11_05_NES_S5,output_2020_11_05_NES_S5__5_Decarbonizing_the_Economy_Zoom_Meeting_11_5_2020_12_19_34_PM,6,120.0,0.35,lsa,7140.0,601.0,93.90549627228415,0.7825458022690347,0.1562487458773447,0.7825458022690347,0.7825458022690348,0.8381671186353945,1.269509118618006,12.17704700786126,11.79323750194122,10.791471693846288,34.761756203648766,2020_11_05_NES_S5,5_Decarbonizing_the_Economy_Zoom_Meeting_11_5_2020_12_19_34_PM,2020_11_05_NES_S5/5_Decarbonizing_the_Economy_Zoom_Meeting_11_5_2020_12_19_34_PM,1.0,1.0,1.0,10.0,1.0,1.0,1.0,True,1.0,1.0,1.0,1.0,1.0,chunk_registry_v1
2020NES,output_2020_11_05_NES_S6,output_2020_11_05_NES_S6__6_Theory_and_Expt_Zoom_Meeting_2020_11_05_10_09_14,2,17.0,0.35,lsa,136.0,0.0,0.0,0.0,0.0,0.0,0.0,0.0,0.0,0.0,0.0,0.0,0.0,2020_11_05_NES_S6,6_Theory_and_Expt_Zoom_Meeting_2020_11_05_10_09_14,2020_11_05_NES_S6/6_Theory_and_Expt_Zoom_Meeting_2020_11_05_10_09_14,0.0,0.0,2.0,11.0,2.0,0.0,0.0,True,0.0,0.0,0.0,2.0,0.0,chunk_registry_v1
2020NES,output_2020_11_05_NES_S6,output_2020_11_05_NES_S6__6_Theory_and_Expt_Zoom_Meeting_2020_11_05_10_28_39,3,50.0,0.35,lsa,1225.0,24.0,4.637412564143032,0.0927482512828606,0.1932255235059596,0.0927482512828606,0.0927482512828606,0.4769236379298253,0.1611382110945582,1.145035079931552,1.1884566519822124,1.158385294406215,3.4918770263199796,2020_11_05_NES_S6,6_Theory_and_Expt_Zoom_Meeting_2020_11_05_10_28_39,2020_11_05_NES_S6/6_Theory_and_Expt_Zoom_Meeting_2020_11_05_10_28_39,0.0,0.0,2.0,11.0,2.0,0.0,0.0,True,0.0,0.0,0.0,2.0,0.0,chunk_registry_v1
2020NES,output_2020_11_05_NES_S6,output_2020_11_05_NES_S6__6_Theory_and_Expt_Zoom_Meeting_2020_11_05_10_48_43,3,51.0,0.35,lsa,1275.0,47.0,6.465917711272976,0.1267827002210387,0.1375727172611271,0.1267827002210387,0.1267827002210387,0.5942556736568784,0.085796868665621,1.890259494511873,2.0112442192559983,1.8860303153528488,5.78753402912072,2020_11_05_NES_S6,6_Theory_and_Expt_Zoom_Meeting_2020_11_05_10_48_43,2020_11_05_NES_S6/6_Theory_and_Expt_Zoom_Meeting_2020_11_05_10_48_43,0.0,0.0,2.0,11.0,2.0,0.0,0.0,True,0.0,0.0,0.0,2.0,0.0,chunk_registry_v1
2020NES,output_2020_11_06_NES_S1,output_2020_11_06_NES_S1__1_CO2_DAC_2_Zoom_Meeting_2020_11_06_10_48_29,3,46.0,0.35,lsa,1035.0,27.0,6.77635990375841,0.147312171820835,0.2509762927317929,0.1473121718208349,0.147312171820835,0.5986703531184966,0.0386214737792057,1.765028544422765,1.8705619799875348,1.5274977442892657,5.163088268699566,2020_11_06_NES_S1,1_CO2_DAC_2_Zoom_Meeting_2020_11_06_10_48_29,2020_11_06_NES_S1/1_CO2_DAC_2_Zoom_Meeting_2020_11_06_10_48_29,0.5,1.0,2.0,9.0,2.0,1.0,1.0,True,0.5,0.5,1.0,2.0,1.0,chunk_registry_v1
2020NES,output_2020_11_06_NES_S1,output_2020_11_06_NES_S1__Zoom_Meeting_2020_11_06_10_17_47,4,47.0,0.35,lsa,1081.0,42.0,4.866624175913259,0.103545195232197,0.1158720041884109,0.1035451952321969,0.103545195232197,0.6898990754536931,0.1835558237951312,1.9285451202989432,1.3904016770044163,1.25702633141315,4.57597312871651,2020_11_06_NES_S1,Zoom_Meeting_2020_11_06_10_17_47,2020_11_06_NES_S1/Zoom_Meeting_2020_11_06_10_17_47,0.5,1.0,2.0,9.0,2.0,1.0,1.0,True,0.5,0.5,1.0,2.0,1.0,chunk_registry_v1
2020NES,output_2020_11_06_NES_S10,output_2020_11_06_NES_S10__4_frontiers_in_echem_Zoom_Meeting_2020_11_06_12_23_32,3,39.0,0.35,lsa,741.0,8.0,2.4726438817845064,0.0634011251739617,0.3090804852230633,0.0634011251739617,0.0634011251739617,0.2954016542102051,0.1780101653980004,0.8644965157655244,0.5781949443923,0.9311144416813882,2.3738059018392126,2020_11_06_NES_S10,4_frontiers_in_echem_Zoom_Meeting_2020_11_06_12_23_32,2020_11_06_NES_S10/4_frontiers_in_echem_Zoom_Meeting_2020_11_06_12_23_32,,0.0,0.0,9.0,0.0,0.0,0.0,False,,,,,0.0,chunk_registry_v1
2020NES,output_2020_11_06_NES_S10,output_2020_11_06_NES_S10__4_frontiers_in_echem_Zoom_Meeting_2020_11_06_12_52_00,3,91.0,0.35,lsa,4095.0,308.0,47.58197071789256,0.5228787990977204,0.1544869179152355,0.5228787990977204,0.5228787990977204,0.6701663210780094,0.4941934490886527,7.959232749358999,8.436326158129102,7.348671740851595,23.744230648339695,2020_11_06_NES_S10,4_frontiers_in_echem_Zoom_Meeting_2020_11_06_12_52_00,2020_11_06_NES_S10/4_frontiers_in_echem_Zoom_Meeting_2020_11_06_12_52_00,,0.0,0.0,9.0,0.0,0.0,0.0,False,,,,,0.0,chunk_registry_v1
2020NES,output_2020_11_06_NES_S11,output_2020_11_06_NES_S11__5_what_to_do_with_captured_carbon_Zoom_Meeting_2020_11_06_12_16_53,7,154.0,0.35,lsa,11781.0,1179.0,188.72922076771465,1.2255144205695754,0.1600756749514119,1.2255144205695754,1.2255144205695754,0.7937597735840474,1.2973227069967164,16.982223401610987,18.163329129710583,16.33892384724501,51.48447637856658,2020_11_06_NES_S11,5_what_to_do_with_captured_carbon_Zoom_Meeting_2020_11_06_12_16_53,2020_11_06_NES_S11/5_what_to_do_with_captured_carbon_Zoom_Meeting_2020_11_06_12_16_53,0.3333333333333333,1.0,3.0,11.0,3.0,1.0,1.0,True,0.3333333333333333,0.3333333333333333,1.0,3.0,1.0,chunk_registry_v1
2020NES,output_2020_11_06_NES_S12,output_2020_11_06_NES_S12__6_new_ideas_for_CO2_utilization_Zoom_Meeting_2020_11_06_10_12_03,2,53.0,0.35,lsa,1378.0,70.0,14.706429729501158,0.2774798062170029,0.2100918532785879,0.2774798062170029,0.2774798062170029,0.2934887991803218,0.4702657983571971,4.203560823565582,3.408586639626608,2.7880077562494425,10.400155219441633,2020_11_06_NES_S12,6_new_ideas_for_CO2_utilization_Zoom_Meeting_2020_11_06_10_12_03,2020_11_06_NES_S12/6_new_ideas_for_CO2_utilization_Zoom_Meeting_2020_11_06_10_12_03,0.5,1.0,2.0,8.0,2.0,1.0,1.0,True,0.5,0.5,1.0,2.0,1.0,chunk_registry_v1
2020NES,output_2020_11_06_NES_S12,output_2020_11_06_NES_S12__6_new_ideas_for_CO2_utilization_Zoom_Meeting_2020_11_06_10_22_34,3,47.0,0.35,lsa,1081.0,25.0,4.632394443513398,0.0985615839045403,0.1852957777405359,0.0985615839045403,0.0985615839045403,0.4474583191388834,0.1970852182305631,1.4611382279838745,1.2620825912188127,1.587073910247612,4.3102947294503,2020_11_06_NES_S12,6_new_ideas_for_CO2_utilization_Zoom_Meeting_2020_11_06_10_22_34,2020_11_06_NES_S12/6_new_ideas_for_CO2_utilization_Zoom_Meeting_2020_11_06_10_22_34,0.5,1.0,2.0,8.0,2.0,1.0,1.0,True,0.5,0.5,1.0,2.0,1.0,chunk_registry_v1
2020NES,output_2020_11_06_NES_S12,output_2020_11_06_NES_S12__6_new_ideas_for_CO2_utilization_Zoom_Meeting_2020_11_06_10_49_48,3,61.0,0.35,lsa,1830.0,67.0,12.971913687049632,0.2126543227385185,0.1936106520455169,0.2126543227385185,0.2126543227385186,0.6084015704008856,0.3065706654180702,3.175585960403492,2.7902843953601892,2.430664144007085,8.396534499770766,2020_11_06_NES_S12,6_new_ideas_for_CO2_utilization_Zoom_Meeting_2020_11_06_10_49_48,2020_11_06_NES_S12/6_new_ideas_for_CO2_utilization_Zoom_Meeting_2020_11_06_10_49_48,0.5,1.0,2.0,8.0,2.0,1.0,1.0,True,0.5,0.5,1.0,2.0,1.0,chunk_registry_v1
2020NES,output_2020_11_06_NES_S2,output_2020_11_06_NES_S2__2020_11_06_09_59_04,9,186.0,0.35,lsa,17205.0,1834.0,330.53672895754494,1.77707918794379,0.1802272240771782,1.7770791879437906,1.7770791879437904,0.7844812611680465,2.2300136571215567,24.95208582974121,22.94870202113472,24.64248007446497,72.5432679253409,2020_11_06_NES_S2,2020_11_06_09_59_04,2020_11_06_NES_S2/2020_11_06_09_59_04,0.0,0.0,2.0,9.0,2.0,0.0,0.0,True,0.0,0.0,0.0,2.0,0.0,chunk_registry_v1
2020NES,output_2020_11_06_NES_S3,output_2020_11_06_NES_S3__2020_11_06_10_47_07,4,129.0,0.35,lsa,8256.0,552.0,117.7143597518806,0.912514416681245,0.2132506517244214,0.912514416681245,0.912514416681245,0.8313919176347592,1.256978207902333,12.403035565378024,13.493484294239575,12.682528726997552,38.57904858661515,2020_11_06_NES_S3,2020_11_06_10_47_07,2020_11_06_NES_S3/2020_11_06_10_47_07,0.6666666666666666,1.0,3.0,4.0,3.0,2.0,1.0,True,0.6666666666666666,0.6666666666666666,1.0,3.0,2.0,chunk_registry_v1
2020NES,output_2020_11_06_NES_S4,output_2020_11_06_NES_S4__Zoom_Meeting_2020_11_06_10_09_38,4,82.0,0.35,lsa,3321.0,208.0,47.67565417004813,0.581410416707904,0.2292098758175391,0.581410416707904,0.5814104167079042,0.8158356593129757,0.7111817362594756,8.661643284089497,7.8308841640345985,7.5794959916281694,24.072023439752265,2020_11_06_NES_S4,Zoom_Meeting_2020_11_06_10_09_38,2020_11_06_NES_S4/Zoom_Meeting_2020_11_06_10_09_38,0.0,0.0,2.0,8.0,2.0,0.0,0.0,True,0.0,0.0,0.0,2.0,0.0,chunk_registry_v1
2020NES,output_2020_11_06_NES_S4,output_2020_11_06_NES_S4__Zoom_Meeting_2020_11_06_10_43_41,4,81.0,0.35,lsa,3240.0,270.0,43.36529732915693,0.5353740411007029,0.1606122123302108,0.5353740411007029,0.535374041100703,0.7488797224121414,0.9246330745425632,8.532762452134627,7.139378612951316,6.846306164005195,22.518447229091137,2020_11_06_NES_S4,Zoom_Meeting_2020_11_06_10_43_41,2020_11_06_NES_S4/Zoom_Meeting_2020_11_06_10_43_41,0.0,0.0,2.0,8.0,2.0,0.0,0.0,True,0.0,0.0,0.0,2.0,0.0,chunk_registry_v1
2020NES,output_2020_11_06_NES_S7,output_2020_11_06_NES_S7__1_beyond_co2_Zoom_Meeting_2020_11_06_12_11_55,6,124.0,0.35,lsa,7626.0,565.0,102.6127704382015,0.8275223422435605,0.1816155228994716,0.8275223422435605,0.8275223422435606,0.7858693628295697,1.2330311664819515,12.92340303829354,12.285476783929171,12.016543622216764,37.22542344443948,2020_11_06_NES_S7,1_beyond_co2_Zoom_Meeting_2020_11_06_12_11_55,2020_11_06_NES_S7/1_beyond_co2_Zoom_Meeting_2020_11_06_12_11_55,0.0,0.0,2.0,8.0,2.0,0.0,0.0,True,0.0,0.0,0.0,2.0,0.0,chunk_registry_v1
2020NES,output_2020_11_06_NES_S8,output_2020_11_06_NES_S8__2020_11_06_12_09_28,8,226.0,0.35,lsa,25425.0,2347.0,418.2720562288529,1.8507613107471368,0.1782156183335547,1.8507613107471368,1.850761310747136,0.7662604891880048,2.6190569181417187,28.606412041009985,25.575112547607628,25.327904146631035,79.50942873524863,2020_11_06_NES_S8,2020_11_06_12_09_28,2020_11_06_NES_S8/2020_11_06_12_09_28,0.0,0.0,2.0,8.0,2.0,0.0,0.0,True,0.0,0.0,0.0,2.0,0.0,chunk_registry_v1
2020NES,output_2020_11_06_NES_S9,output_2020_11_06_NES_S9__2020_11_06_12_09_40,8,199.0,0.35,lsa,19701.0,1656.0,284.21214505754057,1.4282017339574904,0.1716256914598675,1.4282017339574904,1.4282017339574906,0.7563055433938258,1.933096944133516,21.73538379381602,18.457547463217352,19.898405038447585,60.09133629548096,2020_11_06_NES_S9,2020_11_06_12_09_40,2020_11_06_NES_S9/2020_11_06_12_09_40,1.0,1.0,2.0,8.0,2.0,2.0,1.0,True,1.0,1.0,1.0,2.0,2.0,chunk_registry_v1
2021ABI,output_2021_05_20_ABI_S1,output_2021_05_20_ABI_S1__Bot_5_Zoom_Meeting_5_20_2021_12_37_42_PM,7,107.0,0.35,lsa,5671.0,368.0,57.05611296847979,0.533234700639998,0.1550437852404342,0.5332347006399981,0.5332347006399981,0.7543719703012947,0.551850388030009,7.397405047555447,8.254965434719786,8.17279161216547,23.825162094440703,2021_05_20_ABI_S1,Bot_5_Zoom_Meeting_5_20_2021_12_37_42_PM,2021_05_20_ABI_S1/Bot_5_Zoom_Meeting_5_20_2021_12_37_42_PM,,,,,,,,,,,,,,unmatched
2021ABI,output_2021_05_20_ABI_S2,output_2021_05_20_ABI_S2__Bot_6_Zoom_Meeting_Room_6_2021_05_20_12_36_53,5,93.0,0.35,lsa,4278.0,240.0,55.309387235809666,0.5947245939334372,0.2304557801492069,0.5947245939334372,0.5947245939334371,0.7954934854150889,0.8891326565978238,8.911541072337853,7.881390761263491,8.04027782261212,24.833209656213462,2021_05_20_ABI_S2,Bot_6_Zoom_Meeting_Room_6_2021_05_20_12_36_53,2021_05_20_ABI_S2/Bot_6_Zoom_Meeting_Room_6_2021_05_20_12_36_53,0.0,0.0,1.0,,,,,,,0.0,0.0,1.0,,entropy_with_outcomes
2021ABI,output_2021_05_20_ABI_S2,output_2021_05_20_ABI_S2__Bot_6_Zoom_Meeting_Room_6_2021_05_20_13_24_44,3,139.0,0.35,lsa,9591.0,313.0,74.61574239929398,0.5368039021531941,0.2383889533523769,0.5368039021531941,0.5368039021531942,0.7669620744978172,0.6376835216353276,7.990479366327662,8.459374747893156,6.661633792950887,23.111487907171707,2021_05_20_ABI_S2,Bot_6_Zoom_Meeting_Room_6_2021_05_20_13_24_44,2021_05_20_ABI_S2/Bot_6_Zoom_Meeting_Room_6_2021_05_20_13_24_44,0.0,0.0,1.0,,,,,,,0.0,0.0,1.0,,entropy_with_outcomes
2021ABI,output_2021_05_20_ABI_S3,output_2021_05_20_ABI_S3__bot1_2021_05_20_12_35_38,8,94.0,0.35,lsa,4371.0,315.0,59.324589702425655,0.6311126564087836,0.1883320308013512,0.6311126564087836,0.6311126564087836,0.7660368052585466,0.6999428513590222,8.815711453862223,8.79672524817989,9.10674401356163,26.71918071560374,2021_05_20_ABI_S3,bot1_2021_05_20_12_35_38,2021_05_20_ABI_S3/bot1_2021_05_20_12_35_38,1.0,1.0,1.0,,,,,,,1.0,1.0,1.0,,entropy_with_outcomes
2021ABI,output_2021_05_20_ABI_S4,output_2021_05_20_ABI_S4__bot2p2_Zoom_Meeting_2021_05_20_12_37_07,7,165.0,0.35,lsa,13530.0,864.0,196.22009611865576,1.189212703749429,0.2271065927299256,1.189212703749429,1.1892127037494291,0.7052064537196879,1.8030166517463744,16.705342285194178,14.954938065694376,14.207421150264102,45.86770150115266,2021_05_20_ABI_S4,bot2p2_Zoom_Meeting_2021_05_20_12_37_07,2021_05_20_ABI_S4/bot2p2_Zoom_Meeting_2021_05_20_12_37_07,1.0,1.0,2.0,,,,,,,1.0,1.0,2.0,,entropy_with_outcomes
2021ABI,output_2021_05_20_ABI_S5,output_2021_05_20_ABI_S5__bot3p2_Zoom_Meeting_2021_05_20_12_40_54,7,145.0,0.35,lsa,10440.0,727.0,137.12532325018628,0.9456918844840432,0.1886180512382204,0.9456918844840432,0.9456918844840432,0.7582328868040049,1.206998015474083,13.193185200799329,15.143300435126282,14.53577780499854,42.87226344092415,2021_05_20_ABI_S5,bot3p2_Zoom_Meeting_2021_05_20_12_40_54,2021_05_20_ABI_S5/bot3p2_Zoom_Meeting_2021_05_20_12_40_54,0.0,0.0,1.0,,,,,,,0.0,0.0,1.0,,entropy_with_outcomes
2021ABI,output_2021_05_20_ABI_S6,output_2021_05_20_ABI_S6__bot4_Breakout_Room_4_2021_05_20_12_33_49,8,135.0,0.35,lsa,9045.0,672.0,108.91666727755197,0.8067901279818664,0.1620783739249285,0.8067901279818667,0.8067901279818667,0.7909638943550422,1.2083221542315434,11.986840742253667,11.510838537419572,11.78550105542016,35.2831803350934,2021_05_20_ABI_S6,bot4_Breakout_Room_4_2021_05_20_12_33_49,2021_05_20_ABI_S6/bot4_Breakout_Room_4_2021_05_20_12_33_49,0.5,1.0,2.0,,,,,,,0.5,1.0,2.0,,entropy_with_outcomes
2021ABI,output_2021_05_20_ABI_S7,output_2021_05_20_ABI_S7__botB1_2021_05_20_12_34_57,8,95.0,0.35,lsa,4465.0,281.0,43.67056805701869,0.4596901900738809,0.1554112742242658,0.4596901900738809,0.4596901900738808,0.7860197611848961,0.6802446860340747,6.668506458000304,7.389820287542935,7.002705661013403,21.06103240655664,2021_05_20_ABI_S7,botB1_2021_05_20_12_34_57,2021_05_20_ABI_S7/botB1_2021_05_20_12_34_57,1.0,1.0,1.0,,,,,,,1.0,1.0,1.0,,entropy_with_outcomes
2021ABI,output_2021_05_20_ABI_S8,output_2021_05_20_ABI_S8__botB2_2021_05_20_12_34_37,8,202.0,0.35,lsa,20301.0,1419.0,263.2902909602603,1.3034172819814864,0.1855463643130798,1.3034172819814862,1.3034172819814864,0.8075915085622604,1.773198000238216,19.60706645478377,19.332357275321243,18.004151784430817,56.94357551453583,2021_05_20_ABI_S8,botB2_2021_05_20_12_34_37,2021_05_20_ABI_S8/botB2_2021_05_20_12_34_37,0.0,0.0,1.0,,,,,,,0.0,0.0,1.0,,entropy_with_outcomes
2021ABI,output_2021_05_21_ABI_S1,output_2021_05_21_ABI_S1__Bot_4_Breakout_Session_2_2021_05_21_10_58_43,8,173.0,0.35,lsa,14878.0,1146.0,192.3488645823177,1.1118431478746689,0.1678436863720049,1.1118431478746686,1.1118431478746686,0.7051238578947872,1.3361013597314837,16.37546198231587,16.178051872814248,16.674255489211575,49.227769344341695,2021_05_21_ABI_S1,Bot_4_Breakout_Session_2_2021_05_21_10_58_43,2021_05_21_ABI_S1/Bot_4_Breakout_Session_2_2021_05_21_10_58_43,,,,,,,,,,,,,,unmatched
2021ABI,output_2021_05_21_ABI_S10,output_2021_05_21_ABI_S10__bot2p2_Zoom_Meeting_Room_2_2021_05_21_13_10_25,7,123.0,0.35,lsa,7503.0,520.0,99.22634495223984,0.8067182516442263,0.1908198941389227,0.8067182516442262,0.8067182516442263,0.7296115374303798,1.0222695425224322,12.197093735838614,11.822633945142464,10.61933831255324,34.63906599353432,2021_05_21_ABI_S10,bot2p2_Zoom_Meeting_Room_2_2021_05_21_13_10_25,2021_05_21_ABI_S10/bot2p2_Zoom_Meeting_Room_2_2021_05_21_13_10_25,,,,,,,,,,,,,,unmatched
2021ABI,output_2021_05_21_ABI_S11,output_2021_05_21_ABI_S11__bot3p2_Room_3_Zoom_Meeting_2021_05_21_13_10_16,7,149.0,0.35,lsa,11026.0,630.0,117.4860149866534,0.7884967448768685,0.186485738074053,0.7884967448768685,0.7884967448768684,0.74153027379449,1.1221006376580616,12.526024362541213,11.519722595489188,11.126923560476854,35.17267051850725,2021_05_21_ABI_S11,bot3p2_Room_3_Zoom_Meeting_2021_05_21_13_10_16,2021_05_21_ABI_S11/bot3p2_Room_3_Zoom_Meeting_2021_05_21_13_10_16,0.5,1.0,2.0,,,,,,,0.5,1.0,2.0,,entropy_with_outcomes
2021ABI,output_2021_05_21_ABI_S12,output_2021_05_21_ABI_S12__bot5p4_Zoom_Meeting_5_21_2021_1_12_46_PM,7,181.0,0.35,lsa,16290.0,1047.0,229.77691022998135,1.26948569187835,0.2194621874211856,1.2694856918783497,1.26948569187835,0.8424097226342686,1.5190787739791232,17.79330941940156,17.206425512309796,16.60202005231645,51.60175498402781,2021_05_21_ABI_S12,bot5p4_Zoom_Meeting_5_21_2021_1_12_46_PM,2021_05_21_ABI_S12/bot5p4_Zoom_Meeting_5_21_2021_1_12_46_PM,0.3333333333333333,1.0,3.0,,,,,,,0.3333333333333333,1.0,3.0,,entropy_with_outcomes
2021ABI,output_2021_05_21_ABI_S13,output_2021_05_21_ABI_S13__bot6p3_Zoom_Meeting_Room_6_2021_05_21_13_12_29,7,132.0,0.35,lsa,8646.0,467.0,94.5590132951034,0.716356161326541,0.2024818271843756,0.7163561613265411,0.7163561613265411,0.8044551699773753,0.6090624096864388,9.80059417566758,11.191559348925006,9.454030572909462,30.446184097502048,2021_05_21_ABI_S13,bot6p3_Zoom_Meeting_Room_6_2021_05_21_13_12_29,2021_05_21_ABI_S13/bot6p3_Zoom_Meeting_Room_6_2021_05_21_13_12_29,0.5,1.0,2.0,,,,,,,0.5,1.0,2.0,,entropy_with_outcomes
2021ABI,output_2021_05_21_ABI_S14,output_2021_05_21_ABI_S14__botB1_2021_05_21_13_09_38,7,90.0,0.35,lsa,4005.0,225.0,38.27322254809149,0.4252580283121276,0.170103211324851,0.4252580283121276,0.4252580283121277,0.8058947814825894,0.68027416958211,6.556498108407343,6.106965549069155,6.320474203976024,18.98393786145252,2021_05_21_ABI_S14,botB1_2021_05_21_13_09_38,2021_05_21_ABI_S14/botB1_2021_05_21_13_09_38,0.0,0.0,3.0,,,,,,,0.0,0.0,3.0,,entropy_with_outcomes
2021ABI,output_2021_05_21_ABI_S15,output_2021_05_21_ABI_S15__botB3_2021_05_21_13_09_30,7,136.0,0.35,lsa,9180.0,571.0,101.10347045990048,0.74340787102868,0.177063871208232,0.74340787102868,0.74340787102868,0.7562600576064988,0.9471425701453724,11.35079913706292,10.809940921579027,11.4858371739922,33.646577232634144,2021_05_21_ABI_S15,botB3_2021_05_21_13_09_30,2021_05_21_ABI_S15/botB3_2021_05_21_13_09_30,0.5,1.0,2.0,,,,,,,0.5,1.0,2.0,,entropy_with_outcomes
2021ABI,output_2021_05_21_ABI_S16,output_2021_05_21_ABI_S16__Breakout_Room_4_Session_3_2021_04_23_13_13_06,7,115.0,0.35,lsa,6555.0,436.0,76.34171606339362,0.663841009246901,0.1750956790444807,0.6638410092469011,0.6638410092469011,0.8591560243726076,1.055915616902766,10.674452534483718,8.875061802365977,10.05964625821472,29.609160595064417,2021_05_21_ABI_S16,Breakout_Room_4_Session_3_2021_04_23_13_13_06,2021_05_21_ABI_S16/Breakout_Room_4_Session_3_2021_04_23_13_13_06,,,,,,,,,,,,,,unmatched
2021ABI,output_2021_05_21_ABI_S2,output_2021_05_21_ABI_S2__bot1_2021_05_21_10_57_19,8,103.0,0.35,lsa,5253.0,370.0,60.49217894034382,0.5873027081586779,0.1634923755144427,0.5873027081586779,0.5873027081586779,0.8031850020572001,0.7198179411002718,8.033574453190287,9.128927519248572,8.931653732139848,26.09415570457871,2021_05_21_ABI_S2,bot1_2021_05_21_10_57_19,2021_05_21_ABI_S2/bot1_2021_05_21_10_57_19,0.3333333333333333,1.0,3.0,,,,,,,0.3333333333333333,1.0,3.0,,entropy_with_outcomes
2021ABI,output_2021_05_21_ABI_S3,output_2021_05_21_ABI_S3__bot2p3_Zoom_Meeting_Room_2_2021_05_21_10_58_31,8,156.0,0.35,lsa,12090.0,818.0,150.96154047108823,0.9677021825069758,0.1845495604781029,0.967702182506976,0.9677021825069758,0.6880708281980872,1.579481400785706,16.827614453585284,13.100254386877603,12.859070891392609,42.7869397318555,2021_05_21_ABI_S3,bot2p3_Zoom_Meeting_Room_2_2021_05_21_10_58_31,2021_05_21_ABI_S3/bot2p3_Zoom_Meeting_Room_2_2021_05_21_10_58_31,0.0,0.0,1.0,,,,,,,0.0,0.0,1.0,,entropy_with_outcomes
2021ABI,output_2021_05_21_ABI_S4,output_2021_05_21_ABI_S4__bot3p2_Zoom_Meeting_2021_05_21_10_58_18,8,155.0,0.35,lsa,11935.0,765.0,139.6848987969937,0.9011928954644756,0.1825946389503185,0.9011928954644756,0.9011928954644756,0.762349236134036,1.047818445379236,14.201315946759452,13.539926828512694,11.939509368704623,39.680752143976775,2021_05_21_ABI_S4,bot3p2_Zoom_Meeting_2021_05_21_10_58_18,2021_05_21_ABI_S4/bot3p2_Zoom_Meeting_2021_05_21_10_58_18,0.0,0.0,2.0,,,,,,,0.0,0.0,2.0,,entropy_with_outcomes
2021ABI,output_2021_05_21_ABI_S5,output_2021_05_21_ABI_S5__bot5p3_Room_5_Zoom_Meeting_5_21_2021_10_59_19_AM,8,171.0,0.35,lsa,14535.0,1004.0,192.32153305454085,1.1246873278043326,0.1915553118073116,1.1246873278043326,1.1246873278043326,0.7139878869380557,1.6051299938539074,16.417080102904134,15.984853958587149,16.241276283802723,48.64321034529401,2021_05_21_ABI_S5,bot5p3_Room_5_Zoom_Meeting_5_21_2021_10_59_19_AM,2021_05_21_ABI_S5/bot5p3_Room_5_Zoom_Meeting_5_21_2021_10_59_19_AM,,,,,,,,,,,,,,unmatched
2021ABI,output_2021_05_21_ABI_S6,output_2021_05_21_ABI_S6__bot6p3_Zoom_Meeting_Room_6_2021_05_21_10_59_51,8,141.0,0.35,lsa,9870.0,850.0,139.93237125162273,0.9924281649051258,0.1646263191195561,0.992428164905126,0.9924281649051258,0.8093317990720977,1.3569609171474848,15.045468563823238,14.269857810414,14.016007724400248,43.33133409863749,2021_05_21_ABI_S6,bot6p3_Zoom_Meeting_Room_6_2021_05_21_10_59_51,2021_05_21_ABI_S6/bot6p3_Zoom_Meeting_Room_6_2021_05_21_10_59_51,,,,,,,,,,,,,,unmatched
2021ABI,output_2021_05_21_ABI_S7,output_2021_05_21_ABI_S7__botB1_2021_05_21_10_58_58,8,112.0,0.35,lsa,6216.0,388.0,69.8919131562002,0.6240349388946447,0.1801337967943304,0.6240349388946447,0.6240349388946448,0.7920404755996279,0.8400853427061025,9.423818638808465,9.08826380967673,9.138162613971886,27.65024506245708,2021_05_21_ABI_S7,botB1_2021_05_21_10_58_58,2021_05_21_ABI_S7/botB1_2021_05_21_10_58_58,0.3333333333333333,1.0,3.0,,,,,,,0.3333333333333333,1.0,3.0,,entropy_with_outcomes
2021ABI,output_2021_05_21_ABI_S8,output_2021_05_21_ABI_S8__botB3_2021_05_21_10_58_38,8,166.0,0.35,lsa,13695.0,966.0,168.63126517502656,1.0158509950302803,0.1745665270963007,1.0158509950302803,1.0158509950302803,0.7932137390505428,1.435449039476988,17.25882261974138,14.50761415731917,14.67942130093599,46.44585807799654,2021_05_21_ABI_S8,botB3_2021_05_21_10_58_38,2021_05_21_ABI_S8/botB3_2021_05_21_10_58_38,0.0,0.0,2.0,,,,,,,0.0,0.0,2.0,,entropy_with_outcomes
2021ABI,output_2021_05_21_ABI_S9,output_2021_05_21_ABI_S9__bot1_2021_05_21_13_08_36,7,103.0,0.35,lsa,5253.0,321.0,60.172717569133226,0.5842011414478954,0.1874539488134991,0.5842011414478954,0.5842011414478955,0.8128647087663405,0.5051416081435267,8.674809346314703,8.561914443380378,7.66335490724854,24.90007869694362,2021_05_21_ABI_S9,bot1_2021_05_21_13_08_36,2021_05_21_ABI_S9/bot1_2021_05_21_13_08_36,0.0,0.0,3.0,,,,,,,0.0,0.0,3.0,,entropy_with_outcomes
2021CMC,output_2021_10_07_CMC_S1,output_2021_10_07_CMC_S1__2021_10_07_11_31_22,8,239.0,0.35,lsa,28441.0,2770.0,518.2801875053768,2.168536349394882,0.187104760832266,2.168536349394883,2.168536349394883,0.8070742381271445,3.3832960616873504,31.8377756244326,29.18946615319328,31.352974406029382,92.38021618365526,2021_10_07_CMC_S1,2021_10_07_11_31_22,2021_10_07_CMC_S1/2021_10_07_11_31_22,0.5,1.0,2.0,,,,,,,0.5,1.0,2.0,,entropy_with_outcomes
2021CMC,output_2021_10_07_CMC_S2,output_2021_10_07_CMC_S2__B1_Zoom_Meeting_Room_1_2021_10_07_12_36_41,8,147.0,0.35,lsa,10731.0,1081.0,192.288662340466,1.3080861383705171,0.1778803536914579,1.308086138370517,1.308086138370517,0.7224209336423596,1.572572071630687,17.567668116184052,19.56616839203705,17.52917538974307,54.66301189796417,2021_10_07_CMC_S2,B1_Zoom_Meeting_Room_1_2021_10_07_12_36_41,2021_10_07_CMC_S2/B1_Zoom_Meeting_Room_1_2021_10_07_12_36_41,1.0,1.0,1.0,,,,,,,1.0,1.0,1.0,,entropy_with_outcomes
2021CMC,output_2021_10_07_CMC_S3,output_2021_10_07_CMC_S3__B2.2_Zoom_Meeting_Room_2_2021_10_07_12_41_55,7,159.0,0.35,lsa,12561.0,803.0,133.535195416919,0.8398439963328239,0.1662953865715056,0.8398439963328239,0.8398439963328241,0.7989634801178587,1.2776740038514116,12.517529670005418,11.122808928223495,12.240175011731967,35.880513609960886,2021_10_07_CMC_S3,B2.2_Zoom_Meeting_Room_2_2021_10_07_12_41_55,2021_10_07_CMC_S3/B2.2_Zoom_Meeting_Room_2_2021_10_07_12_41_55,0.6666666666666666,1.0,3.0,,,,,,,0.6666666666666666,1.0,3.0,,entropy_with_outcomes
2021CMC,output_2021_10_07_CMC_S4,output_2021_10_07_CMC_S4__B3_2021_10_07_12_41_16,7,173.0,0.35,lsa,14878.0,1094.0,211.55749035816757,1.2228756668102172,0.1933797900897327,1.2228756668102174,1.2228756668102172,0.7918030824236747,1.6143153125438012,17.698596102367084,17.945470928486255,17.858919040624425,53.50298607147776,2021_10_07_CMC_S4,B3_2021_10_07_12_41_16,2021_10_07_CMC_S4/B3_2021_10_07_12_41_16,1.0,1.0,1.0,,,,,,,1.0,1.0,1.0,,entropy_with_outcomes
2021CMC,output_2021_10_07_CMC_S5,output_2021_10_07_CMC_S5__B4_2021_10_07_12_37_15,8,189.0,0.35,lsa,17766.0,1045.0,208.06961628386583,1.1008974406553749,0.1991096806544171,1.1008974406553749,1.1008974406553749,0.8291567955383554,1.5003023471037862,16.332809059322802,15.68563740808154,14.575229077165323,46.59367554456967,2021_10_07_CMC_S5,B4_2021_10_07_12_37_15,2021_10_07_CMC_S5/B4_2021_10_07_12_37_15,0.5,1.0,2.0,,,,,,,0.5,1.0,2.0,,entropy_with_outcomes
2021CMC,output_2021_10_07_CMC_S6,output_2021_10_07_CMC_S6__B5_2021_10_07_12_37_23,8,133.0,0.35,lsa,8778.0,671.0,108.44010022146922,0.8153390994095431,0.1616096873643356,0.8153390994095432,0.8153390994095432,0.747907282859927,1.1516389007010823,11.513709297911074,11.298930557576702,12.944509217278684,35.75714907276646,2021_10_07_CMC_S6,B5_2021_10_07_12_37_23,2021_10_07_CMC_S6/B5_2021_10_07_12_37_23,,,,,,,,,,,,,,unmatched
2021CMC,output_2021_10_07_CMC_S7,output_2021_10_07_CMC_S7__CMC_1_5,8,208.0,0.35,lsa,21528.0,1672.0,367.3362634251737,1.7660397280056428,0.2196987221442426,1.7660397280056428,1.766039728005643,0.7151120502005398,2.2532728029825253,24.23499570968161,23.4739474375038,22.227973648266357,69.93691679545176,2021_10_07_CMC_S7,CMC_1_5,2021_10_07_CMC_S7/CMC_1_5,,,,,,,,,,,,,,unmatched
2021CMC,output_2021_10_08_CMC_S1,output_2021_10_08_CMC_S1__2021_10_08_09_59_21,8,204.0,0.35,lsa,20706.0,1722.0,339.82350556781205,1.6658014978814315,0.1973423377281138,1.665801497881432,1.6658014978814315,0.7949532622001195,2.2319906338340108,24.11431561613778,22.62077683875616,22.639635998241168,69.3747284531351,2021_10_08_CMC_S1,2021_10_08_09_59_21,2021_10_08_CMC_S1/2021_10_08_09_59_21,0.6666666666666666,1.0,3.0,,,,,,,0.6666666666666666,1.0,3.0,,entropy_with_outcomes
2021CMC,output_2021_10_08_CMC_S10,output_2021_10_08_CMC_S10__B2_Zoom_Meeting_Room_2_2021_10_08_13_02_10,8,227.0,0.35,lsa,25651.0,2605.0,470.3075206580219,2.07183929805296,0.1805403150318702,2.0718392980529594,2.07183929805296,0.7928260622295263,2.432485257325397,28.917599111969736,28.53882123746253,27.430793546097128,84.88721389552938,2021_10_08_CMC_S10,B2_Zoom_Meeting_Room_2_2021_10_08_13_02_10,2021_10_08_CMC_S10/B2_Zoom_Meeting_Room_2_2021_10_08_13_02_10,,,,,,,,,,,,,,unmatched
2021CMC,output_2021_10_08_CMC_S11,output_2021_10_08_CMC_S11__B3_2021_10_08_13_01_43,8,181.0,0.35,lsa,16290.0,1493.0,311.67807416062186,1.7219783102796788,0.2087595942134104,1.7219783102796788,1.7219783102796788,0.6907653829645322,2.0817827380038265,23.42010710503579,22.51143296918697,21.91350699910764,67.84504707333039,2021_10_08_CMC_S11,B3_2021_10_08_13_01_43,2021_10_08_CMC_S11/B3_2021_10_08_13_01_43,0.0,0.0,1.0,,,,,,,0.0,0.0,1.0,,entropy_with_outcomes
2021CMC,output_2021_10_08_CMC_S12,output_2021_10_08_CMC_S12__B4_2021_10_08_13_01_38,8,174.0,0.35,lsa,15051.0,1046.0,181.91979598948944,1.0455160689051115,0.1739194990339287,1.0455160689051115,1.0455160689051115,0.784526308299849,1.427619931613652,16.47683129315238,14.89666831062144,13.741490518930226,45.11499012270405,2021_10_08_CMC_S12,B4_2021_10_08_13_01_38,2021_10_08_CMC_S12/B4_2021_10_08_13_01_38,0.0,0.0,1.0,,,,,,,0.0,0.0,1.0,,entropy_with_outcomes
2021CMC,output_2021_10_08_CMC_S13,output_2021_10_08_CMC_S13__B5_2021_10_08_13_01_46,8,199.0,0.35,lsa,19701.0,1623.0,301.09268006248885,1.5130285430275825,0.1855161306608064,1.5130285430275825,1.5130285430275818,0.8135664927380809,1.8864853051899273,23.06729797343602,21.207656082389825,20.230103304881972,64.50505736070781,2021_10_08_CMC_S13,B5_2021_10_08_13_01_46,2021_10_08_CMC_S13/B5_2021_10_08_13_01_46,0.3333333333333333,1.0,3.0,,,,,,,0.3333333333333333,1.0,3.0,,entropy_with_outcomes
2021CMC,output_2021_10_08_CMC_S14,output_2021_10_08_CMC_S14__Room5_Session2,8,215.0,0.35,lsa,23005.0,1567.0,348.7058011800711,1.6218874473491678,0.2225308239821768,1.6218874473491678,1.6218874473491678,0.785734556825351,2.538136928514363,24.30892112639726,21.879512372898795,21.162129972026733,67.35056347132279,2021_10_08_CMC_S14,Room5_Session2,2021_10_08_CMC_S14/Room5_Session2,0.5,1.0,2.0,,,,,,,0.5,1.0,2.0,,entropy_with_outcomes
2021CMC,output_2021_10_08_CMC_S2,output_2021_10_08_CMC_S2__B1_Zoom_Meeting_Room_1_2021_10_08_10_59_46,8,257.0,0.35,lsa,32896.0,2479.0,536.0178979985434,2.0856727548581455,0.216223436062341,2.0856727548581455,2.0856727548581455,0.7589278047167972,2.8674558460313406,28.163377745213815,28.417559206010115,26.42767504525868,83.00861199648261,2021_10_08_CMC_S2,B1_Zoom_Meeting_Room_1_2021_10_08_10_59_46,2021_10_08_CMC_S2/B1_Zoom_Meeting_Room_1_2021_10_08_10_59_46,0.0,0.0,1.0,,,,,,,0.0,0.0,1.0,,entropy_with_outcomes
2021CMC,output_2021_10_08_CMC_S3,output_2021_10_08_CMC_S3__B2_Zoom_Meeting_Room_2_2021_10_08_10_59_57,8,272.0,0.35,lsa,36856.0,3863.0,688.236886905761,2.530282672447651,0.1781612443452656,2.530282672447651,2.530282672447651,0.8064825815008612,4.080158193225762,37.4735143102327,34.64790529190846,37.909633766554926,110.03105336869608,2021_10_08_CMC_S3,B2_Zoom_Meeting_Room_2_2021_10_08_10_59_57,2021_10_08_CMC_S3/B2_Zoom_Meeting_Room_2_2021_10_08_10_59_57,1.0,1.0,1.0,,,,,,,1.0,1.0,1.0,,entropy_with_outcomes
2021CMC,output_2021_10_08_CMC_S4,output_2021_10_08_CMC_S4__B3_2021_10_08_10_59_57,8,152.0,0.35,lsa,11476.0,907.0,175.99329678399477,1.1578506367368078,0.1940389159691232,1.1578506367368078,1.1578506367368078,0.7409729877082253,1.661127896290754,16.414096603249156,16.733178127283423,16.614010330026023,49.761285060558606,2021_10_08_CMC_S4,B3_2021_10_08_10_59_57,2021_10_08_CMC_S4/B3_2021_10_08_10_59_57,1.0,1.0,1.0,,,,,,,1.0,1.0,1.0,,entropy_with_outcomes
2021CMC,output_2021_10_08_CMC_S5,output_2021_10_08_CMC_S5__B4_2021_10_08_10_59_30,8,214.0,0.35,lsa,22791.0,2318.0,476.8341017195709,2.228196737007341,0.2057092759791073,2.228196737007341,2.228196737007341,0.7979193696945652,2.5194150924590524,28.88113885676181,30.82558496813063,28.53993930883623,88.24666313372867,2021_10_08_CMC_S5,B4_2021_10_08_10_59_30,2021_10_08_CMC_S5/B4_2021_10_08_10_59_30,0.6666666666666666,1.0,3.0,,,,,,,0.6666666666666666,1.0,3.0,,entropy_with_outcomes
2021CMC,output_2021_10_08_CMC_S6,output_2021_10_08_CMC_S6__B5_2021_10_08_10_59_38,8,164.0,0.35,lsa,13366.0,885.0,174.3789747574018,1.063286431447572,0.1970383895563862,1.063286431447572,1.063286431447572,0.7876683933738257,1.4251832937762547,14.68684975648828,15.76388499645254,15.418911460007095,45.86964621294791,2021_10_08_CMC_S6,B5_2021_10_08_10_59_38,2021_10_08_CMC_S6/B5_2021_10_08_10_59_38,0.0,0.0,2.0,,,,,,,0.0,0.0,2.0,,entropy_with_outcomes
2021CMC,output_2021_10_08_CMC_S7,output_2021_10_08_CMC_S7__Room5_Session1,8,168.0,0.35,lsa,14028.0,1148.0,226.14716816451775,1.3461140962173677,0.1969923067635172,1.3461140962173677,1.346114096217368,0.7682729160552687,1.9122561457787408,19.819670179788098,18.214902054172764,19.104414249211125,57.13898648317198,2021_10_08_CMC_S7,Room5_Session1,2021_10_08_CMC_S7/Room5_Session1,0.0,0.0,2.0,,,,,,,0.0,0.0,2.0,,entropy_with_outcomes
2021CMC,output_2021_10_08_CMC_S8,output_2021_10_08_CMC_S8__2021_10_08_12_01_45,8,161.0,0.35,lsa,12880.0,816.0,151.89002047198585,0.9434162762235144,0.1861397309705709,0.9434162762235144,0.9434162762235144,0.8204633074545743,1.418165165884973,15.180496832982316,12.745983483358565,12.532322207401815,40.4588025237427,2021_10_08_CMC_S8,2021_10_08_12_01_45,2021_10_08_CMC_S8/2021_10_08_12_01_45,0.0,0.0,1.0,,,,,,,0.0,0.0,1.0,,entropy_with_outcomes
2021CMC,output_2021_10_08_CMC_S9,output_2021_10_08_CMC_S9__B1_Zoom_Meeting_Room_1_2021_10_08_13_01_59,8,270.0,0.35,lsa,36315.0,2168.0,535.6197768142468,1.9837769511638772,0.2470570926264976,1.9837769511638772,1.9837769511638772,0.7789083612446034,2.283765477814998,27.863317595372415,29.005554179227257,25.411745100470274,82.28061687506994,2021_10_08_CMC_S9,B1_Zoom_Meeting_Room_1_2021_10_08_13_01_59,2021_10_08_CMC_S9/B1_Zoom_Meeting_Room_1_2021_10_08_13_01_59,0.0,0.0,2.0,,,,,,,0.0,0.0,2.0,,entropy_with_outcomes
2021MND,output_2021_04_22_MND_S1,output_2021_04_22_MND_S1__Bot1_2021_04_22_13_00_44,8,136.0,0.35,lsa,9180.0,600.0,102.95278495662248,0.7570057717398712,0.1715879749277041,0.7570057717398712,0.7570057717398712,0.7339729111648527,1.024646226622258,11.625975718996614,11.29365309370948,11.459891801773962,34.37952061448006,2021_04_22_MND_S1,Bot1_2021_04_22_13_00_44,2021_04_22_MND_S1/Bot1_2021_04_22_13_00_44,1.0,1.0,1.0,8.0,1.0,1.0,1.0,True,1.0,1.0,1.0,1.0,1.0,chunk_registry_v1
2021MND,output_2021_04_22_MND_S3,output_2021_04_22_MND_S3__Bot3_Zoom_Meeting_2021_04_22_13_05_56_v2,8,131.0,0.35,lsa,8515.0,916.0,139.3096215417616,1.0634322255096305,0.1520847396744122,1.0634322255096305,1.0634322255096305,0.7812729110920318,1.27836007658513,14.87261467821705,15.070988000150972,13.735957527686704,43.67956020605473,2021_04_22_MND_S3,Bot3_Zoom_Meeting_2021_04_22_13_05_56_v2,2021_04_22_MND_S3/Bot3_Zoom_Meeting_2021_04_22_13_05_56_v2,0.0,0.0,1.0,9.0,1.0,0.0,0.0,True,0.0,0.0,0.0,1.0,0.0,chunk_registry_v1
2021MND,output_2021_04_22_MND_S4,output_2021_04_22_MND_S4__botB1_2021_04_22_13_01_59,8,149.0,0.35,lsa,11026.0,663.0,123.48129771487297,0.8287335417105568,0.1862463012290693,0.8287335417105567,0.8287335417105568,0.8144675563738082,1.0678399079059424,12.336605102050392,12.166204211811948,10.958367612273648,35.46117692613599,2021_04_22_MND_S4,botB1_2021_04_22_13_01_59,2021_04_22_MND_S4/botB1_2021_04_22_13_01_59,1.0,1.0,1.0,8.0,1.0,1.0,1.0,True,1.0,1.0,1.0,1.0,1.0,chunk_registry_v1
2021MND,output_2021_04_22_MND_S5,output_2021_04_22_MND_S5__botB2_2021_04_22_13_02_15,8,141.0,0.35,lsa,9870.0,678.0,115.91982933861476,0.8221264492100336,0.170973199614476,0.8221264492100337,0.8221264492100336,0.8283787197551975,1.0694386150169564,11.966234398535123,12.20054703350753,10.958043333027234,35.12482476506989,2021_04_22_MND_S5,botB2_2021_04_22_13_02_15,2021_04_22_MND_S5/botB2_2021_04_22_13_02_15,,0.0,0.0,8.0,0.0,0.0,0.0,False,,,,,0.0,chunk_registry_v1
2021MND,output_2021_04_22_MND_S6,output_2021_04_22_MND_S6__Breakout_Room_4_Part_1_2021_04_22_12_58_44,2,27.0,0.35,lsa,351.0,3.0,0.8460428711696664,0.031334921154432,0.2820142903898888,0.031334921154432,0.031334921154432,1.0,0.0348863976781773,0.3965602846265879,0.351251334091874,0.416971811672067,1.164783430390529,2021_04_22_MND_S6,Breakout_Room_4_Part_1_2021_04_22_12_58_44,2021_04_22_MND_S6/Breakout_Room_4_Part_1_2021_04_22_12_58_44,,0.0,0.0,3.0,0.0,0.0,0.0,False,,,,,0.0,chunk_registry_v1
2021MND,output_2021_04_22_MND_S6,output_2021_04_22_MND_S6__Breakout_Room_4_Part_2_2021_04_22_13_14_53,1,1.0,0.35,lsa,0.0,0.0,0.0,0.0,0.0,0.0,0.0,0.0,0.0,0.0,0.0,0.0,0.0,2021_04_22_MND_S6,Breakout_Room_4_Part_2_2021_04_22_13_14_53,2021_04_22_MND_S6/Breakout_Room_4_Part_2_2021_04_22_13_14_53,,0.0,0.0,3.0,0.0,0.0,0.0,False,,,,,0.0,chunk_registry_v1
2021MND,output_2021_04_22_MND_S7,output_2021_04_22_MND_S7__Room_5_Zoom_Meeting_4_22_2021_1_01_43_PM,2,28.0,0.35,lsa,378.0,2.0,0.0594307939162703,0.0021225283541525,0.0297153969581351,0.0021225283541525,0.0021225283541525,1.0,0.0034866347235418,0.0511368769411582,0.0353219809210618,0.0264568370093104,0.1129156948715305,2021_04_22_MND_S7,Room_5_Zoom_Meeting_4_22_2021_1_01_43_PM,2021_04_22_MND_S7/Room_5_Zoom_Meeting_4_22_2021_1_01_43_PM,0.0,0.0,2.0,8.0,2.0,0.0,0.0,True,0.0,0.0,0.0,2.0,0.0,chunk_registry_v1
2021MND,output_2021_04_22_MND_S7,output_2021_04_22_MND_S7__Room_5_Zoom_Meeting_4_22_2021_1_16_56_PM,6,124.0,0.35,lsa,7626.0,608.0,107.47178637852092,0.8667079546654913,0.1767628065436199,0.8667079546654913,0.8667079546654912,0.7762074151647372,0.9560664459905172,12.256576459044966,13.033298036031203,12.94030933571709,38.23018383079326,2021_04_22_MND_S7,Room_5_Zoom_Meeting_4_22_2021_1_16_56_PM,2021_04_22_MND_S7/Room_5_Zoom_Meeting_4_22_2021_1_16_56_PM,0.0,0.0,2.0,8.0,2.0,0.0,0.0,True,0.0,0.0,0.0,2.0,0.0,chunk_registry_v1
2021MND,output_2021_04_22_MND_S8,output_2021_04_22_MND_S8__Zoom_Meeting_Room_6_2021_04_22_13_00_55,1,25.0,0.35,lsa,300.0,4.0,1.449294017849054,0.0579717607139621,0.3623235044622634,0.0579717607139621,0.0579717607139621,1.0,0.1637989046938435,0.5936623921675578,0.5142383285462714,0.6783684490402764,1.7862691697541055,2021_04_22_MND_S8,Zoom_Meeting_Room_6_2021_04_22_13_00_55,2021_04_22_MND_S8/Zoom_Meeting_Room_6_2021_04_22_13_00_55,0.0,0.0,1.0,9.0,1.0,0.0,0.0,True,0.0,0.0,0.0,1.0,0.0,chunk_registry_v1
2021MND,output_2021_04_22_MND_S8,output_2021_04_22_MND_S8__Zoom_Meeting_Room_6_2021_04_22_13_18_39,5,114.0,0.35,lsa,6441.0,485.0,82.75604599727635,0.7259302280462837,0.1706310226747966,0.7259302280462837,0.7259302280462838,0.757546730822034,0.857370159326074,10.563332127142235,10.008247308840764,9.903748935252644,30.475328371235648,2021_04_22_MND_S8,Zoom_Meeting_Room_6_2021_04_22_13_18_39,2021_04_22_MND_S8/Zoom_Meeting_Room_6_2021_04_22_13_18_39,0.0,0.0,1.0,9.0,1.0,0.0,0.0,True,0.0,0.0,0.0,1.0,0.0,chunk_registry_v1
2021MND,output_2021_04_23_MND_S1,output_2021_04_23_MND_S1__Bot_5_Zoom_Meeting_4_23_2021_11_24_29_AM,5,112.0,0.35,lsa,6216.0,509.0,81.37219305076053,0.726537437953219,0.1598667839897063,0.726537437953219,0.726537437953219,0.8001484501592235,1.1045491001709395,11.59959483274854,9.606774725875598,9.239345924577398,30.44571548320154,2021_04_23_MND_S1,Bot_5_Zoom_Meeting_4_23_2021_11_24_29_AM,2021_04_23_MND_S1/Bot_5_Zoom_Meeting_4_23_2021_11_24_29_AM,0.0,0.0,2.0,8.0,2.0,0.0,0.0,True,0.0,0.0,0.0,2.0,0.0,chunk_registry_v1
2021MND,output_2021_04_23_MND_S1,output_2021_04_23_MND_S1__Bot_5_Zoom_Meeting_4_23_2021_12_10_03_PM,2,27.0,0.35,lsa,351.0,3.0,1.1420938491515211,0.042299772190797,0.3806979497171738,0.042299772190797,0.042299772190797,0.9804534996761116,0.0,0.4135074566204764,0.375084560158936,0.3967933006812684,1.1853853174606808,2021_04_23_MND_S1,Bot_5_Zoom_Meeting_4_23_2021_12_10_03_PM,2021_04_23_MND_S1/Bot_5_Zoom_Meeting_4_23_2021_12_10_03_PM,0.0,0.0,2.0,8.0,2.0,0.0,0.0,True,0.0,0.0,0.0,2.0,0.0,chunk_registry_v1
2021MND,output_2021_04_23_MND_S10,output_2021_04_23_MND_S10__bot1_2021_04_23_13_12_57,7,159.0,0.35,lsa,12561.0,950.0,169.68850247142387,1.067223285983798,0.1786194762857093,1.067223285983798,1.067223285983798,0.8332841991219675,1.4168069339368323,15.922286656627314,14.95209614250468,13.488325481287951,44.362708280419945,2021_04_23_MND_S10,bot1_2021_04_23_13_12_57,2021_04_23_MND_S10/bot1_2021_04_23_13_12_57,,0.0,0.0,7.0,0.0,0.0,0.0,False,,,,,0.0,chunk_registry_v1
2021MND,output_2021_04_23_MND_S11,output_2021_04_23_MND_S11__bot2_Zoom_Meeting_2021_04_23_13_13_56,6,154.0,0.35,lsa,11781.0,1035.0,191.6832573741548,1.2446964764555506,0.1852012148542558,1.2446964764555508,1.2446964764555506,0.6930576362964391,1.6929198790843083,18.294118654353788,17.207956587710928,16.078948709253115,51.58102395131783,2021_04_23_MND_S11,bot2_Zoom_Meeting_2021_04_23_13_13_56,2021_04_23_MND_S11/bot2_Zoom_Meeting_2021_04_23_13_13_56,0.3333333333333333,1.0,3.0,7.0,3.0,1.0,1.0,True,0.3333333333333333,0.3333333333333333,1.0,3.0,1.0,chunk_registry_v1
2021MND,output_2021_04_23_MND_S12,output_2021_04_23_MND_S12__bot3_Room_3_Zoom_Meeting_2021_04_23_13_13_23,7,141.0,0.35,lsa,9870.0,780.0,121.98593360372864,0.8651484652746712,0.1563922225688828,0.8651484652746713,0.8651484652746714,0.8265344627545581,1.2459061658304855,13.407511443540484,12.189737138493616,11.492148276744864,37.08939685877896,2021_04_23_MND_S12,bot3_Room_3_Zoom_Meeting_2021_04_23_13_13_23,2021_04_23_MND_S12/bot3_Room_3_Zoom_Meeting_2021_04_23_13_13_23,0.0,0.0,1.0,7.0,1.0,0.0,0.0,True,0.0,0.0,0.0,1.0,0.0,chunk_registry_v1
2021MND,output_2021_04_23_MND_S13,output_2021_04_23_MND_S13__botB1_2021_04_23_13_14_18,6,125.0,0.35,lsa,7750.0,669.0,118.71887858120846,0.9497510286496677,0.177457217610177,0.9497510286496677,0.9497510286496677,0.8310555975274796,1.1488072728477865,14.337524289415136,13.563007422978837,12.577711502640009,40.47824321503398,2021_04_23_MND_S13,botB1_2021_04_23_13_14_18,2021_04_23_MND_S13/botB1_2021_04_23_13_14_18,,0.0,0.0,7.0,0.0,0.0,0.0,False,,,,,0.0,chunk_registry_v1
2021MND,output_2021_04_23_MND_S14,output_2021_04_23_MND_S14__botB2_2021_04_23_13_14_21,7,176.0,0.35,lsa,15400.0,1610.0,281.38009620746624,1.598750546633331,0.1747702460915939,1.598750546633331,1.598750546633331,0.709246648377887,2.2843116218444797,21.36782149225062,22.919173216445163,22.355050003044067,66.64204471173986,2021_04_23_MND_S14,botB2_2021_04_23_13_14_21,2021_04_23_MND_S14/botB2_2021_04_23_13_14_21,,0.0,0.0,7.0,0.0,0.0,0.0,False,,,,,0.0,chunk_registry_v1
2021MND,output_2021_04_23_MND_S15,output_2021_04_23_MND_S15__Breakout_Room_4_Session_3_2021_04_23_13_13_06,7,170.0,0.35,lsa,14365.0,953.0,194.1963792965231,1.1423316429207242,0.2037737453268867,1.1423316429207242,1.1423316429207244,0.7897182359276723,1.8711753056799605,17.650570703996234,15.113340244477053,16.013180600450116,48.777091548923394,2021_04_23_MND_S15,Breakout_Room_4_Session_3_2021_04_23_13_13_06,2021_04_23_MND_S15/Breakout_Room_4_Session_3_2021_04_23_13_13_06,,0.0,0.0,7.0,0.0,0.0,0.0,False,,,,,0.0,chunk_registry_v1
2021MND,output_2021_04_23_MND_S16,output_2021_04_23_MND_S16__Zoom_Meeting_Room_6_2021_04_23_13_20_22,6,89.0,0.35,lsa,3916.0,234.0,39.39699697552643,0.4426628873654655,0.1683632349381471,0.4426628873654654,0.4426628873654655,0.767198531612119,0.5289228282211074,6.9777426879033335,6.57074346072699,6.36049787074372,19.90898401937405,2021_04_23_MND_S16,Zoom_Meeting_Room_6_2021_04_23_13_20_22,2021_04_23_MND_S16/Zoom_Meeting_Room_6_2021_04_23_13_20_22,0.0,0.0,3.0,7.0,3.0,0.0,0.0,True,0.0,0.0,0.0,3.0,0.0,chunk_registry_v1
2021MND,output_2021_04_23_MND_S2,output_2021_04_23_MND_S2__bot1_2021_04_23_11_15_35,7,135.0,0.35,lsa,9045.0,577.0,106.56915039055292,0.7894011140040957,0.1846952346456723,0.7894011140040957,0.7894011140040958,0.775781993765206,1.2143430282447114,10.838284290994158,10.727986209568392,12.444103282031945,34.0103737825945,2021_04_23_MND_S2,bot1_2021_04_23_11_15_35,2021_04_23_MND_S2/bot1_2021_04_23_11_15_35,0.5,1.0,2.0,7.0,2.0,1.0,1.0,True,0.5,0.5,1.0,2.0,1.0,chunk_registry_v1
2021MND,output_2021_04_23_MND_S3,output_2021_04_23_MND_S3__bot2_Zoom_Meeting_Room_2_2021_04_23_11_18_13,6,92.0,0.35,lsa,4186.0,293.0,50.537116415642,0.5493164827787175,0.1724816259919522,0.5493164827787175,0.5493164827787175,0.825462985031255,0.8181796920259403,8.135634288446674,6.975054020908169,8.06110594004826,23.1717942494031,2021_04_23_MND_S3,bot2_Zoom_Meeting_Room_2_2021_04_23_11_18_13,2021_04_23_MND_S3/bot2_Zoom_Meeting_Room_2_2021_04_23_11_18_13,0.0,0.0,2.0,7.0,2.0,0.0,0.0,True,0.0,0.0,0.0,2.0,0.0,chunk_registry_v1
2021MND,output_2021_04_23_MND_S4,output_2021_04_23_MND_S4__bot3_Room_3_Zoom_Meeting_2021_04_23_12_09_57,2,43.0,0.35,lsa,903.0,23.0,3.2185355099018507,0.0748496630209732,0.1399363265174717,0.0748496630209732,0.0748496630209732,0.8096727874928503,0.0991894749176762,1.18480011869916,0.9359854265089668,0.9949846678679882,3.115770213076115,2021_04_23_MND_S4,bot3_Room_3_Zoom_Meeting_2021_04_23_12_09_57,2021_04_23_MND_S4/bot3_Room_3_Zoom_Meeting_2021_04_23_12_09_57,,0.0,0.0,9.0,0.0,0.0,0.0,False,,,,,0.0,chunk_registry_v1
2021MND,output_2021_04_23_MND_S4,output_2021_04_23_MND_S4__bot3_Zoom_Meeting_2021_04_23_11_16_26,6,111.0,0.35,lsa,6105.0,392.0,60.57920003813388,0.545758558902107,0.1545387756074843,0.5457585589021069,0.545758558902107,0.6427235177712224,0.6619165076628877,8.602474423545718,7.958154983880247,7.885397830459426,24.44602723788539,2021_04_23_MND_S4,bot3_Zoom_Meeting_2021_04_23_11_16_26,2021_04_23_MND_S4/bot3_Zoom_Meeting_2021_04_23_11_16_26,,0.0,0.0,9.0,0.0,0.0,0.0,False,,,,,0.0,chunk_registry_v1
2021MND,output_2021_04_23_MND_S5,output_2021_04_23_MND_S5__botB1_2021_04_23_11_17_35,7,128.0,0.35,lsa,8128.0,579.0,103.42093827378253,0.807976080263926,0.178619927933994,0.807976080263926,0.807976080263926,0.7624470422370742,1.13973569926576,10.879891705709133,11.689691565079103,12.39352758580234,34.963110856590575,2021_04_23_MND_S5,botB1_2021_04_23_11_17_35,2021_04_23_MND_S5/botB1_2021_04_23_11_17_35,0.5,1.0,2.0,7.0,2.0,1.0,1.0,True,0.5,0.5,1.0,2.0,1.0,chunk_registry_v1
2021MND,output_2021_04_23_MND_S6,output_2021_04_23_MND_S6__botB2_2021_04_23_11_17_00,7,157.0,0.35,lsa,12246.0,1046.0,220.31390402214208,1.403273274026383,0.2106251472487018,1.403273274026383,1.403273274026383,0.8174445308373876,2.129612624620487,20.361348610625143,20.0211979620136,19.54918806859976,59.931734641238506,2021_04_23_MND_S6,botB2_2021_04_23_11_17_00,2021_04_23_MND_S6/botB2_2021_04_23_11_17_00,0.0,0.0,2.0,7.0,2.0,0.0,0.0,True,0.0,0.0,0.0,2.0,0.0,chunk_registry_v1
2021MND,output_2021_04_23_MND_S7,output_2021_04_23_MND_S7__Breakout_Room_4_Session_2_2021_04_23_11_15_47,7,117.0,0.35,lsa,6786.0,437.0,74.97601009960131,0.6408205991418916,0.171569817161559,0.6408205991418916,0.6408205991418916,0.8052395782033166,0.9246352801550416,9.250368032660166,10.04071790988179,10.134711188376723,29.42579713091868,2021_04_23_MND_S7,Breakout_Room_4_Session_2_2021_04_23_11_15_47,2021_04_23_MND_S7/Breakout_Room_4_Session_2_2021_04_23_11_15_47,0.0,0.0,1.0,7.0,1.0,0.0,0.0,True,0.0,0.0,0.0,1.0,0.0,chunk_registry_v1
2021MND,output_2021_04_23_MND_S8,output_2021_04_23_MND_S8__Zoom_Meeting_Room_6_2021_04_23_11_22_11,5,67.0,0.35,lsa,2211.0,176.0,24.97554804004933,0.3727693737320795,0.1419065229548257,0.3727693737320794,0.3727693737320795,0.6499226115185401,0.5690247983684628,5.400838269432196,5.131775237773953,5.800610122413888,16.333223629620036,2021_04_23_MND_S8,Zoom_Meeting_Room_6_2021_04_23_11_22_11,2021_04_23_MND_S8/Zoom_Meeting_Room_6_2021_04_23_11_22_11,,0.0,0.0,8.0,0.0,0.0,0.0,False,,,,,0.0,chunk_registry_v1
2021MND,output_2021_04_23_MND_S8,output_2021_04_23_MND_S8__Zoom_Meeting_Room_6_2021_04_23_12_09_42,1,33.0,0.35,lsa,528.0,3.0,0.7599840979430438,0.0230298211497892,0.2533280326476813,0.0230298211497892,0.0230298211497892,0.1545010445186324,0.0379085322836781,0.2682071427515989,0.3204177090344035,0.204409238948232,0.7930340907342345,2021_04_23_MND_S8,Zoom_Meeting_Room_6_2021_04_23_12_09_42,2021_04_23_MND_S8/Zoom_Meeting_Room_6_2021_04_23_12_09_42,,0.0,0.0,8.0,0.0,0.0,0.0,False,,,,,0.0,chunk_registry_v1
2021MND,output_2021_04_23_MND_S9,output_2021_04_23_MND_S9__Bot_5_Zoom_Meeting_4_23_2021_1_22_30_PM,6,124.0,0.35,lsa,7626.0,702.0,114.37206759046369,0.922355383794062,0.1629231732057887,0.922355383794062,0.922355383794062,0.782873012428256,1.3574961534399783,15.442782254785971,12.418628788760392,12.62354934476378,40.48496038831014,2021_04_23_MND_S9,Bot_5_Zoom_Meeting_4_23_2021_1_22_30_PM,2021_04_23_MND_S9/Bot_5_Zoom_Meeting_4_23_2021_1_22_30_PM,0.0,0.0,2.0,7.0,2.0,0.0,0.0,True,0.0,0.0,0.0,2.0,0.0,chunk_registry_v1
2021MZT,output_2021_09_30_MZT_S1,output_2021_09_30_MZT_S1__B1_(short)_Zoom_Meeting_Room_1_2021_09_30_12_55_28,2,24.0,0.35,lsa,276.0,3.0,0.2065159986737498,0.0086048332780729,0.0688386662245832,0.0086048332780729,0.0086048332780729,0.9368767684059308,-0.012226799991358,0.1037882354767707,0.2159681741053596,0.0908714397273454,0.4106278493094758,2021_09_30_MZT_S1,B1_(short)_Zoom_Meeting_Room_1_2021_09_30_12_55_28,2021_09_30_MZT_S1/B1_(short)_Zoom_Meeting_Room_1_2021_09_30_12_55_28,,,,2.0,,,,,,,,,,unmatched
2021MZT,output_2021_09_30_MZT_S2,output_2021_09_30_MZT_S2__B2_Zoom_Meeting_Room_2_2021_09_30_12_55_56,6,128.0,0.35,lsa,8128.0,875.0,136.421713837828,1.065794639358031,0.1559105301003748,1.065794639358031,1.065794639358031,0.7997594592917285,1.1009430721631226,14.708716341872297,15.769215260552532,13.922472868501185,44.40040447092601,2021_09_30_MZT_S2,B2_Zoom_Meeting_Room_2_2021_09_30_12_55_56,2021_09_30_MZT_S2/B2_Zoom_Meeting_Room_2_2021_09_30_12_55_56,0.0,0.0,1.0,6.0,1.0,0.0,0.0,True,0.0,0.0,0.0,1.0,0.0,chunk_registry_v1
2021MZT,output_2021_09_30_MZT_S3,output_2021_09_30_MZT_S3__B3_2021_09_30_12_56_36,6,92.0,0.35,lsa,4186.0,309.0,50.970194953400224,0.5540238581891329,0.1649520872278324,0.5540238581891329,0.5540238581891328,0.6866616452939325,0.5122211769569402,8.616736314167165,8.264530926278603,7.018659353336411,23.899926593782176,2021_09_30_MZT_S3,B3_2021_09_30_12_56_36,2021_09_30_MZT_S3/B3_2021_09_30_12_56_36,0.0,0.0,1.0,6.0,1.0,0.0,0.0,True,0.0,0.0,0.0,1.0,0.0,chunk_registry_v1
2021MZT,output_2021_09_30_MZT_S4,output_2021_09_30_MZT_S4__B4_2021_09_30_13_05_04,6,135.0,0.35,lsa,9045.0,726.0,131.47382827879034,0.973880209472521,0.1810934273812539,0.973880209472521,0.973880209472521,0.7115060670265352,1.1537340603723802,13.421485354647666,13.77892441183129,13.824948486733822,41.02535825321278,2021_09_30_MZT_S4,B4_2021_09_30_13_05_04,2021_09_30_MZT_S4/B4_2021_09_30_13_05_04,0.0,0.0,1.0,6.0,1.0,0.0,0.0,True,0.0,0.0,0.0,1.0,0.0,chunk_registry_v1
2021MZT,output_2021_09_30_MZT_S5,output_2021_09_30_MZT_S5__B5_2021_09_30_12_57_07,6,126.0,0.35,lsa,7875.0,513.0,73.65612608148227,0.5845724292181133,0.1435791931412909,0.5845724292181131,0.5845724292181131,0.7737180394394425,0.7323846094967436,9.0383921344654,8.771249418051843,8.690877294591877,26.50051884710912,2021_09_30_MZT_S5,B5_2021_09_30_12_57_07,2021_09_30_MZT_S5/B5_2021_09_30_12_57_07,1.0,1.0,1.0,6.0,1.0,1.0,1.0,True,1.0,1.0,1.0,1.0,1.0,chunk_registry_v1
2021MZT,output_2021_09_30_MZT_S6,output_2021_09_30_MZT_S6__bot5,7,140.0,0.35,lsa,9730.0,928.0,153.65779315956223,1.0975556654254446,0.1655795184909075,1.0975556654254446,1.0975556654254446,0.7129649996449988,1.5074928114744468,15.24466825286569,15.156761596798384,13.746571740370204,44.14800159003428,2021_09_30_MZT_S6,bot5,2021_09_30_MZT_S6/bot5,1.0,1.0,1.0,7.0,1.0,1.0,1.0,True,1.0,1.0,1.0,1.0,1.0,chunk_registry_v1
2021MZT,output_2021_09_30_MZT_S7,output_2021_09_30_MZT_S7__MZT_1_1,8,172.0,0.35,lsa,14706.0,1551.0,326.881520249513,1.9004739549390293,0.210755332204715,1.9004739549390293,1.9004739549390288,0.7460828604748512,2.460162032863364,25.406407046646397,23.935459081111645,25.16842720888465,74.51029333664269,2021_09_30_MZT_S7,MZT_1_1,2021_09_30_MZT_S7/MZT_1_1,0.625,1.0,8.0,16.0,8.0,5.0,1.0,True,0.625,0.625,1.0,8.0,5.0,chunk_registry_v1
2021MZT,output_2021_09_30_MZT_S7,output_2021_09_30_MZT_S7__MZT_1_2,8,157.0,0.35,lsa,12246.0,1236.0,210.89260744488104,1.3432650155724908,0.1706250869295154,1.3432650155724903,1.3432650155724908,0.847916699409821,1.781005629157457,18.75060262934388,18.224724226070204,19.013204125887075,55.98853098130115,2021_09_30_MZT_S7,MZT_1_2,2021_09_30_MZT_S7/MZT_1_2,0.625,1.0,8.0,16.0,8.0,5.0,1.0,True,0.625,0.625,1.0,8.0,5.0,chunk_registry_v1
2021MZT,output_2021_10_01_MZT_S1,output_2021_10_01_MZT_S1__B1.3_Zoom_Meeting_Room_1_2021_10_01_11_09_03,7,129.0,0.35,lsa,8256.0,687.0,124.63492360299274,0.966162198472812,0.181419102770004,0.966162198472812,0.9661621984728118,0.7465219182052149,1.4640757515823573,13.65245858663845,13.400173564016743,14.91673508702007,41.969367237675264,2021_10_01_MZT_S1,B1.3_Zoom_Meeting_Room_1_2021_10_01_11_09_03,2021_10_01_MZT_S1/B1.3_Zoom_Meeting_Room_1_2021_10_01_11_09_03,0.0,0.0,2.0,9.0,2.0,0.0,0.0,True,0.0,0.0,0.0,2.0,0.0,chunk_registry_v1
2021MZT,output_2021_10_01_MZT_S10,output_2021_10_01_MZT_S10__B4_2021_10_01_13_11_56,7,161.0,0.35,lsa,12880.0,1163.0,229.2401032165816,1.4238515727737986,0.1971110087846789,1.4238515727737988,1.4238515727737986,0.6767663484795808,2.2217647455427465,18.99419911025333,18.44343258913546,20.163504376642063,57.601136076030855,2021_10_01_MZT_S10,B4_2021_10_01_13_11_56,2021_10_01_MZT_S10/B4_2021_10_01_13_11_56,,,,7.0,,,,,,,,,,unmatched
2021MZT,output_2021_10_01_MZT_S11,output_2021_10_01_MZT_S11__B5_2021_10_01_13_12_03,7,149.0,0.35,lsa,11026.0,973.0,171.3050714316184,1.149698465984016,0.1760586551198544,1.149698465984016,1.149698465984016,0.7153974583179334,1.6709878249356247,16.135204180793682,15.84576939216085,15.558426194079695,47.539399767034226,2021_10_01_MZT_S11,B5_2021_10_01_13_12_03,2021_10_01_MZT_S11/B5_2021_10_01_13_12_03,1.0,1.0,2.0,7.0,2.0,2.0,1.0,True,1.0,1.0,1.0,2.0,2.0,chunk_registry_v1
2021MZT,output_2021_10_01_MZT_S12,output_2021_10_01_MZT_S12__B6_2021_10_01_13_11_47,7,79.0,0.35,lsa,3081.0,177.0,37.16554299428451,0.470449911320057,0.2099748191767486,0.4704499113200571,0.4704499113200571,0.7992634274120946,0.6250960595516473,5.885770496475642,6.087888247431816,7.404019691870884,19.377678435778343,2021_10_01_MZT_S12,B6_2021_10_01_13_11_47,2021_10_01_MZT_S12/B6_2021_10_01_13_11_47,,,,7.0,,,,,,,,,,unmatched
2021MZT,output_2021_10_01_MZT_S13,output_2021_10_01_MZT_S13__MZT_3_5,7,137.0,0.35,lsa,9316.0,865.0,147.9798711252027,1.080145044709509,0.1710749955204655,1.080145044709509,1.080145044709509,0.7586356304138818,1.4986163141810085,15.860707798773078,15.220060515120691,14.454592133798608,45.535360447692376,2021_10_01_MZT_S13,MZT_3_5,2021_10_01_MZT_S13/MZT_3_5,,,,14.0,,,,,,,,,,unmatched
2021MZT,output_2021_10_01_MZT_S13,output_2021_10_01_MZT_S13__MZT_3_6,7,120.0,0.35,lsa,7140.0,777.0,123.07458268302388,1.0256215223585323,0.158397146310198,1.0256215223585323,1.0256215223585323,0.7755950623702963,1.196716966518533,14.653947123200666,13.972556211641187,13.637727312028323,42.264230646870175,2021_10_01_MZT_S13,MZT_3_6,2021_10_01_MZT_S13/MZT_3_6,,,,14.0,,,,,,,,,,unmatched
2021MZT,output_2021_10_01_MZT_S2,output_2021_10_01_MZT_S2__B2_Zoom_Meeting_Room_2_2021_10_01_11_04_45,8,171.0,0.35,lsa,14535.0,1392.0,255.4018436165934,1.4935780328455754,0.1834783359314607,1.4935780328455757,1.4935780328455757,0.6957765357733215,1.8809407791622097,20.159121420941386,20.89753608781674,20.8756087466364,61.93226625539453,2021_10_01_MZT_S2,B2_Zoom_Meeting_Room_2_2021_10_01_11_04_45,2021_10_01_MZT_S2/B2_Zoom_Meeting_Room_2_2021_10_01_11_04_45,0.0,0.0,1.0,8.0,1.0,0.0,0.0,True,0.0,0.0,0.0,1.0,0.0,chunk_registry_v1
2021MZT,output_2021_10_01_MZT_S3,output_2021_10_01_MZT_S3__B3_2021_10_01_11_04_47,10,140.0,0.35,lsa,9730.0,906.0,156.5000115800746,1.1178572255719614,0.1727373196248064,1.1178572255719612,1.1178572255719612,0.7729603328593375,1.4150948996358164,15.131072357230458,15.507800917469604,14.552528251019009,45.191401525719066,2021_10_01_MZT_S3,B3_2021_10_01_11_04_47,2021_10_01_MZT_S3/B3_2021_10_01_11_04_47,0.6666666666666666,1.0,3.0,10.0,3.0,2.0,1.0,True,0.6666666666666666,0.6666666666666666,1.0,3.0,2.0,chunk_registry_v1
2021MZT,output_2021_10_01_MZT_S4,output_2021_10_01_MZT_S4__B4_2021_10_01_11_04_24,10,169.0,0.35,lsa,14196.0,1481.0,253.88167853646536,1.5022584528784932,0.171425846412198,1.5022584528784932,1.5022584528784932,0.7635120238469726,1.959257356354545,21.8342617227925,19.704103724602422,19.649952113169117,61.188317560564045,2021_10_01_MZT_S4,B4_2021_10_01_11_04_24,2021_10_01_MZT_S4/B4_2021_10_01_11_04_24,0.5,1.0,2.0,10.0,2.0,1.0,1.0,True,0.5,0.5,1.0,2.0,1.0,chunk_registry_v1
2021MZT,output_2021_10_01_MZT_S5,output_2021_10_01_MZT_S5__B5_2021_10_01_11_04_33,10,190.0,0.35,lsa,17955.0,1817.0,312.7207784767123,1.6458988340879597,0.1721082985562533,1.64589883408796,1.64589883408796,0.8026261320898257,2.070161598780307,22.18194259606376,23.659887650916033,23.372521603490327,69.21435185047012,2021_10_01_MZT_S5,B5_2021_10_01_11_04_33,2021_10_01_MZT_S5/B5_2021_10_01_11_04_33,0.5,1.0,2.0,10.0,2.0,1.0,1.0,True,0.5,0.5,1.0,2.0,1.0,chunk_registry_v1
2021MZT,output_2021_10_01_MZT_S6,output_2021_10_01_MZT_S6__MZT_2_5,8,153.0,0.35,lsa,11628.0,975.0,170.59062471598563,1.1149714033724551,0.1749647432984468,1.1149714033724551,1.1149714033724551,0.742482953243136,1.5246084156182658,16.73030283690426,14.911456975214415,14.418053658573536,46.05981347069221,2021_10_01_MZT_S6,MZT_2_5,2021_10_01_MZT_S6/MZT_2_5,,,,16.0,,,,,,,,,,unmatched
2021MZT,output_2021_10_01_MZT_S6,output_2021_10_01_MZT_S6__MZT_2_6,8,182.0,0.35,lsa,16471.0,1317.0,236.17987839977303,1.2976916395591924,0.1793317223992202,1.2976916395591924,1.2976916395591924,0.6814427814867697,2.169571153779351,20.464972316962847,17.97848495160812,18.701453757404032,57.144911025975,2021_10_01_MZT_S6,MZT_2_6,2021_10_01_MZT_S6/MZT_2_6,,,,16.0,,,,,,,,,,unmatched
2021MZT,output_2021_10_01_MZT_S7,output_2021_10_01_MZT_S7__B1_Zoom_Meeting_Room_1_2021_10_01_13_12_04,7,141.0,0.35,lsa,9870.0,954.0,169.73690710143103,1.2038078517831987,0.1779212862698438,1.2038078517831987,1.2038078517831992,0.7607524482782505,1.7225574872164104,16.707761721862155,16.444608602722706,15.250582035749972,48.40295236033484,2021_10_01_MZT_S7,B1_Zoom_Meeting_Room_1_2021_10_01_13_12_04,2021_10_01_MZT_S7/B1_Zoom_Meeting_Room_1_2021_10_01_13_12_04,1.0,1.0,1.0,7.0,1.0,1.0,1.0,True,1.0,1.0,1.0,1.0,1.0,chunk_registry_v1
2021MZT,output_2021_10_01_MZT_S8,output_2021_10_01_MZT_S8__B2_Zoom_Meeting_Room_2_2021_10_01_13_12_15,7,141.0,0.35,lsa,9870.0,827.0,146.71956641124547,1.0405643007889749,0.1774118094452786,1.0405643007889749,1.0405643007889749,0.7285651656284133,1.4490826975883524,15.1310723597867,13.47454204404662,16.30164539480779,44.90725979864111,2021_10_01_MZT_S8,B2_Zoom_Meeting_Room_2_2021_10_01_13_12_15,2021_10_01_MZT_S8/B2_Zoom_Meeting_Room_2_2021_10_01_13_12_15,0.0,0.0,1.0,7.0,1.0,0.0,0.0,True,0.0,0.0,0.0,1.0,0.0,chunk_registry_v1
2021MZT,output_2021_10_01_MZT_S9,output_2021_10_01_MZT_S9__B3_2021_10_01_13_12_21,7,136.0,0.35,lsa,9180.0,872.0,151.5596402227923,1.1144091192852374,0.1738069268610003,1.1144091192852374,1.1144091192852374,0.7987329928695824,1.3280917892158155,15.666383410966136,15.354084462832398,15.466633656918448,46.487101530716984,2021_10_01_MZT_S9,B3_2021_10_01_13_12_21,2021_10_01_MZT_S9/B3_2021_10_01_13_12_21,,0.0,0.0,7.0,0.0,0.0,0.0,False,,,,,0.0,chunk_registry_v1
2021NES,output_2021_11_04_NES_S1,output_2021_11_04_NES_S1__B1_trim_end_2021_11_04_12_51_35,10,171.0,0.35,lsa,14535.0,1389.0,248.69874895125395,1.4543786488377424,0.1790487753428754,1.4543786488377424,1.4543786488377426,0.8459125802123546,1.7929785260234712,19.558878266437052,19.639701608992684,20.076108435974376,59.27468831140411,2021_11_04_NES_S1,B1_trim_end_2021_11_04_12_51_35,2021_11_04_NES_S1/B1_trim_end_2021_11_04_12_51_35,0.5,1.0,2.0,,,,,,,0.5,1.0,2.0,,entropy_with_outcomes
2021NES,output_2021_11_04_NES_S2,output_2021_11_04_NES_S2__B2_Zoom_Meeting_Room_2_2021_11_04_12_53_10,6,142.0,0.35,lsa,10011.0,815.0,126.52597201915364,0.8910279719658707,0.1552465914345443,0.8910279719658707,0.8910279719658706,0.7486717702811849,1.1645018616260436,13.567526620494023,12.308995116964736,12.539224994779804,38.41574673223856,2021_11_04_NES_S2,B2_Zoom_Meeting_Room_2_2021_11_04_12_53_10,2021_11_04_NES_S2/B2_Zoom_Meeting_Room_2_2021_11_04_12_53_10,0.0,0.0,2.0,,,,,,,0.0,0.0,2.0,,entropy_with_outcomes
2021NES,output_2021_11_04_NES_S3,output_2021_11_04_NES_S3__B3_2021_11_04_12_32_36,8,161.0,0.35,lsa,12880.0,1291.0,241.3286005609544,1.498935407210897,0.1869315263833884,1.498935407210897,1.498935407210897,0.7119118605624707,2.101175317629166,21.865730303482437,19.661554982254508,20.47970913649448,62.00699442223142,2021_11_04_NES_S3,B3_2021_11_04_12_32_36,2021_11_04_NES_S3/B3_2021_11_04_12_32_36,0.5,1.0,2.0,,,,,,,0.5,1.0,2.0,,entropy_with_outcomes
2021NES,output_2021_11_04_NES_S4,output_2021_11_04_NES_S4__B4_maybe_wrong_time_2021_11_04_12_36_01,7,167.0,0.35,lsa,13861.0,1305.0,221.53867554281987,1.3265788954659872,0.1697614371975631,1.326578895465987,1.326578895465987,0.7111003169786865,1.758701805419313,19.96763257077109,18.40036871427276,18.0781813481587,56.446182633202554,2021_11_04_NES_S4,B4_maybe_wrong_time_2021_11_04_12_36_01,2021_11_04_NES_S4/B4_maybe_wrong_time_2021_11_04_12_36_01,,,,,,,,,,,,,,unmatched
2021NES,output_2021_11_04_NES_S5,output_2021_11_04_NES_S5__B5_2021_11_04_12_32_22,8,145.0,0.35,lsa,10440.0,1088.0,175.21422353263756,1.2083739553975004,0.1610424848645565,1.2083739553975004,1.2083739553975004,0.7981425534640324,1.446229086403275,17.265192775295645,16.364142465172897,16.08743351668785,49.71676875715639,2021_11_04_NES_S5,B5_2021_11_04_12_32_22,2021_11_04_NES_S5/B5_2021_11_04_12_32_22,0.3333333333333333,1.0,3.0,,,,,,,0.3333333333333333,1.0,3.0,,entropy_with_outcomes
2021NES,output_2021_11_04_NES_S6,output_2021_11_04_NES_S6__B6_2021_11_04_12_32_03,4,94.0,0.35,lsa,4371.0,233.0,75.70930826001529,0.8054181729788861,0.3249326534764605,0.8054181729788861,0.8054181729788861,0.5362142587755113,1.63274144228239,11.200938401424857,9.27245852766414,10.33977444097585,30.813171370064843,2021_11_04_NES_S6,B6_2021_11_04_12_32_03,2021_11_04_NES_S6/B6_2021_11_04_12_32_03,1.0,1.0,1.0,,,,,,,1.0,1.0,1.0,,entropy_with_outcomes
2021NES,output_2021_11_05_NES_S1,output_2021_11_05_NES_S1__B1_2021_11_05_11_01_24_trimend,12,295.0,0.35,lsa,43365.0,5250.0,1017.6353149218204,3.44961123702312,0.1938352980803467,3.4496112370231207,3.44961123702312,0.846720020371672,4.515272178138555,45.896328024027326,44.09745444115052,46.25277180731496,136.2465542724928,2021_11_05_NES_S1,B1_2021_11_05_11_01_24_trimend,2021_11_05_NES_S1/B1_2021_11_05_11_01_24_trimend,0.25,1.0,4.0,,,,,,,0.25,1.0,4.0,,entropy_with_outcomes
2021NES,output_2021_11_05_NES_S10,output_2021_11_05_NES_S10__B4_2021_11_05_13_06_36,6,167.0,0.35,lsa,13861.0,1100.0,222.85561022975304,1.334464731914689,0.2025960092997755,1.334464731914689,1.3344647319146885,0.7485220717451122,1.5220269482870856,19.076542756878204,19.88081087688693,17.719576651868675,56.676930285633816,2021_11_05_NES_S10,B4_2021_11_05_13_06_36,2021_11_05_NES_S10/B4_2021_11_05_13_06_36,1.0,1.0,1.0,,,,,,,1.0,1.0,1.0,,entropy_with_outcomes
2021NES,output_2021_11_05_NES_S11,output_2021_11_05_NES_S11__B5_2021_11_05_13_06_53,8,158.0,0.35,lsa,12403.0,1137.0,221.58401254790215,1.4024304591639376,0.1948847955566421,1.4024304591639376,1.4024304591639376,0.6753217729696166,1.8289110638477089,20.0777051340902,18.634896022201406,18.88817202370281,57.60077317999442,2021_11_05_NES_S11,B5_2021_11_05_13_06_53,2021_11_05_NES_S11/B5_2021_11_05_13_06_53,1.0,1.0,1.0,,,,,,,1.0,1.0,1.0,,entropy_with_outcomes
2021NES,output_2021_11_05_NES_S12,output_2021_11_05_NES_S12__B6_2021_11_05_13_06_36,7,148.0,0.35,lsa,10878.0,769.0,135.1438522877112,0.9131341370791298,0.1757397298929924,0.9131341370791296,0.9131341370791298,0.7741908827815809,1.136994520022164,13.26280926252374,13.512489999861266,13.287310169655838,40.06260943204085,2021_11_05_NES_S12,B6_2021_11_05_13_06_36,2021_11_05_NES_S12/B6_2021_11_05_13_06_36,,,,,,,,,,,,,,unmatched
2021NES,output_2021_11_05_NES_S2,output_2021_11_05_NES_S2__B2_Zoom_Meeting_Room_2.2_2021_11_05_11_02_10,8,133.0,0.35,lsa,8778.0,774.0,143.31032570166732,1.077521245877198,0.1851554595628776,1.0775212458771977,1.077521245877198,0.8564874026617082,1.2166168121776633,15.509908957381125,17.376153560485868,13.922147600294096,46.808210118161085,2021_11_05_NES_S2,B2_Zoom_Meeting_Room_2.2_2021_11_05_11_02_10,2021_11_05_NES_S2/B2_Zoom_Meeting_Room_2.2_2021_11_05_11_02_10,0.0,0.0,1.0,,,,,,,0.0,0.0,1.0,,entropy_with_outcomes
2021NES,output_2021_11_05_NES_S3,output_2021_11_05_NES_S3__B3_2021_11_05_11_01_14_trimend,11,171.0,0.35,lsa,14535.0,1307.0,230.7658193476177,1.3495077154831443,0.1765614532116432,1.3495077154831447,1.3495077154831443,0.7637023760053027,1.8692881101921897,18.623466684964217,18.7495662925754,19.163579931779484,56.5366129093191,2021_11_05_NES_S3,B3_2021_11_05_11_01_14_trimend,2021_11_05_NES_S3/B3_2021_11_05_11_01_14_trimend,0.0,0.0,4.0,,,,,,,0.0,0.0,4.0,,entropy_with_outcomes
2021NES,output_2021_11_05_NES_S4,output_2021_11_05_NES_S4__B4_2021_11_05_11_00_54_trimend,12,198.0,0.35,lsa,19503.0,2136.0,406.8389283805353,2.054742062527956,0.1904676630995015,2.054742062527956,2.054742062527956,0.8105356718207928,2.674107578262437,26.599524214914187,27.102057958160483,27.639528287544906,81.34111046061957,2021_11_05_NES_S4,B4_2021_11_05_11_00_54_trimend,2021_11_05_NES_S4/B4_2021_11_05_11_00_54_trimend,1.0,1.0,1.0,,,,,,,1.0,1.0,1.0,,entropy_with_outcomes
2021NES,output_2021_11_05_NES_S5,output_2021_11_05_NES_S5__B5_2021_11_05_11_01_07_trimend,12,235.0,0.35,lsa,27495.0,2798.0,476.7589042058888,2.028761294493144,0.1703927463209038,2.028761294493144,2.028761294493144,0.8131405986764726,2.711439464006662,28.125674038115218,29.019367593930244,28.39519243883778,85.54023407088324,2021_11_05_NES_S5,B5_2021_11_05_11_01_07_trimend,2021_11_05_NES_S5/B5_2021_11_05_11_01_07_trimend,0.6666666666666666,1.0,3.0,,,,,,,0.6666666666666666,1.0,3.0,,entropy_with_outcomes
2021NES,output_2021_11_05_NES_S6,output_2021_11_05_NES_S6__B6_2021_11_05_11_01_03_trimend,12,224.0,0.35,lsa,24976.0,2150.0,393.5127798748567,1.7567534815841817,0.1830291999417938,1.7567534815841817,1.756753481584182,0.8155067467537419,2.412497693322494,26.269985627380414,23.941672838855023,24.057703929828953,74.2693623960644,2021_11_05_NES_S6,B6_2021_11_05_11_01_03_trimend,2021_11_05_NES_S6/B6_2021_11_05_11_01_03_trimend,0.25,1.0,4.0,,,,,,,0.25,1.0,4.0,,entropy_with_outcomes
2021NES,output_2021_11_05_NES_S7,output_2021_11_05_NES_S7__B1_2021_11_05_13_06_40,7,252.0,0.35,lsa,31626.0,2562.0,528.7247833377202,2.0981142195941276,0.2063718904518814,2.0981142195941276,2.0981142195941276,0.792297405780446,3.4096708761715373,32.12546154476985,27.435652632526057,29.359708905294916,88.92082308259083,2021_11_05_NES_S7,B1_2021_11_05_13_06_40,2021_11_05_NES_S7/B1_2021_11_05_13_06_40,0.0,0.0,1.0,,,,,,,0.0,0.0,1.0,,entropy_with_outcomes
2021NES,output_2021_11_05_NES_S8,output_2021_11_05_NES_S8__B2_Zoom_Meeting_Room_2_2021_11_05_13_07_15,8,169.0,0.35,lsa,14196.0,1185.0,221.7303692536704,1.3120140192524876,0.1871142356571058,1.3120140192524878,1.3120140192524878,0.6921285341612771,1.7435308406797592,19.19686852596439,17.380316206326082,17.75754849909003,54.33473323138051,2021_11_05_NES_S8,B2_Zoom_Meeting_Room_2_2021_11_05_13_07_15,2021_11_05_NES_S8/B2_Zoom_Meeting_Room_2_2021_11_05_13_07_15,,,,,,,,,,,,,,unmatched
2021NES,output_2021_11_05_NES_S9,output_2021_11_05_NES_S9__B3_2021_11_05_13_06_59,7,185.0,0.35,lsa,17020.0,1393.0,245.01015242237088,1.3243792022830858,0.1758866851560451,1.3243792022830858,1.324379202283086,0.764666173160675,1.6882263872044798,19.637745862420996,19.53533824708632,18.865962383394297,58.03904649290161,2021_11_05_NES_S9,B3_2021_11_05_13_06_59,2021_11_05_NES_S9/B3_2021_11_05_13_06_59,0.0,0.0,1.0,,,,,,,0.0,0.0,1.0,,entropy_with_outcomes
2021SLU,output_2021_06_10_SLU_S1,output_2021_06_10_SLU_S1__bot1_2021_06_10_12_34_46,8,180.0,0.35,lsa,16110.0,1849.0,309.46729103871877,1.719262727992882,0.1673700870950344,1.719262727992882,1.7192627279928818,0.7425263376062146,2.2319313928980877,23.707748753623708,22.9813815033254,23.673866194647932,70.36299645159704,2021_06_10_SLU_S1,bot1_2021_06_10_12_34_46,2021_06_10_SLU_S1/bot1_2021_06_10_12_34_46,0.3333333333333333,1.0,3.0,8.0,3.0,1.0,1.0,True,0.3333333333333333,0.3333333333333333,1.0,3.0,1.0,chunk_registry_v1
2021SLU,output_2021_06_10_SLU_S2,output_2021_06_10_SLU_S2__bot2p2_Zoom_Meeting_Room_2_2021_06_10_12_37_25,8,144.0,0.35,lsa,10296.0,1265.0,199.45830837989644,1.3851271415270583,0.1576745520789695,1.3851271415270583,1.3851271415270587,0.7144176971229917,1.7274816081960078,19.11185035358483,18.28207201353724,17.651857744000477,55.04578011112255,2021_06_10_SLU_S2,bot2p2_Zoom_Meeting_Room_2_2021_06_10_12_37_25,2021_06_10_SLU_S2/bot2p2_Zoom_Meeting_Room_2_2021_06_10_12_37_25,0.5,1.0,2.0,9.0,2.0,1.0,1.0,True,0.5,0.5,1.0,2.0,1.0,chunk_registry_v1
2021SLU,output_2021_06_10_SLU_S3,output_2021_06_10_SLU_S3__bot3p2_Room_3_Zoom_Meeting_2021_06_10_12_36_45,8,130.0,0.35,lsa,8385.0,920.0,148.21939330813927,1.1401491792933791,0.1611080362044992,1.1401491792933791,1.1401491792933791,0.7951049727731906,1.5496327511523,15.888713174752915,15.587974716478532,15.245159870479313,46.72184776171076,2021_06_10_SLU_S3,bot3p2_Room_3_Zoom_Meeting_2021_06_10_12_36_45,2021_06_10_SLU_S3/bot3p2_Room_3_Zoom_Meeting_2021_06_10_12_36_45,0.0,0.0,1.0,9.0,1.0,0.0,0.0,True,0.0,0.0,0.0,1.0,0.0,chunk_registry_v1
2021SLU,output_2021_06_10_SLU_S4,output_2021_06_10_SLU_S4__bot4_2021_06_10_12_35_05,7,204.0,0.35,lsa,20706.0,1866.0,322.7402910167828,1.5820602500822687,0.1729583553144602,1.5820602500822687,1.5820602500822687,0.7752495956421843,2.1341163853648237,23.390309361285663,21.259607219332423,21.428918889587063,66.07883547020515,2021_06_10_SLU_S4,bot4_2021_06_10_12_35_05,2021_06_10_SLU_S4/bot4_2021_06_10_12_35_05,1.0,1.0,2.0,8.0,2.0,2.0,1.0,True,1.0,1.0,1.0,2.0,2.0,chunk_registry_v1
2021SLU,output_2021_06_10_SLU_S5,output_2021_06_10_SLU_S5__botB2_2021_06_10_12_35_06,7,134.0,0.35,lsa,8911.0,812.0,130.36115132778326,0.9728444128939048,0.1605432898125409,0.9728444128939048,0.9728444128939048,0.6827629863822074,1.548290551352176,13.912653136034296,12.331660656919375,13.009889320353212,39.254203113306886,2021_06_10_SLU_S5,botB2_2021_06_10_12_35_06,2021_06_10_SLU_S5/botB2_2021_06_10_12_35_06,0.5,1.0,2.0,8.0,2.0,1.0,1.0,True,0.5,0.5,1.0,2.0,1.0,chunk_registry_v1
2021SLU,output_2021_06_10_SLU_S6,output_2021_06_10_SLU_S6__Zoom_Meeting_Room_6_2021_06_10_12_35_01,8,190.0,0.35,lsa,17955.0,1859.0,326.4662943294387,1.7182436543654669,0.1756139291712957,1.7182436543654669,1.7182436543654669,0.7701468585563581,2.6008552348404397,23.543857693206107,23.49978638474334,24.95898779555405,72.0026318735035,2021_06_10_SLU_S6,Zoom_Meeting_Room_6_2021_06_10_12_35_01,2021_06_10_SLU_S6/Zoom_Meeting_Room_6_2021_06_10_12_35_01,0.0,0.0,2.0,9.0,2.0,0.0,0.0,True,0.0,0.0,0.0,2.0,0.0,chunk_registry_v1
2021SLU,output_2021_06_10_SLU_S7,output_2021_06_10_SLU_S7__Zoom_Meeting_6_10_2021_12_35_12_PM,8,142.0,0.35,lsa,10011.0,592.0,119.63109047010713,0.8424724680993458,0.2020795447130187,0.842472468099346,0.842472468099346,0.7925518230632793,1.1518106335233589,14.621745491256531,10.647500593246638,11.385612616074098,36.65485870057727,2021_06_10_SLU_S7,Zoom_Meeting_6_10_2021_12_35_12_PM,2021_06_10_SLU_S7/Zoom_Meeting_6_10_2021_12_35_12_PM,,0.0,0.0,8.0,0.0,0.0,0.0,False,,,,,0.0,chunk_registry_v1
2021SLU,output_2021_06_11_SLU_S1,output_2021_06_11_SLU_S1__bot1_2021_06_11_10_57_56,8,208.0,0.35,lsa,21528.0,2304.0,395.0996825897695,1.8995177047585072,0.171484237235143,1.8995177047585077,1.8995177047585077,0.7838325894705205,2.458017866551181,26.246072367267917,27.104047037836313,28.56923546746603,81.91935487257027,2021_06_11_SLU_S1,bot1_2021_06_11_10_57_56,2021_06_11_SLU_S1/bot1_2021_06_11_10_57_56,0.3333333333333333,1.0,3.0,8.0,3.0,1.0,1.0,True,0.3333333333333333,0.3333333333333333,1.0,3.0,1.0,chunk_registry_v1
2021SLU,output_2021_06_11_SLU_S10,output_2021_06_11_SLU_S10__bot3p2_Room_3_Zoom_Meeting_2021_06_11_13_03_36,8,205.0,0.35,lsa,20910.0,2147.0,363.87473980425466,1.7749987307524615,0.1694805495129271,1.7749987307524615,1.7749987307524615,0.8337723086034957,1.9270972089224363,24.36880792498774,25.792526353642995,23.431211585282632,73.59254586391336,2021_06_11_SLU_S10,bot3p2_Room_3_Zoom_Meeting_2021_06_11_13_03_36,2021_06_11_SLU_S10/bot3p2_Room_3_Zoom_Meeting_2021_06_11_13_03_36,0.0,0.0,1.0,9.0,1.0,0.0,0.0,True,0.0,0.0,0.0,1.0,0.0,chunk_registry_v1
2021SLU,output_2021_06_11_SLU_S11,output_2021_06_11_SLU_S11__bot4_2021_06_11_13_02_17,8,192.0,0.35,lsa,18336.0,1951.0,360.0490956519611,1.8752557065206308,0.1845459229379606,1.8752557065206308,1.8752557065206308,0.7933777220433972,2.4648163653155866,25.34808584674698,24.44534705795971,24.472480599385744,74.26591350409244,2021_06_11_SLU_S11,bot4_2021_06_11_13_02_17,2021_06_11_SLU_S11/bot4_2021_06_11_13_02_17,0.5,1.0,2.0,8.0,2.0,1.0,1.0,True,0.5,0.5,1.0,2.0,1.0,chunk_registry_v1
2021SLU,output_2021_06_11_SLU_S12,output_2021_06_11_SLU_S12__botB2_2021_06_11_13_01_54,8,191.0,0.35,lsa,18145.0,1970.0,340.84662375218227,1.7845372971318445,0.1730185907371483,1.7845372971318445,1.7845372971318445,0.7142874474654092,2.4659496208630545,24.311372984768173,25.172303701241074,23.55764642663231,73.04132311264155,2021_06_11_SLU_S12,botB2_2021_06_11_13_01_54,2021_06_11_SLU_S12/botB2_2021_06_11_13_01_54,0.0,0.0,1.0,8.0,1.0,0.0,0.0,True,0.0,0.0,0.0,1.0,0.0,chunk_registry_v1
2021SLU,output_2021_06_11_SLU_S13,output_2021_06_11_SLU_S13__Zoom_Meeting_6_11_2021_1_02_20_PM,8,195.0,0.35,lsa,18915.0,1626.0,302.317412229848,1.5503457037428103,0.1859270677920344,1.5503457037428106,1.5503457037428106,0.8014240202596,2.0757076459218156,21.98478469692325,21.21735492430998,20.272716635158567,63.47485625639179,2021_06_11_SLU_S13,Zoom_Meeting_6_11_2021_1_02_20_PM,2021_06_11_SLU_S13/Zoom_Meeting_6_11_2021_1_02_20_PM,0.0,0.0,2.0,8.0,2.0,0.0,0.0,True,0.0,0.0,0.0,2.0,0.0,chunk_registry_v1
2021SLU,output_2021_06_11_SLU_S2,output_2021_06_11_SLU_S2__bot2p2_Zoom_Meeting_Room_2_2021_06_11_10_59_37,8,152.0,0.35,lsa,11476.0,1047.0,192.30340241535183,1.2651539632588935,0.1836708714568785,1.2651539632588935,1.2651539632588935,0.7689330803581668,1.7584763511850958,18.54837897303114,17.722429555704153,16.55047735348076,52.82128588221605,2021_06_11_SLU_S2,bot2p2_Zoom_Meeting_Room_2_2021_06_11_10_59_37,2021_06_11_SLU_S2/bot2p2_Zoom_Meeting_Room_2_2021_06_11_10_59_37,,0.0,0.0,9.0,0.0,0.0,0.0,False,,,,,0.0,chunk_registry_v1
2021SLU,output_2021_06_11_SLU_S3,output_2021_06_11_SLU_S3__bot3p2_Room_3_Zoom_Meeting_2021_06_11_10_59_57,8,107.0,0.35,lsa,5671.0,400.0,63.28826119439424,0.5914790765831237,0.1582206529859856,0.5914790765831236,0.5914790765831236,0.7873390572592368,0.8819414677873009,9.27799086130217,8.881349613763998,7.871146864064873,26.03048733913104,2021_06_11_SLU_S3,bot3p2_Room_3_Zoom_Meeting_2021_06_11_10_59_57,2021_06_11_SLU_S3/bot3p2_Room_3_Zoom_Meeting_2021_06_11_10_59_57,1.0,1.0,1.0,9.0,1.0,1.0,1.0,True,1.0,1.0,1.0,1.0,1.0,chunk_registry_v1
2021SLU,output_2021_06_11_SLU_S4,output_2021_06_11_SLU_S4__bot4_2021_06_11_10_58_21,8,174.0,0.35,lsa,15051.0,1518.0,260.5776886107057,1.4975729230500328,0.1716585563970393,1.4975729230500332,1.4975729230500328,0.7267712677186579,1.7356804443707254,20.35843436638878,20.79410250044787,19.404272862998223,60.55680972983488,2021_06_11_SLU_S4,bot4_2021_06_11_10_58_21,2021_06_11_SLU_S4/bot4_2021_06_11_10_58_21,0.5,1.0,2.0,8.0,2.0,1.0,1.0,True,0.5,0.5,1.0,2.0,1.0,chunk_registry_v1
2021SLU,output_2021_06_11_SLU_S5,output_2021_06_11_SLU_S5__botB2_2021_06_11_10_58_55,8,161.0,0.35,lsa,12880.0,1144.0,199.0213605822512,1.2361575191444174,0.1739697207886811,1.236157519144417,1.2361575191444172,0.8033081419585391,1.58374559994204,17.330024347401757,17.05169978550833,17.324941111439177,51.70666524434927,2021_06_11_SLU_S5,botB2_2021_06_11_10_58_55,2021_06_11_SLU_S5/botB2_2021_06_11_10_58_55,,0.0,0.0,8.0,0.0,0.0,0.0,False,,,,,0.0,chunk_registry_v1
2021SLU,output_2021_06_11_SLU_S6,output_2021_06_11_SLU_S6__Zoom_Meeting_Room_6_2021_06_11_10_58_05,8,205.0,0.35,lsa,20910.0,2182.0,354.14580022818586,1.7275404889179795,0.1623032998295993,1.7275404889179795,1.7275404889179795,0.8125943949506946,2.634339971682788,24.63795111608979,22.398926636755803,23.02651633129414,70.06339408413973,2021_06_11_SLU_S6,Zoom_Meeting_Room_6_2021_06_11_10_58_05,2021_06_11_SLU_S6/Zoom_Meeting_Room_6_2021_06_11_10_58_05,0.0,0.0,3.0,8.0,3.0,0.0,0.0,True,0.0,0.0,0.0,3.0,0.0,chunk_registry_v1
2021SLU,output_2021_06_11_SLU_S7,output_2021_06_11_SLU_S7__Zoom_Meeting_6_11_2021_10_58_14_AM,8,117.0,0.35,lsa,6786.0,488.0,79.72550119478092,0.6814145401263326,0.1633719286778297,0.6814145401263324,0.6814145401263327,0.8324477200246394,0.7014252722471916,9.782538494467827,10.351915841729044,9.4668338854409,29.60128822163777,2021_06_11_SLU_S7,Zoom_Meeting_6_11_2021_10_58_14_AM,2021_06_11_SLU_S7/Zoom_Meeting_6_11_2021_10_58_14_AM,1.0,1.0,1.0,8.0,1.0,1.0,1.0,True,1.0,1.0,1.0,1.0,1.0,chunk_registry_v1
2021SLU,output_2021_06_11_SLU_S8,output_2021_06_11_SLU_S8__bot1_2021_06_11_13_01_53,8,172.0,0.35,lsa,14706.0,1561.0,271.8185702499494,1.580340524709008,0.1741310507687055,1.5803405247090083,1.5803405247090083,0.8033020379421543,2.108965011592514,21.574799960128985,21.788946235877145,21.46985337509688,64.83359957110301,2021_06_11_SLU_S8,bot1_2021_06_11_13_01_53,2021_06_11_SLU_S8/bot1_2021_06_11_13_01_53,1.0,1.0,2.0,8.0,2.0,2.0,1.0,True,1.0,1.0,1.0,2.0,2.0,chunk_registry_v1
2021SLU,output_2021_06_11_SLU_S9,output_2021_06_11_SLU_S9__bot2p2_Zoom_Meeting_Room_2_2021_06_11_13_02_58,8,200.0,0.35,lsa,19900.0,2632.0,451.60758643126593,2.2580379321563298,0.1715834294951618,2.2580379321563298,2.2580379321563293,0.7204652011560151,2.486289163141919,28.007902091408095,30.596919887269618,28.808187816586027,87.41300979526375,2021_06_11_SLU_S9,bot2p2_Zoom_Meeting_Room_2_2021_06_11_13_02_58,2021_06_11_SLU_S9/bot2p2_Zoom_Meeting_Room_2_2021_06_11_13_02_58,0.0,0.0,1.0,9.0,1.0,0.0,0.0,True,0.0,0.0,0.0,1.0,0.0,chunk_registry_v1
2022MND,output_2022_04_07_MND_S1,output_2022_04_07_MND_S1__Bot1_2022_04_07_12_35_40_glitch_2_4min,8,148.0,0.35,lsa,10878.0,784.0,142.7297588013273,0.9643902621711304,0.1820532637772032,0.9643902621711304,0.9643902621711304,0.7141287240892579,1.2332959804260624,14.589607050556976,14.02760050015717,13.487545163787672,42.104752714501814,2022_04_07_MND_S1,Bot1_2022_04_07_12_35_40_glitch_2_4min,2022_04_07_MND_S1/Bot1_2022_04_07_12_35_40_glitch_2_4min,0.3333333333333333,1.0,3.0,,,,,,,0.3333333333333333,1.0,3.0,,entropy_with_outcomes
2022MND,output_2022_04_07_MND_S2,output_2022_04_07_MND_S2__Bot2_Zoom_Meeting_2022_04_07_12_36_23_controls_issue,7,166.0,0.35,lsa,13695.0,1263.0,252.3391303409827,1.5201152430179683,0.1997934523681573,1.5201152430179683,1.5201152430179683,0.7664719161505646,1.8904861786365752,20.517829050865537,20.579804153862412,19.476421878822755,60.574055083550704,2022_04_07_MND_S2,Bot2_Zoom_Meeting_2022_04_07_12_36_23_controls_issue,2022_04_07_MND_S2/Bot2_Zoom_Meeting_2022_04_07_12_36_23_controls_issue,0.0,0.0,2.0,,,,,,,0.0,0.0,2.0,,entropy_with_outcomes
2022MND,output_2022_04_07_MND_S3,output_2022_04_07_MND_S3__Bot3_2022_04_07_12_36_39,8,90.0,0.35,lsa,4005.0,269.0,47.363131294533886,0.5262570143837099,0.1760711200540293,0.5262570143837099,0.5262570143837099,0.6187696228300638,0.7064055060719716,7.284754577197859,7.81599899727706,7.32546574563731,22.426219320112228,2022_04_07_MND_S3,Bot3_2022_04_07_12_36_39,2022_04_07_MND_S3/Bot3_2022_04_07_12_36_39,,,,,,,,,,,,,,unmatched
2022MND,output_2022_04_07_MND_S4,output_2022_04_07_MND_S4__Bot4_MND_2022_1_4,7,188.0,0.35,lsa,17578.0,1838.0,367.5303070146648,1.954948441567366,0.1999620821624944,1.9549484415673664,1.9549484415673664,0.7497325534495667,2.4766425596954806,26.22569043963448,27.21180815595662,25.824350667722303,79.26184926331341,2022_04_07_MND_S4,Bot4_MND_2022_1_4,2022_04_07_MND_S4/Bot4_MND_2022_1_4,0.5,1.0,2.0,,,,,,,0.5,1.0,2.0,,entropy_with_outcomes
2022MND,output_2022_04_07_MND_S5,output_2022_04_07_MND_S5__BotB4_2022_04_07_09_36_38_time_off_by_3hrs_(should_be_later),8,207.0,0.35,lsa,21321.0,2412.0,446.1773875791134,2.155446316807311,0.1849823331588364,2.155446316807311,2.155446316807311,0.7459804754103253,2.402357233678449,27.609066409193964,30.034871855832087,30.130468056524865,87.77440632155091,2022_04_07_MND_S5,BotB4_2022_04_07_09_36_38_time_off_by_3hrs_(should_be_later),2022_04_07_MND_S5/BotB4_2022_04_07_09_36_38_time_off_by_3hrs_(should_be_later),0.5,1.0,2.0,,,,,,,0.5,1.0,2.0,,entropy_with_outcomes
2022MND,output_2022_04_07_MND_S6,output_2022_04_07_MND_S6__BotB5_2022_04_07_12_37_34,7,118.0,0.35,lsa,6903.0,577.0,86.6899958939188,0.7346609821518543,0.150242627199166,0.7346609821518543,0.7346609821518542,0.7208051062243095,0.894150962540481,10.81673974620961,11.179296807951763,9.939782765862985,31.93581932002436,2022_04_07_MND_S6,BotB5_2022_04_07_12_37_34,2022_04_07_MND_S6/BotB5_2022_04_07_12_37_34,0.5,1.0,2.0,,,,,,,0.5,1.0,2.0,,entropy_with_outcomes
2022MND,output_2022_04_08_MND_S1,output_2022_04_08_MND_S1__Bot1_2022_04_08_10_53_19,8,145.0,0.35,lsa,10440.0,775.0,124.90464585463998,0.8614113507216551,0.161167284973729,0.8614113507216551,0.8614113507216551,0.8036973293879434,1.44361579430325,13.656860502314665,11.754428105180567,12.717390896366888,38.12867950386213,2022_04_08_MND_S1,Bot1_2022_04_08_10_53_19,2022_04_08_MND_S1/Bot1_2022_04_08_10_53_19,0.0,0.0,1.0,,,,,,,0.0,0.0,1.0,,entropy_with_outcomes
2022MND,output_2022_04_08_MND_S10,output_2022_04_08_MND_S10__BotB4_2022_04_08_01_03_01_problem_53min20sec_56min20sec,8,155.0,0.35,lsa,11935.0,1057.0,182.82924292313504,1.1795435027299035,0.1729699554618117,1.1795435027299035,1.1795435027299035,0.5532928308828526,1.50798820325893,17.625727075723383,16.72372518706961,17.07978322090859,51.42923548370158,2022_04_08_MND_S10,BotB4_2022_04_08_01_03_01_problem_53min20sec_56min20sec,2022_04_08_MND_S10/BotB4_2022_04_08_01_03_01_problem_53min20sec_56min20sec,,,,,,,,,,,,,,unmatched
2022MND,output_2022_04_08_MND_S11,output_2022_04_08_MND_S11__BotB5_2022_04_08_13_02_42,8,191.0,0.35,lsa,18145.0,1551.0,277.53268047189994,1.4530506830989525,0.1789378984344938,1.4530506830989525,1.4530506830989525,0.8002810686432501,1.8064871047254665,21.384349542641548,19.71137474102853,19.661490119708517,60.7572144033786,2022_04_08_MND_S11,BotB5_2022_04_08_13_02_42,2022_04_08_MND_S11/BotB5_2022_04_08_13_02_42,0.0,0.0,2.0,,,,,,,0.0,0.0,2.0,,entropy_with_outcomes
2022MND,output_2022_04_08_MND_S2,output_2022_04_08_MND_S2__Bot2_Zoom_Meeting_Room_2_2022_04_08_10_54_08_problem_52min50sec_55min,8,257.0,0.35,lsa,32896.0,3626.0,694.4420933567183,2.7021093126720555,0.1915174002638495,2.7021093126720555,2.7021093126720555,0.7618321767267087,3.434400886885376,36.60182478288218,38.345525707632966,38.00893178950264,112.9562822800178,2022_04_08_MND_S2,Bot2_Zoom_Meeting_Room_2_2022_04_08_10_54_08_problem_52min50sec_55min,2022_04_08_MND_S2/Bot2_Zoom_Meeting_Room_2_2022_04_08_10_54_08_problem_52min50sec_55min,,,,,,,,,,,,,,unmatched
2022MND,output_2022_04_08_MND_S3,output_2022_04_08_MND_S3__Bot3.1_2022_04_08_10_53_26_problem_47min10sec_end_then_2_min_missed,5,126.0,0.35,lsa,7875.0,565.0,89.69042599897062,0.7118287777696082,0.1587441168123373,0.7118287777696081,0.7118287777696082,0.6430498792268935,1.0656080937847887,11.517959400545788,9.896523635209256,9.352811827087724,30.767294862842768,2022_04_08_MND_S3,Bot3.1_2022_04_08_10_53_26_problem_47min10sec_end_then_2_min_missed,2022_04_08_MND_S3/Bot3.1_2022_04_08_10_53_26_problem_47min10sec_end_then_2_min_missed,,,,,,,,,,,,,,unmatched
2022MND,output_2022_04_08_MND_S3,output_2022_04_08_MND_S3__Bot3.2_2022_04_08_11_45_28_after_missed_2_min,3,82.0,0.35,lsa,3321.0,186.0,34.962109648094994,0.4263671908304267,0.1879683314413709,0.4263671908304267,0.4263671908304267,0.5898642448772445,0.5387446596412198,6.016151187440516,6.2063940462164675,5.932747021360004,18.155292255016988,2022_04_08_MND_S3,Bot3.2_2022_04_08_11_45_28_after_missed_2_min,2022_04_08_MND_S3/Bot3.2_2022_04_08_11_45_28_after_missed_2_min,,,,,,,,,,,,,,unmatched
2022MND,output_2022_04_08_MND_S4,output_2022_04_08_MND_S4__BotB4_2022_04_08_06_54_34_time_wrong_(probably_4hrs_early),8,151.0,0.35,lsa,11325.0,1124.0,188.1028731807228,1.2457143919253164,0.167351310659006,1.2457143919253164,1.2457143919253164,0.7797618226217752,2.057656773219354,18.06682775358172,17.151578444773385,17.862729507192704,53.08113570554781,2022_04_08_MND_S4,BotB4_2022_04_08_06_54_34_time_wrong_(probably_4hrs_early),2022_04_08_MND_S4/BotB4_2022_04_08_06_54_34_time_wrong_(probably_4hrs_early),0.0,0.0,1.0,,,,,,,0.0,0.0,1.0,,entropy_with_outcomes
2022MND,output_2022_04_08_MND_S5,output_2022_04_08_MND_S5__BotB5_2022_04_08_10_54_31_problem_7min30sec_10min,7,133.0,0.35,lsa,8778.0,781.0,138.26520693292497,1.0395880220520677,0.177036116431402,1.0395880220520677,1.0395880220520677,0.6942103803744026,1.453989514186506,14.307191882995232,14.583318848842293,14.642527491957956,43.53303822379548,2022_04_08_MND_S5,BotB5_2022_04_08_10_54_31_problem_7min30sec_10min,2022_04_08_MND_S5/BotB5_2022_04_08_10_54_31_problem_7min30sec_10min,0.3333333333333333,1.0,3.0,,,,,,,0.3333333333333333,1.0,3.0,,entropy_with_outcomes
2022MND,output_2022_04_08_MND_S7,output_2022_04_08_MND_S7__Bot1_2022_04_08_13_01_44_60min40sec_61min10sec,8,167.0,0.35,lsa,13861.0,1626.0,312.4514518228398,1.870966777382274,0.1921595644666911,1.870966777382274,1.870966777382274,0.6283392956002959,2.7484168923881604,24.31842718575819,25.05067674888839,25.498600080961676,74.86770401560825,2022_04_08_MND_S7,Bot1_2022_04_08_13_01_44_60min40sec_61min10sec,2022_04_08_MND_S7/Bot1_2022_04_08_13_01_44_60min40sec_61min10sec,1.0,1.0,1.0,,,,,,,1.0,1.0,1.0,,entropy_with_outcomes
2022MND,output_2022_04_08_MND_S8,output_2022_04_08_MND_S8__Bot2_Zoom_Meeting_Room_2_2022_04_08_13_02_14,7,207.0,0.35,lsa,21321.0,2110.0,354.1479433315725,1.7108596296211231,0.1678426271713613,1.7108596296211234,1.7108596296211231,0.7527816768442948,2.1432921625900487,23.752643402932517,24.39551122531841,24.142952126507865,72.29110675475879,2022_04_08_MND_S8,Bot2_Zoom_Meeting_Room_2_2022_04_08_13_02_14,2022_04_08_MND_S8/Bot2_Zoom_Meeting_Room_2_2022_04_08_13_02_14,0.0,0.0,1.0,,,,,,,0.0,0.0,1.0,,entropy_with_outcomes
2022MND,output_2022_04_08_MND_S9,output_2022_04_08_MND_S9__Bot3_2022_04_08_13_01_56_problem_55min30sec_57min20sec,7,156.0,0.35,lsa,12090.0,1014.0,170.70052306316882,1.0942341221998002,0.1683437111076615,1.0942341221998002,1.0942341221998002,0.7167351265000789,1.6172788881932163,17.015833908484296,14.543130058669265,14.70804694445031,46.26701091160387,2022_04_08_MND_S9,Bot3_2022_04_08_13_01_56_problem_55min30sec_57min20sec,2022_04_08_MND_S9/Bot3_2022_04_08_13_01_56_problem_55min30sec_57min20sec,,,,,,,,,,,,,,unmatched
