conference,session_id,n_meetings,similarity_method,n_chunks_sum,n_moves_sum,funded_rate,any_funded,n_teams,num_funded_teams,outcome_source,n_moves,weighted_ldi,mean_nonzero_weight,forelink_weight_mean,backlink_weight_mean,cross_speaker_weight_ratio,late_minus_early_backlink,forelink_entropy,backlink_entropy,horizon_entropy,overall_link_entropy
2020NES,2020_11_05_NES_S1,2,lsa,8.0,150.0,0.0,0.0,1.0,0.0,chunk_registry_v1,108.33333333333333,0.7799785795234094,0.2059612074305313,0.7799785795234094,0.7799785795234094,0.685880578075885,0.8256541501034277,11.012192661016242,10.76207511038226,10.470595243937233,32.24486301533573
2020NES,2020_11_05_NES_S2,1,lsa,8.0,141.0,0.0,0.0,3.0,0.0,chunk_registry_v1,141.0,1.2010927188025764,0.1680099934039318,1.2010927188025764,1.2010927188025764,0.7913886635956311,1.5252589094154168,16.087596606265137,16.850499499710992,16.235113392103216,49.173209498079345
2020NES,2020_11_05_NES_S3,1,lsa,6.0,126.0,0.3333333333333333,1.0,3.0,1.0,chunk_registry_v1,126.0,0.7965304064514611,0.1647993944382333,0.796530406451461,0.7965304064514612,0.8063114361172253,0.946798398040004,12.256982960418958,11.674578142348103,11.15078960130195,35.082350704069015
2020NES,2020_11_05_NES_S4,2,lsa,8.0,136.0,1.0,1.0,1.0,1.0,chunk_registry_v1,87.05882352941177,0.5575881659502936,0.18293060881559242,0.5575881659502936,0.5575881659502936,0.7404376579659032,0.7711964842350273,8.065908364455446,7.632680476635748,7.975514326635869,23.674103167727065
2020NES,2020_11_05_NES_S5,2,lsa,8.0,144.0,1.0,1.0,1.0,1.0,chunk_registry_v1,104.0,0.6527961623982399,0.14639914040818464,0.6527961623982399,0.65279616239824,0.8651392655294954,1.057924265515005,10.156939654384766,9.837654355632656,9.000964127641527,28.995558137658943
2020NES,2020_11_05_NES_S6,3,lsa,8.0,118.0,0.0,0.0,2.0,0.0,chunk_registry_v1,45.67796610169491,0.09409601928318648,0.14133461657301238,0.09409601928318648,0.09409601928318648,0.4589256038389158,0.10536060048029305,1.302160917090535,1.3728498964505638,1.3059899220619153,3.981000735603015
2020NES,2020_11_06_NES_S1,2,lsa,7.0,93.0,0.5,1.0,2.0,1.0,chunk_registry_v1,46.505376344086024,0.12519337720077062,0.18269778131739553,0.12519337720077053,0.12519337720077062,0.644775191287897,0.11186786572273795,1.8476659537365323,1.6279003214906902,1.3908078904701533,4.866374165697376
2020NES,2020_11_06_NES_S10,2,lsa,6.0,130.0,,0.0,0.0,0.0,chunk_registry_v1,75.4,0.38503549692059275,0.20086498810758383,0.38503549692059275,0.38503549692059275,0.5577369210176681,0.399338463981457,5.830811879280957,6.078886794008062,5.423404551100533,17.33310322438955
2020NES,2020_11_06_NES_S11,1,lsa,7.0,154.0,0.3333333333333333,1.0,3.0,1.0,chunk_registry_v1,154.0,1.2255144205695754,0.1600756749514119,1.2255144205695754,1.2255144205695754,0.7937597735840474,1.2973227069967164,16.982223401610987,18.163329129710583,16.33892384724501,51.48447637856658
2020NES,2020_11_06_NES_S12,3,lsa,8.0,161.0,0.5,1.0,2.0,1.0,chunk_registry_v1,54.27950310559006,0.2006878127954297,0.19660881709532219,0.2006878127954297,0.2006878127954297,0.45775119969278627,0.3284962929209329,3.0134966704896335,2.54770386213954,2.3020335257595677,7.863234058388741
2020NES,2020_11_06_NES_S2,1,lsa,9.0,186.0,0.0,0.0,2.0,0.0,chunk_registry_v1,186.0,1.77707918794379,0.1802272240771782,1.7770791879437906,1.7770791879437904,0.7844812611680465,2.2300136571215567,24.952085829741208,22.94870202113472,24.64248007446497,72.5432679253409
2020NES,2020_11_06_NES_S3,1,lsa,4.0,129.0,0.6666666666666666,1.0,3.0,2.0,chunk_registry_v1,129.0,0.912514416681245,0.2132506517244214,0.912514416681245,0.912514416681245,0.8313919176347592,1.256978207902333,12.403035565378024,13.493484294239575,12.682528726997552,38.57904858661515
2020NES,2020_11_06_NES_S4,2,lsa,8.0,163.0,0.0,0.0,2.0,0.0,chunk_registry_v1,81.50306748466258,0.5585334447803991,0.19512146635451094,0.5585334447803991,0.5585334447803992,0.7825630771720703,0.8172526466946295,8.597598208087383,7.4872525711649915,7.215150126367674,23.30000090562005
2020NES,2020_11_06_NES_S7,1,lsa,6.0,124.0,0.0,0.0,2.0,0.0,chunk_registry_v1,124.0,0.8275223422435605,0.1816155228994716,0.8275223422435605,0.8275223422435606,0.7858693628295697,1.2330311664819515,12.92340303829354,12.285476783929171,12.016543622216764,37.22542344443948
2020NES,2020_11_06_NES_S8,1,lsa,8.0,226.0,0.0,0.0,2.0,0.0,chunk_registry_v1,226.0,1.8507613107471368,0.1782156183335547,1.8507613107471368,1.850761310747136,0.7662604891880048,2.6190569181417187,28.606412041009985,25.575112547607628,25.327904146631035,79.50942873524863
2020NES,2020_11_06_NES_S9,1,lsa,8.0,199.0,1.0,1.0,2.0,2.0,chunk_registry_v1,199.0,1.4282017339574904,0.17162569145986753,1.4282017339574904,1.4282017339574906,0.7563055433938258,1.933096944133516,21.73538379381602,18.457547463217352,19.898405038447585,60.09133629548096
2021ABI,2021_05_20_ABI_S1,1,lsa,7.0,107.0,,,,,unmatched,107.0,0.533234700639998,0.15504378524043422,0.5332347006399981,0.5332347006399981,0.7543719703012947,0.551850388030009,7.397405047555447,8.254965434719786,8.17279161216547,23.825162094440703
2021ABI,2021_05_20_ABI_S2,2,lsa,8.0,232.0,0.0,0.0,1.0,,entropy_with_outcomes,120.5603448275862,0.5600221104961364,0.2352088451286924,0.5600221104961364,0.5600221104961364,0.7783992349086201,0.7384799421159834,8.359698067443817,8.22768289118385,7.2142798910478465,23.801660849675514
2021ABI,2021_05_20_ABI_S3,1,lsa,8.0,94.0,1.0,1.0,1.0,,entropy_with_outcomes,94.0,0.6311126564087836,0.1883320308013512,0.6311126564087836,0.6311126564087836,0.7660368052585466,0.6999428513590222,8.815711453862223,8.79672524817989,9.10674401356163,26.71918071560374
2021ABI,2021_05_20_ABI_S4,1,lsa,7.0,165.0,1.0,1.0,2.0,,entropy_with_outcomes,165.0,1.189212703749429,0.2271065927299256,1.189212703749429,1.1892127037494291,0.7052064537196879,1.8030166517463744,16.705342285194178,14.954938065694376,14.2074211502641,45.86770150115266
2021ABI,2021_05_20_ABI_S5,1,lsa,7.0,145.0,0.0,0.0,1.0,,entropy_with_outcomes,145.0,0.9456918844840432,0.1886180512382204,0.9456918844840432,0.9456918844840432,0.7582328868040049,1.206998015474083,13.193185200799329,15.143300435126282,14.53577780499854,42.87226344092415
2021ABI,2021_05_20_ABI_S6,1,lsa,8.0,135.0,0.5,1.0,2.0,,entropy_with_outcomes,135.0,0.8067901279818664,0.1620783739249285,0.8067901279818667,0.8067901279818667,0.7909638943550422,1.2083221542315434,11.986840742253667,11.510838537419572,11.78550105542016,35.2831803350934
2021ABI,2021_05_20_ABI_S7,1,lsa,8.0,95.0,1.0,1.0,1.0,,entropy_with_outcomes,95.0,0.4596901900738809,0.1554112742242658,0.4596901900738809,0.4596901900738808,0.7860197611848961,0.6802446860340747,6.668506458000304,7.389820287542935,7.002705661013403,21.06103240655664
2021ABI,2021_05_20_ABI_S8,1,lsa,8.0,202.0,0.0,0.0,1.0,,entropy_with_outcomes,202.0,1.3034172819814864,0.1855463643130798,1.3034172819814862,1.3034172819814864,0.8075915085622604,1.7731980002382162,19.60706645478377,19.332357275321243,18.004151784430817,56.94357551453584
2021ABI,2021_05_21_ABI_S1,1,lsa,8.0,173.0,,,,,unmatched,173.0,1.1118431478746689,0.1678436863720049,1.1118431478746686,1.1118431478746686,0.7051238578947872,1.3361013597314837,16.37546198231587,16.178051872814248,16.674255489211575,49.227769344341695
2021ABI,2021_05_21_ABI_S10,1,lsa,7.0,123.0,,,,,unmatched,123.0,0.8067182516442263,0.1908198941389227,0.8067182516442262,0.8067182516442263,0.7296115374303798,1.0222695425224322,12.197093735838614,11.822633945142464,10.61933831255324,34.63906599353432
2021ABI,2021_05_21_ABI_S11,1,lsa,7.0,149.0,0.5,1.0,2.0,,entropy_with_outcomes,149.0,0.7884967448768685,0.186485738074053,0.7884967448768685,0.7884967448768684,0.74153027379449,1.1221006376580616,12.526024362541213,11.519722595489188,11.126923560476854,35.17267051850725
2021ABI,2021_05_21_ABI_S12,1,lsa,7.0,181.0,0.3333333333333333,1.0,3.0,,entropy_with_outcomes,181.0,1.26948569187835,0.2194621874211856,1.2694856918783497,1.26948569187835,0.8424097226342686,1.5190787739791232,17.79330941940156,17.206425512309796,16.60202005231645,51.6017549840278
2021ABI,2021_05_21_ABI_S13,1,lsa,7.0,132.0,0.5,1.0,2.0,,entropy_with_outcomes,132.0,0.716356161326541,0.2024818271843756,0.7163561613265411,0.7163561613265411,0.8044551699773753,0.6090624096864388,9.80059417566758,11.191559348925006,9.454030572909462,30.446184097502048
2021ABI,2021_05_21_ABI_S14,1,lsa,7.0,90.0,0.0,0.0,3.0,,entropy_with_outcomes,90.0,0.42525802831212756,0.170103211324851,0.42525802831212756,0.4252580283121277,0.8058947814825894,0.68027416958211,6.556498108407343,6.106965549069155,6.3204742039760236,18.98393786145252
2021ABI,2021_05_21_ABI_S15,1,lsa,7.0,136.0,0.5,1.0,2.0,,entropy_with_outcomes,136.0,0.74340787102868,0.177063871208232,0.74340787102868,0.74340787102868,0.7562600576064988,0.9471425701453725,11.35079913706292,10.809940921579027,11.4858371739922,33.646577232634144
2021ABI,2021_05_21_ABI_S16,1,lsa,7.0,115.0,,,,,unmatched,115.0,0.663841009246901,0.1750956790444807,0.6638410092469011,0.6638410092469011,0.8591560243726077,1.055915616902766,10.674452534483718,8.875061802365977,10.059646258214718,29.609160595064417
2021ABI,2021_05_21_ABI_S2,1,lsa,8.0,103.0,0.3333333333333333,1.0,3.0,,entropy_with_outcomes,103.0,0.5873027081586779,0.1634923755144427,0.5873027081586779,0.5873027081586779,0.8031850020572001,0.7198179411002718,8.033574453190287,9.128927519248572,8.931653732139848,26.09415570457871
2021ABI,2021_05_21_ABI_S3,1,lsa,8.0,156.0,0.0,0.0,1.0,,entropy_with_outcomes,156.0,0.9677021825069758,0.1845495604781029,0.967702182506976,0.9677021825069758,0.6880708281980872,1.579481400785706,16.827614453585284,13.100254386877603,12.859070891392609,42.7869397318555
2021ABI,2021_05_21_ABI_S4,1,lsa,8.0,155.0,0.0,0.0,2.0,,entropy_with_outcomes,155.0,0.9011928954644756,0.1825946389503185,0.9011928954644756,0.9011928954644756,0.762349236134036,1.047818445379236,14.201315946759452,13.539926828512694,11.939509368704623,39.680752143976775
2021ABI,2021_05_21_ABI_S5,1,lsa,8.0,171.0,,,,,unmatched,171.0,1.1246873278043326,0.1915553118073116,1.1246873278043326,1.1246873278043326,0.7139878869380557,1.6051299938539074,16.417080102904134,15.984853958587149,16.241276283802723,48.643210345294
2021ABI,2021_05_21_ABI_S6,1,lsa,8.0,141.0,,,,,unmatched,141.0,0.9924281649051258,0.1646263191195561,0.9924281649051259,0.9924281649051258,0.8093317990720977,1.3569609171474848,15.045468563823238,14.269857810414,14.016007724400248,43.33133409863749
2021ABI,2021_05_21_ABI_S7,1,lsa,8.0,112.0,0.3333333333333333,1.0,3.0,,entropy_with_outcomes,112.0,0.6240349388946447,0.1801337967943304,0.6240349388946447,0.6240349388946448,0.7920404755996279,0.8400853427061025,9.423818638808465,9.08826380967673,9.138162613971886,27.65024506245708
2021ABI,2021_05_21_ABI_S8,1,lsa,8.0,166.0,0.0,0.0,2.0,,entropy_with_outcomes,166.0,1.0158509950302803,0.1745665270963007,1.0158509950302803,1.0158509950302803,0.7932137390505428,1.435449039476988,17.25882261974138,14.507614157319168,14.67942130093599,46.44585807799654
2021ABI,2021_05_21_ABI_S9,1,lsa,7.0,103.0,0.0,0.0,3.0,,entropy_with_outcomes,103.0,0.5842011414478954,0.1874539488134991,0.5842011414478954,0.5842011414478955,0.8128647087663405,0.5051416081435267,8.674809346314703,8.561914443380378,7.66335490724854,24.90007869694362
2021CMC,2021_10_07_CMC_S1,1,lsa,8.0,239.0,0.5,1.0,2.0,,entropy_with_outcomes,239.0,2.168536349394882,0.187104760832266,2.168536349394883,2.168536349394883,0.8070742381271445,3.383296061687351,31.8377756244326,29.18946615319328,31.352974406029382,92.38021618365526
2021CMC,2021_10_07_CMC_S2,1,lsa,8.0,147.0,1.0,1.0,1.0,,entropy_with_outcomes,147.0,1.3080861383705171,0.1778803536914579,1.308086138370517,1.308086138370517,0.7224209336423596,1.572572071630687,17.567668116184052,19.56616839203705,17.52917538974307,54.66301189796417
2021CMC,2021_10_07_CMC_S3,1,lsa,7.0,159.0,0.6666666666666666,1.0,3.0,,entropy_with_outcomes,159.0,0.8398439963328239,0.1662953865715056,0.8398439963328239,0.8398439963328241,0.7989634801178587,1.2776740038514116,12.517529670005418,11.122808928223495,12.240175011731967,35.880513609960886
2021CMC,2021_10_07_CMC_S4,1,lsa,7.0,173.0,1.0,1.0,1.0,,entropy_with_outcomes,173.0,1.2228756668102172,0.1933797900897327,1.2228756668102174,1.2228756668102172,0.7918030824236747,1.6143153125438015,17.698596102367084,17.945470928486255,17.858919040624425,53.50298607147776
2021CMC,2021_10_07_CMC_S5,1,lsa,8.0,189.0,0.5,1.0,2.0,,entropy_with_outcomes,189.0,1.1008974406553749,0.1991096806544171,1.1008974406553749,1.1008974406553749,0.8291567955383554,1.5003023471037864,16.332809059322802,15.68563740808154,14.575229077165321,46.59367554456967
2021CMC,2021_10_07_CMC_S6,1,lsa,8.0,133.0,,,,,unmatched,133.0,0.8153390994095431,0.1616096873643356,0.8153390994095432,0.8153390994095432,0.747907282859927,1.1516389007010823,11.513709297911074,11.298930557576702,12.944509217278684,35.75714907276646
2021CMC,2021_10_07_CMC_S7,1,lsa,8.0,208.0,,,,,unmatched,208.0,1.7660397280056428,0.2196987221442426,1.7660397280056428,1.766039728005643,0.7151120502005399,2.2532728029825253,24.23499570968161,23.4739474375038,22.227973648266357,69.93691679545176
2021CMC,2021_10_08_CMC_S1,1,lsa,8.0,204.0,0.6666666666666666,1.0,3.0,,entropy_with_outcomes,204.0,1.6658014978814315,0.1973423377281138,1.665801497881432,1.6658014978814315,0.7949532622001195,2.2319906338340108,24.11431561613778,22.62077683875616,22.639635998241168,69.3747284531351
2021CMC,2021_10_08_CMC_S10,1,lsa,8.0,227.0,,,,,unmatched,227.0,2.07183929805296,0.1805403150318702,2.0718392980529594,2.07183929805296,0.7928260622295263,2.432485257325397,28.917599111969736,28.53882123746253,27.430793546097128,84.88721389552938
2021CMC,2021_10_08_CMC_S11,1,lsa,8.0,181.0,0.0,0.0,1.0,,entropy_with_outcomes,181.0,1.7219783102796788,0.2087595942134104,1.7219783102796788,1.7219783102796788,0.6907653829645322,2.0817827380038265,23.42010710503579,22.51143296918697,21.91350699910764,67.84504707333039
2021CMC,2021_10_08_CMC_S12,1,lsa,8.0,174.0,0.0,0.0,1.0,,entropy_with_outcomes,174.0,1.0455160689051115,0.1739194990339287,1.0455160689051115,1.0455160689051115,0.7845263082998489,1.427619931613652,16.47683129315238,14.89666831062144,13.741490518930226,45.11499012270405
2021CMC,2021_10_08_CMC_S13,1,lsa,8.0,199.0,0.3333333333333333,1.0,3.0,,entropy_with_outcomes,199.0,1.5130285430275825,0.1855161306608064,1.5130285430275825,1.5130285430275818,0.8135664927380808,1.886485305189927,23.06729797343602,21.207656082389825,20.230103304881972,64.50505736070781
2021CMC,2021_10_08_CMC_S14,1,lsa,8.0,215.0,0.5,1.0,2.0,,entropy_with_outcomes,215.0,1.6218874473491678,0.2225308239821768,1.6218874473491678,1.6218874473491678,0.785734556825351,2.538136928514363,24.30892112639726,21.87951237289879,21.162129972026733,67.35056347132279
2021CMC,2021_10_08_CMC_S2,1,lsa,8.0,257.0,0.0,0.0,1.0,,entropy_with_outcomes,257.0,2.0856727548581455,0.216223436062341,2.0856727548581455,2.0856727548581455,0.7589278047167972,2.8674558460313406,28.163377745213815,28.417559206010115,26.42767504525868,83.00861199648261
2021CMC,2021_10_08_CMC_S3,1,lsa,8.0,272.0,1.0,1.0,1.0,,entropy_with_outcomes,272.0,2.530282672447651,0.1781612443452656,2.530282672447651,2.530282672447651,0.8064825815008612,4.080158193225762,37.4735143102327,34.64790529190846,37.909633766554926,110.03105336869608
2021CMC,2021_10_08_CMC_S4,1,lsa,8.0,152.0,1.0,1.0,1.0,,entropy_with_outcomes,152.0,1.1578506367368078,0.1940389159691232,1.1578506367368078,1.1578506367368078,0.7409729877082253,1.661127896290754,16.414096603249156,16.733178127283423,16.614010330026023,49.761285060558606
2021CMC,2021_10_08_CMC_S5,1,lsa,8.0,214.0,0.6666666666666666,1.0,3.0,,entropy_with_outcomes,214.0,2.228196737007341,0.2057092759791073,2.228196737007341,2.228196737007341,0.7979193696945652,2.5194150924590524,28.88113885676181,30.82558496813063,28.539939308836235,88.24666313372867
2021CMC,2021_10_08_CMC_S6,1,lsa,8.0,164.0,0.0,0.0,2.0,,entropy_with_outcomes,164.0,1.063286431447572,0.19703838955638617,1.063286431447572,1.063286431447572,0.7876683933738257,1.4251832937762547,14.68684975648828,15.76388499645254,15.418911460007093,45.86964621294791
2021CMC,2021_10_08_CMC_S7,1,lsa,8.0,168.0,0.0,0.0,2.0,,entropy_with_outcomes,168.0,1.3461140962173677,0.1969923067635172,1.3461140962173677,1.346114096217368,0.7682729160552687,1.9122561457787408,19.819670179788098,18.214902054172764,19.104414249211125,57.13898648317198
2021CMC,2021_10_08_CMC_S8,1,lsa,8.0,161.0,0.0,0.0,1.0,,entropy_with_outcomes,161.0,0.9434162762235144,0.1861397309705709,0.9434162762235144,0.9434162762235144,0.8204633074545742,1.418165165884973,15.180496832982316,12.745983483358566,12.532322207401815,40.4588025237427
2021CMC,2021_10_08_CMC_S9,1,lsa,8.0,270.0,0.0,0.0,2.0,,entropy_with_outcomes,270.0,1.9837769511638772,0.24705709262649758,1.9837769511638772,1.9837769511638772,0.7789083612446034,2.283765477814998,27.863317595372415,29.005554179227257,25.411745100470274,82.28061687506994
2021MND,2021_04_22_MND_S1,1,lsa,8.0,136.0,1.0,1.0,1.0,1.0,chunk_registry_v1,136.0,0.7570057717398712,0.1715879749277041,0.7570057717398712,0.7570057717398712,0.7339729111648527,1.024646226622258,11.625975718996614,11.29365309370948,11.459891801773962,34.37952061448006
2021MND,2021_04_22_MND_S3,1,lsa,8.0,131.0,0.0,0.0,1.0,0.0,chunk_registry_v1,131.0,1.0634322255096305,0.1520847396744122,1.0634322255096305,1.0634322255096305,0.7812729110920318,1.27836007658513,14.87261467821705,15.070988000150972,13.735957527686704,43.67956020605473
2021MND,2021_04_22_MND_S4,1,lsa,8.0,149.0,1.0,1.0,1.0,1.0,chunk_registry_v1,149.0,0.8287335417105568,0.1862463012290693,0.8287335417105567,0.8287335417105568,0.8144675563738082,1.0678399079059424,12.336605102050392,12.166204211811948,10.958367612273648,35.46117692613599
2021MND,2021_04_22_MND_S5,1,lsa,8.0,141.0,,0.0,0.0,0.0,chunk_registry_v1,141.0,0.8221264492100336,0.170973199614476,0.8221264492100337,0.8221264492100336,0.8283787197551975,1.0694386150169564,11.966234398535123,12.20054703350753,10.958043333027234,35.12482476506989
2021MND,2021_04_22_MND_S6,2,lsa,3.0,28.0,,0.0,0.0,0.0,chunk_registry_v1,26.071428571428573,0.030215816827487998,0.27194235144739276,0.030215816827487998,0.030215816827487998,0.9642857142857143,0.03364045490395668,0.38239741731849547,0.33870664358859276,0.40207996125520745,1.1231840221622957
2021MND,2021_04_22_MND_S7,2,lsa,8.0,152.0,0.0,0.0,2.0,0.0,chunk_registry_v1,106.3157894736842,0.7074422182397184,0.14967512583050427,0.7074422182397184,0.7074422182397183,0.8174323650028119,0.7805912175992322,10.008206009710054,10.638934025879333,10.561441770165658,31.208581805755042
2021MND,2021_04_22_MND_S8,2,lsa,6.0,139.0,0.0,0.0,1.0,0.0,chunk_registry_v1,97.99280575539568,0.6057938130584561,0.20510808774448488,0.6057938130584561,0.6057938130584563,0.8011534339115962,0.7326271279173995,8.770226059700747,8.300691736845351,8.24450784061013,25.315425637156235
2021MND,2021_04_23_MND_S1,2,lsa,7.0,139.0,0.0,0.0,2.0,0.0,chunk_registry_v1,95.48920863309353,0.5936279633087198,0.2027620463972,0.5936279633087198,0.5936279633087198,0.8351717331589068,0.8899963972600377,9.426757716522227,7.8135687224630095,7.521727789000453,24.76205422798569
2021MND,2021_04_23_MND_S10,1,lsa,7.0,159.0,,0.0,0.0,0.0,chunk_registry_v1,159.0,1.067223285983798,0.1786194762857093,1.067223285983798,1.067223285983798,0.8332841991219675,1.4168069339368323,15.922286656627314,14.952096142504677,13.488325481287953,44.362708280419945
2021MND,2021_04_23_MND_S11,1,lsa,6.0,154.0,0.3333333333333333,1.0,3.0,1.0,chunk_registry_v1,154.0,1.2446964764555506,0.1852012148542558,1.2446964764555508,1.2446964764555506,0.6930576362964391,1.6929198790843083,18.294118654353788,17.207956587710928,16.078948709253115,51.58102395131783
2021MND,2021_04_23_MND_S12,1,lsa,7.0,141.0,0.0,0.0,1.0,0.0,chunk_registry_v1,141.0,0.8651484652746712,0.1563922225688828,0.8651484652746713,0.8651484652746714,0.8265344627545581,1.2459061658304855,13.407511443540484,12.189737138493616,11.492148276744864,37.08939685877896
2021MND,2021_04_23_MND_S13,1,lsa,6.0,125.0,,0.0,0.0,0.0,chunk_registry_v1,125.0,0.9497510286496677,0.177457217610177,0.9497510286496677,0.9497510286496677,0.8310555975274796,1.1488072728477865,14.337524289415136,13.563007422978837,12.577711502640009,40.47824321503397
2021MND,2021_04_23_MND_S14,1,lsa,7.0,176.0,,0.0,0.0,0.0,chunk_registry_v1,176.0,1.598750546633331,0.1747702460915939,1.598750546633331,1.598750546633331,0.709246648377887,2.2843116218444797,21.36782149225062,22.919173216445163,22.355050003044067,66.64204471173986
2021MND,2021_04_23_MND_S15,1,lsa,7.0,170.0,,0.0,0.0,0.0,chunk_registry_v1,170.0,1.1423316429207242,0.2037737453268867,1.1423316429207242,1.1423316429207244,0.7897182359276724,1.8711753056799603,17.650570703996234,15.113340244477053,16.013180600450116,48.77709154892339
2021MND,2021_04_23_MND_S16,1,lsa,6.0,89.0,0.0,0.0,3.0,0.0,chunk_registry_v1,89.0,0.4426628873654655,0.1683632349381471,0.4426628873654654,0.4426628873654655,0.767198531612119,0.5289228282211074,6.9777426879033335,6.570743460726991,6.360497870743719,19.90898401937405
2021MND,2021_04_23_MND_S2,1,lsa,7.0,135.0,0.5,1.0,2.0,1.0,chunk_registry_v1,135.0,0.7894011140040957,0.1846952346456723,0.7894011140040957,0.7894011140040958,0.775781993765206,1.2143430282447114,10.838284290994158,10.727986209568392,12.444103282031945,34.0103737825945
2021MND,2021_04_23_MND_S3,1,lsa,6.0,92.0,0.0,0.0,2.0,0.0,chunk_registry_v1,92.0,0.5493164827787175,0.1724816259919522,0.5493164827787175,0.5493164827787175,0.825462985031255,0.8181796920259403,8.135634288446674,6.975054020908169,8.06110594004826,23.171794249403096
2021MND,2021_04_23_MND_S4,2,lsa,8.0,154.0,,0.0,0.0,0.0,chunk_registry_v1,92.01298701298701,0.41427101005218003,0.1504614683940392,0.4142710100521799,0.41427101005218003,0.6893392229532354,0.5047914270911728,6.5313056241405105,5.997419328250603,5.961451298047531,18.490176250438644
2021MND,2021_04_23_MND_S5,1,lsa,7.0,128.0,0.5,1.0,2.0,1.0,chunk_registry_v1,128.0,0.807976080263926,0.178619927933994,0.807976080263926,0.807976080263926,0.7624470422370742,1.13973569926576,10.879891705709133,11.689691565079103,12.39352758580234,34.963110856590575
2021MND,2021_04_23_MND_S6,1,lsa,7.0,157.0,0.0,0.0,2.0,0.0,chunk_registry_v1,157.0,1.403273274026383,0.2106251472487018,1.403273274026383,1.403273274026383,0.8174445308373877,2.129612624620487,20.361348610625143,20.0211979620136,19.54918806859976,59.931734641238506
2021MND,2021_04_23_MND_S7,1,lsa,7.0,117.0,0.0,0.0,1.0,0.0,chunk_registry_v1,117.0,0.6408205991418916,0.171569817161559,0.6408205991418916,0.6408205991418916,0.8052395782033166,0.9246352801550416,9.250368032660166,10.04071790988179,10.134711188376723,29.425797130918685
2021MND,2021_04_23_MND_S8,2,lsa,6.0,100.0,,0.0,0.0,0.0,chunk_registry_v1,55.78,0.25735532137992373,0.17867562115346802,0.2573553213799237,0.25735532137992373,0.4864334944085706,0.3937564305604838,3.707069997627599,3.5440272532899018,3.953863830870221,11.204961081787722
2021MND,2021_04_23_MND_S9,1,lsa,6.0,124.0,0.0,0.0,2.0,0.0,chunk_registry_v1,124.0,0.922355383794062,0.1629231732057887,0.922355383794062,0.922355383794062,0.782873012428256,1.357496153439978,15.442782254785971,12.418628788760392,12.62354934476378,40.48496038831014
2021MZT,2021_09_30_MZT_S1,1,lsa,2.0,24.0,,,,,unmatched,24.0,0.0086048332780729,0.0688386662245832,0.0086048332780729,0.0086048332780729,0.9368767684059308,-0.012226799991358,0.1037882354767707,0.2159681741053596,0.0908714397273454,0.41062784930947577
2021MZT,2021_09_30_MZT_S2,1,lsa,6.0,128.0,0.0,0.0,1.0,0.0,chunk_registry_v1,128.0,1.065794639358031,0.1559105301003748,1.065794639358031,1.065794639358031,0.7997594592917285,1.1009430721631226,14.708716341872297,15.769215260552532,13.922472868501185,44.40040447092601
2021MZT,2021_09_30_MZT_S3,1,lsa,6.0,92.0,0.0,0.0,1.0,0.0,chunk_registry_v1,92.0,0.5540238581891329,0.1649520872278324,0.5540238581891329,0.5540238581891328,0.6866616452939325,0.5122211769569402,8.616736314167165,8.264530926278603,7.01865935333641,23.899926593782176
2021MZT,2021_09_30_MZT_S4,1,lsa,6.0,135.0,0.0,0.0,1.0,0.0,chunk_registry_v1,135.0,0.973880209472521,0.1810934273812539,0.973880209472521,0.973880209472521,0.7115060670265352,1.1537340603723802,13.421485354647666,13.77892441183129,13.824948486733822,41.02535825321278
2021MZT,2021_09_30_MZT_S5,1,lsa,6.0,126.0,1.0,1.0,1.0,1.0,chunk_registry_v1,126.0,0.5845724292181133,0.1435791931412909,0.5845724292181131,0.5845724292181131,0.7737180394394425,0.7323846094967436,9.0383921344654,8.771249418051843,8.690877294591877,26.50051884710912
2021MZT,2021_09_30_MZT_S6,1,lsa,7.0,140.0,1.0,1.0,1.0,1.0,chunk_registry_v1,140.0,1.0975556654254446,0.1655795184909075,1.0975556654254446,1.0975556654254446,0.7129649996449988,1.5074928114744468,15.24466825286569,15.156761596798384,13.746571740370204,44.14800159003428
2021MZT,2021_09_30_MZT_S7,2,lsa,16.0,329.0,0.625,1.0,8.0,5.0,chunk_registry_v1,164.8419452887538,1.634571816700286,0.19160503278767446,1.6345718167002856,1.6345718167002856,0.7946783398450344,2.136066119848691,22.23023290221936,21.21027557885783,22.231132303016505,65.6716407840937
2021MZT,2021_10_01_MZT_S1,1,lsa,7.0,129.0,0.0,0.0,2.0,0.0,chunk_registry_v1,129.0,0.966162198472812,0.181419102770004,0.966162198472812,0.9661621984728118,0.7465219182052149,1.4640757515823573,13.65245858663845,13.400173564016743,14.91673508702007,41.969367237675264
2021MZT,2021_10_01_MZT_S10,1,lsa,7.0,161.0,,,,,unmatched,161.0,1.4238515727737986,0.1971110087846789,1.4238515727737988,1.4238515727737986,0.6767663484795808,2.2217647455427465,18.99419911025333,18.44343258913546,20.163504376642063,57.601136076030855
2021MZT,2021_10_01_MZT_S11,1,lsa,7.0,149.0,1.0,1.0,2.0,2.0,chunk_registry_v1,149.0,1.149698465984016,0.1760586551198544,1.149698465984016,1.149698465984016,0.7153974583179334,1.6709878249356247,16.135204180793682,15.845769392160852,15.558426194079695,47.539399767034226
2021MZT,2021_10_01_MZT_S12,1,lsa,7.0,79.0,,,,,unmatched,79.0,0.470449911320057,0.2099748191767486,0.47044991132005703,0.47044991132005703,0.7992634274120946,0.6250960595516473,5.885770496475642,6.087888247431816,7.404019691870885,19.377678435778343
2021MZT,2021_10_01_MZT_S13,2,lsa,14.0,257.0,,,,,unmatched,129.06225680933852,1.0546865906934886,0.1651553772121694,1.0546865906934886,1.0546865906934886,0.7665544313273827,1.3576516382296582,15.297239779050551,14.637568233340378,14.073176652816374,44.0079846652073
2021MZT,2021_10_01_MZT_S2,1,lsa,8.0,171.0,0.0,0.0,1.0,0.0,chunk_registry_v1,171.0,1.4935780328455754,0.1834783359314607,1.4935780328455757,1.4935780328455757,0.6957765357733215,1.8809407791622095,20.159121420941386,20.89753608781674,20.8756087466364,61.93226625539453
2021MZT,2021_10_01_MZT_S3,1,lsa,10.0,140.0,0.6666666666666666,1.0,3.0,2.0,chunk_registry_v1,140.0,1.1178572255719614,0.1727373196248064,1.1178572255719612,1.1178572255719612,0.7729603328593375,1.4150948996358164,15.13107235723046,15.507800917469604,14.552528251019009,45.191401525719066
2021MZT,2021_10_01_MZT_S4,1,lsa,10.0,169.0,0.5,1.0,2.0,1.0,chunk_registry_v1,169.0,1.5022584528784932,0.171425846412198,1.5022584528784932,1.5022584528784932,0.7635120238469726,1.959257356354545,21.8342617227925,19.704103724602422,19.649952113169117,61.188317560564045
2021MZT,2021_10_01_MZT_S5,1,lsa,10.0,190.0,0.5,1.0,2.0,1.0,chunk_registry_v1,190.0,1.6458988340879597,0.1721082985562533,1.64589883408796,1.64589883408796,0.8026261320898257,2.070161598780307,22.181942596063763,23.659887650916033,23.372521603490327,69.21435185047012
2021MZT,2021_10_01_MZT_S6,2,lsa,16.0,335.0,,,,,unmatched,168.75522388059701,1.2142403078082347,0.1773372513472252,1.2142403078082347,1.2142403078082347,0.7093208300799757,1.8750060823207062,18.759287449951014,16.577722920598458,16.74515460778891,52.08216497833839
2021MZT,2021_10_01_MZT_S7,1,lsa,7.0,141.0,1.0,1.0,1.0,1.0,chunk_registry_v1,141.0,1.2038078517831987,0.1779212862698438,1.2038078517831987,1.2038078517831992,0.7607524482782505,1.7225574872164104,16.707761721862155,16.444608602722706,15.250582035749972,48.40295236033484
2021MZT,2021_10_01_MZT_S8,1,lsa,7.0,141.0,0.0,0.0,1.0,0.0,chunk_registry_v1,141.0,1.0405643007889749,0.1774118094452786,1.0405643007889749,1.0405643007889749,0.7285651656284133,1.4490826975883524,15.131072359786698,13.47454204404662,16.30164539480779,44.90725979864111
2021MZT,2021_10_01_MZT_S9,1,lsa,7.0,136.0,,0.0,0.0,0.0,chunk_registry_v1,136.0,1.1144091192852374,0.1738069268610003,1.1144091192852374,1.1144091192852374,0.7987329928695824,1.3280917892158155,15.666383410966134,15.354084462832398,15.466633656918448,46.487101530716984
2021NES,2021_11_04_NES_S1,1,lsa,10.0,171.0,0.5,1.0,2.0,,entropy_with_outcomes,171.0,1.4543786488377424,0.1790487753428754,1.4543786488377424,1.4543786488377426,0.8459125802123545,1.7929785260234712,19.558878266437052,19.639701608992684,20.076108435974376,59.274688311404105
2021NES,2021_11_04_NES_S2,1,lsa,6.0,142.0,0.0,0.0,2.0,,entropy_with_outcomes,142.0,0.8910279719658707,0.1552465914345443,0.8910279719658707,0.8910279719658706,0.7486717702811849,1.1645018616260436,13.567526620494023,12.308995116964736,12.539224994779804,38.41574673223856
2021NES,2021_11_04_NES_S3,1,lsa,8.0,161.0,0.5,1.0,2.0,,entropy_with_outcomes,161.0,1.498935407210897,0.1869315263833884,1.498935407210897,1.498935407210897,0.7119118605624707,2.101175317629166,21.865730303482437,19.661554982254508,20.47970913649448,62.006994422231415
2021NES,2021_11_04_NES_S4,1,lsa,7.0,167.0,,,,,unmatched,167.0,1.3265788954659872,0.1697614371975631,1.326578895465987,1.326578895465987,0.7111003169786865,1.758701805419313,19.96763257077109,18.40036871427276,18.0781813481587,56.44618263320255
2021NES,2021_11_04_NES_S5,1,lsa,8.0,145.0,0.3333333333333333,1.0,3.0,,entropy_with_outcomes,145.0,1.2083739553975004,0.1610424848645565,1.2083739553975004,1.2083739553975004,0.7981425534640324,1.446229086403275,17.265192775295645,16.364142465172897,16.08743351668785,49.71676875715639
2021NES,2021_11_04_NES_S6,1,lsa,4.0,94.0,1.0,1.0,1.0,,entropy_with_outcomes,94.0,0.8054181729788861,0.3249326534764605,0.8054181729788861,0.8054181729788861,0.5362142587755113,1.63274144228239,11.200938401424857,9.27245852766414,10.33977444097585,30.813171370064843
2021NES,2021_11_05_NES_S1,1,lsa,12.0,295.0,0.25,1.0,4.0,,entropy_with_outcomes,295.0,3.44961123702312,0.1938352980803467,3.4496112370231207,3.44961123702312,0.846720020371672,4.515272178138555,45.896328024027326,44.09745444115052,46.25277180731496,136.2465542724928
2021NES,2021_11_05_NES_S10,1,lsa,6.0,167.0,1.0,1.0,1.0,,entropy_with_outcomes,167.0,1.334464731914689,0.2025960092997755,1.334464731914689,1.3344647319146885,0.7485220717451122,1.5220269482870856,19.076542756878204,19.88081087688693,17.719576651868675,56.676930285633816
2021NES,2021_11_05_NES_S11,1,lsa,8.0,158.0,1.0,1.0,1.0,,entropy_with_outcomes,158.0,1.4024304591639376,0.1948847955566421,1.4024304591639376,1.4024304591639376,0.6753217729696166,1.8289110638477089,20.0777051340902,18.634896022201406,18.88817202370281,57.60077317999441
2021NES,2021_11_05_NES_S12,1,lsa,7.0,148.0,,,,,unmatched,148.0,0.9131341370791298,0.1757397298929924,0.9131341370791296,0.9131341370791298,0.7741908827815809,1.136994520022164,13.26280926252374,13.512489999861266,13.287310169655838,40.06260943204085
2021NES,2021_11_05_NES_S2,1,lsa,8.0,133.0,0.0,0.0,1.0,,entropy_with_outcomes,133.0,1.077521245877198,0.1851554595628776,1.0775212458771977,1.077521245877198,0.8564874026617082,1.2166168121776633,15.509908957381125,17.376153560485868,13.922147600294096,46.808210118161085
2021NES,2021_11_05_NES_S3,1,lsa,11.0,171.0,0.0,0.0,4.0,,entropy_with_outcomes,171.0,1.3495077154831443,0.1765614532116432,1.3495077154831447,1.3495077154831443,0.7637023760053028,1.8692881101921897,18.623466684964217,18.7495662925754,19.163579931779484,56.5366129093191
2021NES,2021_11_05_NES_S4,1,lsa,12.0,198.0,1.0,1.0,1.0,,entropy_with_outcomes,198.0,2.054742062527956,0.19046766309950153,2.054742062527956,2.054742062527956,0.8105356718207928,2.674107578262437,26.599524214914187,27.10205795816048,27.639528287544906,81.34111046061957
2021NES,2021_11_05_NES_S5,1,lsa,12.0,235.0,0.6666666666666666,1.0,3.0,,entropy_with_outcomes,235.0,2.028761294493144,0.1703927463209038,2.028761294493144,2.028761294493144,0.8131405986764726,2.711439464006662,28.125674038115218,29.019367593930244,28.39519243883778,85.54023407088324
2021NES,2021_11_05_NES_S6,1,lsa,12.0,224.0,0.25,1.0,4.0,,entropy_with_outcomes,224.0,1.7567534815841817,0.1830291999417938,1.7567534815841817,1.756753481584182,0.8155067467537419,2.412497693322494,26.269985627380414,23.941672838855023,24.057703929828953,74.2693623960644
2021NES,2021_11_05_NES_S7,1,lsa,7.0,252.0,0.0,0.0,1.0,,entropy_with_outcomes,252.0,2.0981142195941276,0.2063718904518814,2.0981142195941276,2.0981142195941276,0.792297405780446,3.4096708761715373,32.12546154476985,27.43565263252606,29.359708905294916,88.92082308259083
2021NES,2021_11_05_NES_S8,1,lsa,8.0,169.0,,,,,unmatched,169.0,1.3120140192524876,0.1871142356571058,1.3120140192524878,1.3120140192524878,0.6921285341612771,1.7435308406797592,19.19686852596439,17.380316206326082,17.75754849909003,54.33473323138051
2021NES,2021_11_05_NES_S9,1,lsa,7.0,185.0,0.0,0.0,1.0,,entropy_with_outcomes,185.0,1.3243792022830858,0.1758866851560451,1.3243792022830858,1.324379202283086,0.7646661731606749,1.6882263872044798,19.637745862420996,19.53533824708632,18.865962383394297,58.03904649290162
2021SLU,2021_06_10_SLU_S1,1,lsa,8.0,180.0,0.3333333333333333,1.0,3.0,1.0,chunk_registry_v1,180.0,1.719262727992882,0.1673700870950344,1.719262727992882,1.7192627279928818,0.7425263376062147,2.2319313928980877,23.707748753623708,22.9813815033254,23.673866194647932,70.36299645159704
2021SLU,2021_06_10_SLU_S2,1,lsa,8.0,144.0,0.5,1.0,2.0,1.0,chunk_registry_v1,144.0,1.3851271415270583,0.1576745520789695,1.3851271415270583,1.3851271415270587,0.7144176971229917,1.7274816081960078,19.11185035358483,18.28207201353724,17.651857744000477,55.04578011112255
2021SLU,2021_06_10_SLU_S3,1,lsa,8.0,130.0,0.0,0.0,1.0,0.0,chunk_registry_v1,130.0,1.1401491792933791,0.1611080362044992,1.1401491792933791,1.1401491792933791,0.7951049727731906,1.5496327511523,15.888713174752915,15.587974716478532,15.245159870479313,46.72184776171076
2021SLU,2021_06_10_SLU_S4,1,lsa,7.0,204.0,1.0,1.0,2.0,2.0,chunk_registry_v1,204.0,1.5820602500822687,0.1729583553144602,1.5820602500822687,1.5820602500822687,0.7752495956421842,2.1341163853648237,23.390309361285663,21.259607219332423,21.428918889587063,66.07883547020515
2021SLU,2021_06_10_SLU_S5,1,lsa,7.0,134.0,0.5,1.0,2.0,1.0,chunk_registry_v1,134.0,0.9728444128939048,0.1605432898125409,0.9728444128939048,0.9728444128939048,0.6827629863822074,1.548290551352176,13.912653136034296,12.331660656919375,13.009889320353212,39.254203113306886
2021SLU,2021_06_10_SLU_S6,1,lsa,8.0,190.0,0.0,0.0,2.0,0.0,chunk_registry_v1,190.0,1.7182436543654669,0.1756139291712957,1.7182436543654669,1.7182436543654669,0.7701468585563581,2.6008552348404397,23.543857693206107,23.499786384743338,24.95898779555405,72.0026318735035
2021SLU,2021_06_10_SLU_S7,1,lsa,8.0,142.0,,0.0,0.0,0.0,chunk_registry_v1,142.0,0.8424724680993458,0.2020795447130187,0.842472468099346,0.842472468099346,0.7925518230632793,1.1518106335233589,14.621745491256533,10.647500593246638,11.385612616074098,36.65485870057727
2021SLU,2021_06_11_SLU_S1,1,lsa,8.0,208.0,0.3333333333333333,1.0,3.0,1.0,chunk_registry_v1,208.0,1.8995177047585072,0.171484237235143,1.8995177047585077,1.8995177047585077,0.7838325894705205,2.458017866551181,26.246072367267917,27.104047037836317,28.569235467466026,81.91935487257027
2021SLU,2021_06_11_SLU_S10,1,lsa,8.0,205.0,0.0,0.0,1.0,0.0,chunk_registry_v1,205.0,1.7749987307524615,0.16948054951292707,1.7749987307524615,1.7749987307524615,0.8337723086034957,1.9270972089224363,24.36880792498774,25.792526353642995,23.431211585282632,73.59254586391336
2021SLU,2021_06_11_SLU_S11,1,lsa,8.0,192.0,0.5,1.0,2.0,1.0,chunk_registry_v1,192.0,1.8752557065206308,0.1845459229379606,1.8752557065206308,1.8752557065206308,0.7933777220433972,2.4648163653155866,25.34808584674698,24.44534705795971,24.472480599385744,74.26591350409244
2021SLU,2021_06_11_SLU_S12,1,lsa,8.0,191.0,0.0,0.0,1.0,0.0,chunk_registry_v1,191.0,1.7845372971318447,0.17301859073714831,1.7845372971318447,1.7845372971318447,0.7142874474654092,2.4659496208630545,24.311372984768173,25.172303701241074,23.557646426632314,73.04132311264155
2021SLU,2021_06_11_SLU_S13,1,lsa,8.0,195.0,0.0,0.0,2.0,0.0,chunk_registry_v1,195.0,1.5503457037428103,0.1859270677920344,1.5503457037428106,1.5503457037428106,0.8014240202595999,2.0757076459218156,21.984784696923246,21.21735492430998,20.272716635158567,63.47485625639179
2021SLU,2021_06_11_SLU_S2,1,lsa,8.0,152.0,,0.0,0.0,0.0,chunk_registry_v1,152.0,1.2651539632588935,0.1836708714568785,1.2651539632588935,1.2651539632588935,0.7689330803581668,1.7584763511850958,18.54837897303114,17.722429555704153,16.55047735348076,52.82128588221605
2021SLU,2021_06_11_SLU_S3,1,lsa,8.0,107.0,1.0,1.0,1.0,1.0,chunk_registry_v1,107.0,0.5914790765831237,0.1582206529859856,0.5914790765831236,0.5914790765831236,0.7873390572592368,0.881941467787301,9.27799086130217,8.881349613763998,7.871146864064873,26.03048733913104
2021SLU,2021_06_11_SLU_S4,1,lsa,8.0,174.0,0.5,1.0,2.0,1.0,chunk_registry_v1,174.0,1.4975729230500328,0.1716585563970393,1.4975729230500332,1.4975729230500328,0.7267712677186579,1.7356804443707254,20.35843436638878,20.79410250044787,19.404272862998223,60.55680972983488
2021SLU,2021_06_11_SLU_S5,1,lsa,8.0,161.0,,0.0,0.0,0.0,chunk_registry_v1,161.0,1.2361575191444174,0.1739697207886811,1.236157519144417,1.2361575191444172,0.8033081419585391,1.58374559994204,17.330024347401757,17.05169978550833,17.324941111439177,51.706665244349274
2021SLU,2021_06_11_SLU_S6,1,lsa,8.0,205.0,0.0,0.0,3.0,0.0,chunk_registry_v1,205.0,1.7275404889179795,0.16230329982959932,1.7275404889179795,1.7275404889179795,0.8125943949506946,2.634339971682788,24.637951116089788,22.398926636755807,23.02651633129414,70.06339408413973
2021SLU,2021_06_11_SLU_S7,1,lsa,8.0,117.0,1.0,1.0,1.0,1.0,chunk_registry_v1,117.0,0.6814145401263326,0.1633719286778297,0.6814145401263324,0.6814145401263327,0.8324477200246394,0.7014252722471918,9.782538494467827,10.351915841729044,9.4668338854409,29.60128822163777
2021SLU,2021_06_11_SLU_S8,1,lsa,8.0,172.0,1.0,1.0,2.0,2.0,chunk_registry_v1,172.0,1.580340524709008,0.1741310507687055,1.580340524709008,1.580340524709008,0.8033020379421543,2.108965011592514,21.574799960128985,21.788946235877145,21.46985337509688,64.83359957110301
2021SLU,2021_06_11_SLU_S9,1,lsa,8.0,200.0,0.0,0.0,1.0,0.0,chunk_registry_v1,200.0,2.2580379321563298,0.1715834294951618,2.2580379321563298,2.2580379321563293,0.7204652011560151,2.486289163141919,28.007902091408095,30.596919887269618,28.808187816586027,87.41300979526375
2022MND,2022_04_07_MND_S1,1,lsa,8.0,148.0,0.3333333333333333,1.0,3.0,,entropy_with_outcomes,148.0,0.9643902621711304,0.1820532637772032,0.9643902621711304,0.9643902621711304,0.7141287240892579,1.2332959804260624,14.589607050556976,14.027600500157172,13.487545163787672,42.104752714501814
2022MND,2022_04_07_MND_S2,1,lsa,7.0,166.0,0.0,0.0,2.0,,entropy_with_outcomes,166.0,1.5201152430179683,0.19979345236815732,1.5201152430179683,1.5201152430179683,0.7664719161505646,1.8904861786365752,20.517829050865537,20.579804153862412,19.476421878822755,60.57405508355071
2022MND,2022_04_07_MND_S3,1,lsa,8.0,90.0,,,,,unmatched,90.0,0.5262570143837099,0.1760711200540293,0.5262570143837099,0.5262570143837099,0.6187696228300638,0.7064055060719716,7.284754577197859,7.81599899727706,7.3254657456373105,22.426219320112228
2022MND,2022_04_07_MND_S4,1,lsa,7.0,188.0,0.5,1.0,2.0,,entropy_with_outcomes,188.0,1.954948441567366,0.1999620821624944,1.9549484415673664,1.9549484415673664,0.7497325534495667,2.4766425596954806,26.22569043963448,27.21180815595662,25.8243506677223,79.26184926331341
2022MND,2022_04_07_MND_S5,1,lsa,8.0,207.0,0.5,1.0,2.0,,entropy_with_outcomes,207.0,2.155446316807311,0.1849823331588364,2.155446316807311,2.155446316807311,0.7459804754103253,2.402357233678449,27.609066409193968,30.034871855832087,30.130468056524865,87.77440632155091
2022MND,2022_04_07_MND_S6,1,lsa,7.0,118.0,0.5,1.0,2.0,,entropy_with_outcomes,118.0,0.7346609821518543,0.150242627199166,0.7346609821518543,0.7346609821518542,0.7208051062243095,0.894150962540481,10.81673974620961,11.179296807951763,9.939782765862985,31.93581932002436
2022MND,2022_04_08_MND_S1,1,lsa,8.0,145.0,0.0,0.0,1.0,,entropy_with_outcomes,145.0,0.8614113507216551,0.161167284973729,0.8614113507216551,0.8614113507216551,0.8036973293879434,1.44361579430325,13.656860502314665,11.754428105180567,12.717390896366888,38.12867950386213
2022MND,2022_04_08_MND_S10,1,lsa,8.0,155.0,,,,,unmatched,155.0,1.1795435027299035,0.1729699554618117,1.1795435027299035,1.1795435027299035,0.5532928308828526,1.50798820325893,17.625727075723383,16.72372518706961,17.07978322090859,51.42923548370158
2022MND,2022_04_08_MND_S11,1,lsa,8.0,191.0,0.0,0.0,2.0,,entropy_with_outcomes,191.0,1.4530506830989525,0.1789378984344938,1.4530506830989525,1.4530506830989525,0.8002810686432501,1.8064871047254665,21.384349542641548,19.71137474102853,19.661490119708517,60.75721440337859
2022MND,2022_04_08_MND_S2,1,lsa,8.0,257.0,,,,,unmatched,257.0,2.7021093126720555,0.1915174002638495,2.7021093126720555,2.7021093126720555,0.7618321767267087,3.434400886885376,36.60182478288218,38.345525707632966,38.00893178950264,112.9562822800178
2022MND,2022_04_08_MND_S3,2,lsa,8.0,208.0,,,,,unmatched,108.65384615384616,0.5992910367647385,0.1702652014257063,0.5992910367647385,0.5992910367647385,0.622082465685205,0.8579023168628048,9.348977316533134,8.441761008779407,8.004517047906603,25.795255373219142
2022MND,2022_04_08_MND_S4,1,lsa,8.0,151.0,0.0,0.0,1.0,,entropy_with_outcomes,151.0,1.2457143919253164,0.167351310659006,1.2457143919253164,1.2457143919253164,0.7797618226217752,2.057656773219354,18.06682775358172,17.151578444773385,17.862729507192704,53.08113570554781
2022MND,2022_04_08_MND_S5,1,lsa,7.0,133.0,0.3333333333333333,1.0,3.0,,entropy_with_outcomes,133.0,1.0395880220520677,0.177036116431402,1.0395880220520677,1.0395880220520677,0.6942103803744026,1.453989514186506,14.307191882995232,14.583318848842293,14.642527491957956,43.53303822379548
2022MND,2022_04_08_MND_S7,1,lsa,8.0,167.0,1.0,1.0,1.0,,entropy_with_outcomes,167.0,1.870966777382274,0.1921595644666911,1.870966777382274,1.870966777382274,0.6283392956002959,2.7484168923881604,24.31842718575819,25.050676748888392,25.498600080961676,74.86770401560825
2022MND,2022_04_08_MND_S8,1,lsa,7.0,207.0,0.0,0.0,1.0,,entropy_with_outcomes,207.0,1.7108596296211231,0.1678426271713613,1.7108596296211234,1.7108596296211231,0.7527816768442948,2.1432921625900487,23.752643402932517,24.39551122531841,24.14295212650787,72.29110675475879
2022MND,2022_04_08_MND_S9,1,lsa,7.0,156.0,,,,,unmatched,156.0,1.0942341221998002,0.1683437111076615,1.0942341221998002,1.0942341221998002,0.7167351265000789,1.6172788881932163,17.015833908484296,14.543130058669263,14.708046944450308,46.26701091160387
