session_id,n_speakers_with_cdp,n_speakers_total,speaker_participation_cdp,total_cdp_score1,total_cdp_score2,gini_score1,gini_score2,conference,any_funded,funded_rate
2021_10_08_CMC_S14,4,11,0.3636363636363636,46,16,0.3152173913043479,0.4375,2021CMC,1.0,0.5
2021_06_10_SLU_S1,8,16,0.5,30,18,0.4499999999999999,0.5185185185185186,2021SLU,1.0,0.3333333333333333
2021_06_10_SLU_S2,7,11,0.6363636363636364,17,14,0.4705882352941177,0.2857142857142858,2021SLU,1.0,0.5
2021_04_23_MND_S11,4,8,0.5,28,5,0.3035714285714286,0.3,2021MND,1.0,0.3333333333333333
2021_06_10_SLU_S4,6,13,0.4615384615384615,25,14,0.4479999999999999,0.3142857142857143,2021SLU,1.0,1.0
2021_06_10_SLU_S5,7,11,0.6363636363636364,35,13,0.5476190476190474,0.4000000000000001,2021SLU,1.0,0.5
2021_04_22_MND_S4,9,15,0.6,23,11,0.3961352657004831,0.4848484848484848,2021MND,1.0,1.0
2021_06_11_SLU_S1,8,13,0.6153846153846154,26,16,0.4903846153846154,0.3333333333333335,2021SLU,1.0,0.3333333333333333
2021_04_22_MND_S1,8,12,0.6666666666666666,39,12,0.63003663003663,0.4333333333333333,2021MND,1.0,1.0
2021_06_11_SLU_S11,5,11,0.4545454545454545,27,11,0.4296296296296296,0.3636363636363637,2021SLU,1.0,0.5
2021_10_08_CMC_S5,7,15,0.4666666666666667,34,18,0.4352941176470588,0.4814814814814814,2021CMC,1.0,0.6666666666666666
2021_10_08_CMC_S4,5,11,0.4545454545454545,26,7,0.5538461538461539,0.2142857142857142,2021CMC,1.0,1.0
2021_10_08_CMC_S3,5,14,0.3571428571428571,23,7,0.6086956521739131,0.0,2021CMC,1.0,1.0
2021_06_11_SLU_S3,5,10,0.5,23,7,0.5565217391304349,0.2142857142857142,2021SLU,1.0,1.0
2021_11_04_NES_S6,9,17,0.5294117647058824,23,14,0.4927536231884057,0.4523809523809523,2021NES,1.0,1.0
2021_10_08_CMC_S13,7,14,0.5,43,14,0.5714285714285714,0.4285714285714286,2021CMC,1.0,0.3333333333333333
2021_06_11_SLU_S4,9,10,0.9,31,12,0.5362903225806452,0.375,2021SLU,1.0,0.5
2021_04_23_MND_S2,5,14,0.3571428571428571,34,6,0.5058823529411764,0.3333333333333332,2021MND,1.0,0.5
2021_04_23_MND_S5,8,14,0.5714285714285714,30,7,0.5249999999999999,0.3571428571428572,2021MND,1.0,0.5
2021_10_07_CMC_S5,7,15,0.4666666666666667,21,5,0.4081632653061224,0.2666666666666668,2021CMC,1.0,0.5
2021_11_05_NES_S6,13,23,0.5652173913043478,57,20,0.5910931174089069,0.5,2021NES,1.0,0.25
2021_11_04_NES_S3,7,18,0.3888888888888889,49,19,0.6472303206997085,0.5263157894736843,2021NES,1.0,0.5
2021_11_05_NES_S1,16,23,0.6956521739130435,72,15,0.515625,0.3166666666666666,2021NES,1.0,0.25
2021_11_04_NES_S1,11,20,0.55,14,16,0.2678571428571428,0.328125,2021NES,1.0,0.5
2021_11_05_NES_S10,10,12,0.8333333333333334,38,10,0.605263157894737,0.4000000000000001,2021NES,1.0,1.0
2021_10_01_MZT_S7,7,12,0.5833333333333334,23,5,0.4275362318840578,0.1499999999999999,2021MZT,1.0,1.0
2021_10_01_MZT_S5,9,19,0.4736842105263157,33,12,0.404040404040404,0.2222222222222221,2021MZT,1.0,0.5
2021_10_01_MZT_S4,11,18,0.6111111111111112,35,11,0.597142857142857,0.3484848484848484,2021MZT,1.0,0.5
2021_10_01_MZT_S3,11,23,0.4782608695652174,26,19,0.5096153846153846,0.4661654135338346,2021MZT,1.0,0.6666666666666666
2021_11_05_NES_S11,4,10,0.4,26,15,0.5192307692307692,0.55,2021NES,1.0,1.0
2021_10_01_MZT_S11,4,8,0.5,23,8,0.4891304347826086,0.375,2021MZT,1.0,1.0
2021_09_30_MZT_S7,14,25,0.56,54,23,0.5634920634920635,0.484472049689441,2021MZT,1.0,0.625
2021_09_30_MZT_S6,2,7,0.2857142857142857,6,4,0.3333333333333332,0.25,2021MZT,1.0,1.0
2021_09_30_MZT_S5,5,9,0.5555555555555556,15,4,0.3833333333333333,0.25,2021MZT,1.0,1.0
2021_11_05_NES_S4,14,24,0.5833333333333334,51,25,0.5158371040723981,0.445,2021NES,1.0,1.0
2021_11_05_NES_S5,13,23,0.5652173913043478,39,25,0.5299145299145298,0.565,2021NES,1.0,0.6666666666666666
2021_10_08_CMC_S1,8,17,0.4705882352941176,31,14,0.5437788018433181,0.4285714285714286,2021CMC,1.0,0.6666666666666666
2021_11_04_NES_S5,10,16,0.625,22,9,0.3636363636363635,0.2407407407407407,2021NES,1.0,0.3333333333333333
2021_10_07_CMC_S4,5,11,0.4545454545454545,17,10,0.3764705882352941,0.4666666666666668,2021CMC,1.0,1.0
2021_05_21_ABI_S11,5,11,0.4545454545454545,27,6,0.4888888888888889,0.3333333333333332,2021ABI,1.0,0.5
2021_05_20_ABI_S7,6,15,0.4,17,14,0.5392156862745097,0.4761904761904763,2021ABI,1.0,1.0
2022_04_07_MND_S5,7,12,0.5833333333333334,25,7,0.5133333333333332,0.25,2022MND,1.0,0.5
2021_05_20_ABI_S4,8,13,0.6153846153846154,33,13,0.6233766233766234,0.5192307692307692,2021ABI,1.0,1.0
2021_05_20_ABI_S3,8,17,0.4705882352941176,14,14,0.476190476190476,0.5142857142857142,2021ABI,1.0,1.0
2022_04_07_MND_S6,6,9,0.6666666666666666,19,6,0.5526315789473684,0.3333333333333335,2022MND,1.0,0.5
2020_11_06_NES_S9,6,16,0.375,19,6,0.3421052631578947,0.2222222222222223,2020NES,1.0,1.0
2020_11_06_NES_S3,1,13,0.0769230769230769,1,1,0.0,0.0,2020NES,1.0,0.6666666666666666
2022_04_08_MND_S5,6,12,0.5,20,16,0.4599999999999999,0.53125,2022MND,1.0,0.3333333333333333
2020_11_06_NES_S12,4,11,0.3636363636363636,7,2,0.1904761904761904,0.0,2020NES,1.0,0.5
2020_11_06_NES_S11,3,10,0.3,6,2,0.2222222222222223,0.0,2020NES,1.0,0.3333333333333333
2020_11_06_NES_S1,2,10,0.2,3,1,0.1666666666666667,0.0,2020NES,1.0,0.5
2022_04_08_MND_S7,9,11,0.8181818181818182,34,9,0.4957983193277311,0.3611111111111111,2022MND,1.0,1.0
2020_11_05_NES_S5,5,11,0.4545454545454545,6,1,0.1333333333333333,0.0,2020NES,1.0,1.0
2020_11_05_NES_S4,4,9,0.4444444444444444,7,3,0.3214285714285714,0.0,2020NES,1.0,1.0
2020_11_05_NES_S3,4,10,0.4,6,5,0.25,0.3,2020NES,1.0,0.3333333333333333
2022_04_07_MND_S4,6,10,0.6,33,3,0.601010101010101,0.0,2022MND,1.0,0.5
2021_05_20_ABI_S6,7,13,0.5384615384615384,18,8,0.4761904761904763,0.3125,2021ABI,1.0,0.5
2021_05_21_ABI_S12,9,12,0.75,41,17,0.5087108013937283,0.3764705882352941,2021ABI,1.0,0.3333333333333333
2021_05_21_ABI_S13,9,11,0.8181818181818182,26,6,0.4102564102564101,0.2222222222222223,2021ABI,1.0,0.5
2021_10_07_CMC_S3,4,15,0.2666666666666666,17,13,0.2352941176470588,0.4423076923076923,2021CMC,1.0,0.6666666666666666
2021_10_07_CMC_S2,3,13,0.2307692307692307,18,6,0.3703703703703704,0.3333333333333332,2021CMC,1.0,1.0
2021_10_07_CMC_S1,7,13,0.5384615384615384,29,14,0.4827586206896552,0.4285714285714286,2021CMC,1.0,0.5
2021_06_11_SLU_S7,6,11,0.5454545454545454,27,12,0.3518518518518518,0.4166666666666667,2021SLU,1.0,1.0
2021_06_11_SLU_S8,6,10,0.6,19,12,0.5052631578947369,0.4444444444444444,2021SLU,1.0,1.0
2021_05_21_ABI_S15,6,12,0.5,23,5,0.5913043478260871,0.3,2021ABI,1.0,0.5
2021_05_21_ABI_S2,9,15,0.6,24,12,0.4375,0.3888888888888888,2021ABI,1.0,0.3333333333333333
2021_05_21_ABI_S7,7,13,0.5384615384615384,22,9,0.3333333333333332,0.3555555555555556,2021ABI,1.0,0.3333333333333333
2022_04_07_MND_S1,7,12,0.5833333333333334,28,5,0.3809523809523809,0.3,2022MND,1.0,0.3333333333333333
2022_04_08_MND_S4,5,12,0.4166666666666667,10,7,0.3500000000000001,0.3809523809523809,2022MND,0.0,0.0
2021_06_11_SLU_S9,8,9,0.8888888888888888,28,11,0.5446428571428572,0.4318181818181819,2021SLU,0.0,0.0
2021_06_11_SLU_S13,6,11,0.5454545454545454,31,8,0.586021505376344,0.3333333333333335,2021SLU,0.0,0.0
2021_06_11_SLU_S12,8,9,0.8888888888888888,26,16,0.5192307692307692,0.4000000000000001,2021SLU,0.0,0.0
2022_04_08_MND_S1,9,10,0.9,29,7,0.3922413793103447,0.25,2022MND,0.0,0.0
2021_11_05_NES_S2,8,13,0.6153846153846154,32,12,0.4609375,0.2916666666666667,2021NES,0.0,0.0
2022_04_08_MND_S11,6,10,0.6,35,11,0.4619047619047618,0.2045454545454545,2022MND,0.0,0.0
2021_06_10_SLU_S3,9,11,0.8181818181818182,31,17,0.560483870967742,0.3294117647058823,2021SLU,0.0,0.0
2021_11_05_NES_S3,12,23,0.5217391304347826,57,14,0.5497076023391811,0.3265306122448981,2021NES,0.0,0.0
2021_06_11_SLU_S10,7,10,0.7,23,13,0.4275362318840578,0.25,2021SLU,0.0,0.0
2021_11_05_NES_S7,13,16,0.8125,49,12,0.489795918367347,0.2857142857142858,2021NES,0.0,0.0
2021_11_05_NES_S9,8,11,0.7272727272727273,32,18,0.5535714285714286,0.4888888888888889,2021NES,0.0,0.0
2022_04_07_MND_S2,6,11,0.5454545454545454,29,17,0.3724137931034483,0.4235294117647059,2022MND,0.0,0.0
2021_06_11_SLU_S6,8,9,0.8888888888888888,21,13,0.3630952380952381,0.512820512820513,2021SLU,0.0,0.0
2021_06_10_SLU_S6,6,13,0.4615384615384615,22,8,0.509090909090909,0.3333333333333335,2021SLU,0.0,0.0
2020_11_05_NES_S1,3,12,0.25,7,3,0.3809523809523809,0.1666666666666667,2020NES,0.0,0.0
2021_04_23_MND_S3,5,13,0.3846153846153846,14,3,0.4000000000000001,0.1666666666666667,2021MND,0.0,0.0
2021_11_04_NES_S2,6,11,0.5454545454545454,13,6,0.2884615384615385,0.1333333333333333,2021NES,0.0,0.0
2021_05_21_ABI_S14,6,15,0.4,18,16,0.3777777777777777,0.34375,2021ABI,0.0,0.0
2021_10_08_CMC_S2,6,12,0.5,18,7,0.4814814814814814,0.3571428571428572,2021CMC,0.0,0.0
2021_10_08_CMC_S12,4,9,0.4444444444444444,14,4,0.1071428571428572,0.0,2021CMC,0.0,0.0
2021_10_08_CMC_S11,6,13,0.4615384615384615,16,16,0.4791666666666665,0.5416666666666667,2021CMC,0.0,0.0
2021_05_21_ABI_S9,7,18,0.3888888888888889,27,10,0.4232804232804232,0.3333333333333335,2021ABI,0.0,0.0
2021_05_21_ABI_S8,7,12,0.5833333333333334,18,6,0.3809523809523809,0.3333333333333332,2021ABI,0.0,0.0
2021_05_21_ABI_S4,6,12,0.5,23,4,0.5289855072463767,0.25,2021ABI,0.0,0.0
2021_05_21_ABI_S3,6,10,0.6,25,9,0.4066666666666665,0.2222222222222223,2021ABI,0.0,0.0
2021_05_20_ABI_S8,18,43,0.4186046511627907,38,12,0.411764705882353,0.25,2021ABI,0.0,0.0
2021_10_01_MZT_S8,4,10,0.4,25,6,0.31,0.2222222222222223,2021MZT,0.0,0.0
2021_05_20_ABI_S5,7,12,0.5833333333333334,29,10,0.226600985221675,0.1,2021ABI,0.0,0.0
2021_05_20_ABI_S2,8,11,0.7272727272727273,35,13,0.4178571428571429,0.346153846153846,2021ABI,0.0,0.0
2020_11_06_NES_S8,5,14,0.3571428571428571,16,14,0.15625,0.3571428571428572,2020NES,0.0,0.0
2020_11_06_NES_S7,3,12,0.25,11,6,0.3030303030303032,0.2222222222222223,2020NES,0.0,0.0
2020_11_06_NES_S4,2,13,0.1538461538461538,4,4,0.0,0.25,2020NES,0.0,0.0
2020_11_06_NES_S2,5,15,0.3333333333333333,11,10,0.3409090909090908,0.1,2020NES,0.0,0.0
2020_11_05_NES_S6,2,9,0.2222222222222222,0,3,,0.1666666666666667,2020NES,0.0,0.0
2021_10_08_CMC_S6,5,14,0.3571428571428571,22,15,0.4909090909090909,0.2833333333333334,2021CMC,0.0,0.0
2021_10_08_CMC_S7,4,12,0.3333333333333333,21,8,0.4642857142857142,0.0,2021CMC,0.0,0.0
2021_10_08_CMC_S8,7,12,0.5833333333333334,21,12,0.3412698412698411,0.3333333333333332,2021CMC,0.0,0.0
2021_10_08_CMC_S9,8,11,0.7272727272727273,19,9,0.4360902255639098,0.3611111111111111,2021CMC,0.0,0.0
2021_10_01_MZT_S2,6,11,0.5454545454545454,20,9,0.575,0.3703703703703704,2021MZT,0.0,0.0
2021_10_01_MZT_S1,8,11,0.7272727272727273,18,7,0.3055555555555556,0.3214285714285714,2021MZT,0.0,0.0
2021_09_30_MZT_S4,3,10,0.3,18,2,0.4074074074074074,0.0,2021MZT,0.0,0.0
2021_09_30_MZT_S3,7,12,0.5833333333333334,23,5,0.3850931677018634,0.1333333333333333,2021MZT,0.0,0.0
2021_09_30_MZT_S2,4,11,0.3636363636363636,6,3,0.1666666666666667,0.1666666666666667,2021MZT,0.0,0.0
2021_04_23_MND_S9,4,11,0.3636363636363636,8,4,0.3333333333333335,0.25,2021MND,0.0,0.0
2021_04_23_MND_S7,6,9,0.6666666666666666,32,2,0.4166666666666665,0.0,2021MND,0.0,0.0
2021_04_23_MND_S6,13,35,0.3714285714285714,25,7,0.3490909090909091,0.119047619047619,2021MND,0.0,0.0
2020_11_05_NES_S2,2,11,0.1818181818181818,1,4,0.0,0.0,2020NES,0.0,0.0
2021_04_23_MND_S16,6,13,0.4615384615384615,19,6,0.4342105263157894,0.1333333333333333,2021MND,0.0,0.0
2021_04_23_MND_S12,6,13,0.4615384615384615,11,5,0.290909090909091,0.1499999999999999,2021MND,0.0,0.0
2021_04_23_MND_S1,8,14,0.5714285714285714,23,4,0.4099378881987578,0.0,2021MND,0.0,0.0
2021_04_22_MND_S8,6,11,0.5454545454545454,13,3,0.4038461538461537,0.0,2021MND,0.0,0.0
2021_04_22_MND_S7,8,12,0.6666666666666666,21,9,0.4702380952380953,0.2222222222222223,2021MND,0.0,0.0
2021_04_22_MND_S3,6,10,0.6,8,4,0.1500000000000001,0.0,2021MND,0.0,0.0
2022_04_08_MND_S8,6,10,0.6,24,7,0.4000000000000001,0.3809523809523809,2022MND,0.0,0.0
2020_11_06_NES_S10,1,11,0.0909090909090909,4,1,0.0,0.0,2020NES,,
2021_05_20_ABI_S1,7,13,0.5384615384615384,24,5,0.4444444444444444,0.3,2021ABI,,
2021_05_21_ABI_S1,5,12,0.4166666666666667,43,9,0.6325581395348838,0.4444444444444444,2021ABI,,
2021_05_21_ABI_S10,5,9,0.5555555555555556,38,12,0.631578947368421,0.5,2021ABI,,
2021_05_21_ABI_S16,11,17,0.6470588235294118,39,11,0.4025641025641024,0.2575757575757575,2021ABI,,
2021_05_21_ABI_S5,9,13,0.6923076923076923,53,7,0.6792452830188678,0.3571428571428572,2021ABI,,
2021_05_21_ABI_S6,4,11,0.3636363636363636,32,7,0.296875,0.25,2021ABI,,
output-2021-05-20-ABI-S1,6,10,0.6,7,6,0.1714285714285714,0.25,2021ABI,,
2021_10_07_CMC_S6,5,12,0.4166666666666667,18,9,0.5833333333333333,0.2777777777777777,2021CMC,,
2021_10_07_CMC_S7,4,10,0.4,11,4,0.3636363636363637,0.1666666666666667,2021CMC,,
2021_10_08_CMC_S10,4,16,0.25,17,9,0.5441176470588236,0.3703703703703704,2021CMC,,
2021_04_22_MND_S5,14,53,0.2641509433962264,14,10,0.3571428571428572,0.0888888888888888,2021MND,,
2021_04_22_MND_S6,7,15,0.4666666666666667,29,14,0.4080459770114941,0.3571428571428572,2021MND,,
2021_04_23_MND_S10,8,13,0.6153846153846154,31,3,0.3669354838709677,0.1666666666666667,2021MND,,
2021_04_23_MND_S13,9,14,0.6428571428571429,35,7,0.5206349206349206,0.2285714285714286,2021MND,,
2021_04_23_MND_S14,12,30,0.4,31,8,0.3413978494623657,0.25,2021MND,,
2021_04_23_MND_S15,15,19,0.7894736842105263,30,12,0.4051282051282052,0.3333333333333332,2021MND,,
2021_04_23_MND_S4,8,10,0.8,24,10,0.4761904761904763,0.3500000000000001,2021MND,,
2021_04_23_MND_S8,5,10,0.5,16,12,0.53125,0.5,2021MND,,
2021_10_01_MZT_S9,6,16,0.375,26,15,0.5230769230769232,0.4499999999999999,2021MZT,,
2021_11_04_NES_S4,4,12,0.3333333333333333,29,8,0.5603448275862069,0.0,2021NES,,
2021_11_05_NES_S12,10,15,0.6666666666666666,30,14,0.5925925925925926,0.5357142857142858,2021NES,,
2021_11_05_NES_S8,7,13,0.5384615384615384,29,14,0.5114942528735631,0.4857142857142857,2021NES,,
2021_06_10_SLU_S7,9,13,0.6923076923076923,28,17,0.3839285714285714,0.4705882352941177,2021SLU,,
2021_06_11_SLU_S2,5,13,0.3846153846153846,20,5,0.26,0.3,2021SLU,,
2021_06_11_SLU_S5,5,12,0.4166666666666667,13,4,0.4307692307692308,0.25,2021SLU,,
2022_04_07_MND_S3,6,11,0.5454545454545454,12,4,0.3888888888888888,0.1666666666666667,2022MND,,
2022_04_08_MND_S10,3,5,0.6,10,3,0.2666666666666668,0.1666666666666667,2022MND,,
2022_04_08_MND_S12,2,4,0.5,2,0,0.0,,2022MND,,
2022_04_08_MND_S2,7,10,0.7,42,8,0.564625850340136,0.3125,2022MND,,
2022_04_08_MND_S3,7,8,0.875,22,4,0.4675324675324677,0.25,2022MND,,
2022_04_08_MND_S6,1,3,0.3333333333333333,1,1,0.0,0.0,2022MND,,
2022_04_08_MND_S9,6,9,0.6666666666666666,34,8,0.5294117647058822,0.125,2022MND,,
