session_id,entropy_index_beginning,entropy_time_beginning,n_cdp_index_beginning,n_cdp_time_beginning,entropy_diff_beginning,entropy_index_middle,entropy_time_middle,n_cdp_index_middle,n_cdp_time_middle,entropy_diff_middle,entropy_index_end,entropy_time_end,n_cdp_index_end,n_cdp_time_end,entropy_diff_end,conference
2020_11_05_NES_S1,0.9182958340544896,0.9182958340544896,3,3,0.0,0.8112781244591328,0.7219280948873623,4,5,-0.08935002957177052,0.9182958340544896,1.0,3,2,0.08170416594551044,2020NES
2020_11_05_NES_S2,0.7219280948873623,0.7219280948873623,5,5,0.0,,,0,0,,,,0,0,,2020NES
2020_11_05_NES_S3,0.0,0.0,1,1,0.0,0.0,0.0,1,1,0.0,0.9910760598382222,0.9910760598382222,9,9,0.0,2020NES
2020_11_05_NES_S4,0.9709505944546686,0.9182958340544896,5,6,-0.052654760400179024,1.0,,2,0,,0.0,0.8112781244591328,3,4,0.8112781244591328,2020NES
2020_11_05_NES_S5,1.0,1.0,2,2,0.0,,,0,0,,0.0,0.0,5,5,0.0,2020NES
2020_11_05_NES_S6,0.0,0.0,2,2,0.0,1.0,1.0,2,2,0.0,,,0,0,,2020NES
2020_11_06_NES_S1,,,0,0,,0.0,0.0,1,1,0.0,0.9182958340544896,0.9182958340544896,3,3,0.0,2020NES
2020_11_06_NES_S10,,,0,0,,0.9182958340544896,0.8112781244591328,3,4,-0.10701770959535672,0.0,0.0,2,1,0.0,2020NES
2020_11_06_NES_S11,0.8112781244591328,0.8112781244591328,4,4,0.0,1.0,0.0,2,1,-1.0,0.0,0.0,2,3,0.0,2020NES
2020_11_06_NES_S12,0.0,0.0,1,1,0.0,0.9182958340544896,0.9182958340544896,6,6,0.0,0.9182958340544896,0.9182958340544896,3,3,0.0,2020NES
2020_11_06_NES_S2,0.9544340029249649,0.9544340029249649,8,8,0.0,1.0,0.0,2,1,-1.0,0.9456603046006402,0.9798687566511527,11,12,0.03420845205051248,2020NES
2020_11_06_NES_S3,,,0,0,,,,0,0,,1.0,1.0,2,2,0.0,2020NES
2020_11_06_NES_S4,0.0,0.0,1,1,0.0,0.9709505944546686,0.9709505944546686,5,5,0.0,0.9182958340544896,0.9182958340544896,3,3,0.0,2020NES
2020_11_06_NES_S7,0.9456603046006402,0.9182958340544896,11,9,-0.027364470546150654,0.0,1.0,1,2,1.0,0.9709505944546686,0.9182958340544896,5,6,-0.052654760400179024,2020NES
2020_11_06_NES_S8,0.9709505944546686,0.9949848281859701,20,24,0.024034233731301535,0.9852281360342516,0.0,7,1,-0.9852281360342516,0.9182958340544896,0.9709505944546686,3,5,0.052654760400179024,2020NES
2020_11_06_NES_S9,0.8366407419411673,0.8366407419411673,15,15,0.0,,,0,0,,0.7219280948873623,0.7219280948873623,10,10,0.0,2020NES
2021_05_20_ABI_S1,0.5916727785823275,0.5916727785823275,14,14,0.0,0.0,,5,0,,0.7827759528141421,0.6398243839286435,11,16,-0.14295156888549865,2021ABI
2021_05_20_ABI_S2,0.8175195311866703,0.6583346267480237,13,24,-0.15918490443864663,0.672294817075638,0.9366673818775626,17,17,0.2643725648019246,0.8314743880097293,0.5435644431995964,19,8,-0.2879099448101329,2021ABI
2021_05_20_ABI_S3,0.8118126881672663,0.8118126881672663,15,15,0.0,0.9182958340544896,0.9182958340544896,3,3,0.0,0.9940302114769565,0.9940302114769565,11,11,0.0,2021ABI
2021_05_20_ABI_S4,0.930586129131993,0.930586129131993,26,26,0.0,0.5435644431995964,0.6500224216483541,8,6,0.1064579784487577,0.8112781244591328,0.74959525725948,12,14,-0.06168286719965288,2021ABI
2021_05_20_ABI_S5,0.797374810639693,0.797374810639693,14,14,0.0,0.7725068857142601,,9,0,,0.576217395521696,0.648001619049965,19,28,0.07178422352826896,2021ABI
2021_05_20_ABI_S6,0.8112781244591328,0.8112781244591328,16,16,0.0,0.9182958340544896,0.9182958340544896,3,3,0.0,0.863120568566631,0.863120568566631,7,7,0.0,2021ABI
2021_05_20_ABI_S7,0.9182958340544896,0.9182958340544896,18,18,0.0,,0.0,0,1,,0.961236604722876,0.9798687566511527,13,12,0.01863215192827672,2021ABI
2021_05_20_ABI_S8,0.7642045065086203,0.7642045065086203,27,27,0.0,1.0,0.0,2,1,-1.0,0.6729592758523572,0.6583346267480237,23,24,-0.014624649104333476,2021ABI
2021_05_21_ABI_S1,0.0,0.0,20,20,0.0,0.7076765296822561,0.7312088026202268,16,15,0.023532272937970666,0.7160863263878677,0.6971862088918521,18,19,-0.01890011749601561,2021ABI
2021_05_21_ABI_S10,0.6307122020015626,0.6307122020015626,26,26,0.0,0.7219280948873623,0.5916727785823275,5,7,-0.13025531630503484,0.8112781244591328,0.8524051786494786,20,18,0.04112705419034579,2021ABI
2021_05_21_ABI_S11,0.0,0.0,12,12,0.0,0.0,0.0,4,4,0.0,0.7534397398762206,0.7534397398762206,18,18,0.0,2021ABI
2021_05_21_ABI_S12,0.9366673818775626,0.9366673818775626,17,17,0.0,0.6223659728744493,0.0,9,1,-0.6223659728744493,0.884963636383153,0.6266892212322789,33,41,-0.2582744151508741,2021ABI
2021_05_21_ABI_S13,0.5032583347756457,0.5032583347756457,18,18,0.0,1.0,1.0,2,2,0.0,0.7193329040881773,0.7193329040881773,13,13,0.0,2021ABI
2021_05_21_ABI_S14,0.9975025463691153,0.9886994082884974,17,16,-0.008803138080617834,0.0,0.0,4,5,0.0,0.817581733764401,0.817581733764401,14,14,0.0,2021ABI
2021_05_21_ABI_S15,0.895640305638598,0.895640305638598,13,13,0.0,0.6500224216483541,0.7219280948873623,6,5,0.0719056732390082,0.41381685030363374,0.39124356362925566,12,13,-0.02257328667437808,2021ABI
2021_05_21_ABI_S16,0.5608244837210251,0.5931648710702542,28,29,0.03234038734922906,0.9852281360342516,1.0,7,4,0.014771863965748366,0.6962122601251458,0.6500224216483541,16,18,-0.0461898384767917,2021ABI
2021_05_21_ABI_S2,1.0,0.9957274520849256,12,13,-0.004272547915074365,0.8112781244591328,0.9182958340544896,4,3,0.10701770959535672,0.8112781244591328,0.8112781244591328,20,20,0.0,2021ABI
2021_05_21_ABI_S3,0.5913712412003556,0.5913712412003556,22,22,0.0,0.8112781244591328,0.7219280948873623,4,5,-0.08935002957177052,0.8586727110732549,0.8783471047618533,10,9,0.019674393688598357,2021ABI
2021_05_21_ABI_S4,0.47167341781551525,0.4884931363139443,20,19,0.01681971849842906,0.0,0.0,1,2,0.0,0.863120568566631,0.863120568566631,7,7,0.0,2021ABI
2021_05_21_ABI_S5,0.7918583525674836,0.7918583525674836,21,21,0.0,0.4394969869215134,0.5435644431995964,11,8,0.104067456278083,0.362051251733998,0.3372900666170139,29,32,-0.024761185116984108,2021ABI
2021_05_21_ABI_S6,0.5246455665662212,0.5246455665662212,22,22,0.0,0.9182958340544896,0.0,6,1,-0.9182958340544896,0.6500224216483541,0.7871265862012691,12,17,0.13710416455291496,2021ABI
2021_05_21_ABI_S7,0.9910760598382222,0.9910760598382222,9,9,0.0,0.0,0.0,5,2,0.0,0.8739810481273578,0.8112781244591328,17,20,-0.06270292366822494,2021ABI
2021_05_21_ABI_S8,0.74959525725948,0.7793498372920852,14,13,0.029754580032605227,1.0,0.9182958340544896,2,3,-0.08170416594551044,0.8112781244591328,0.8112781244591328,8,8,0.0,2021ABI
2021_05_21_ABI_S9,0.9587118829771318,0.9587118829771318,21,21,0.0,0.0,0.0,5,5,0.0,0.6840384356390417,0.6840384356390417,11,11,0.0,2021ABI
output-2021-05-20-ABI-S1,0.9852281360342516,1.0,7,4,0.014771863965748366,,0.9182958340544896,0,3,,1.0,1.0,6,6,0.0,2021ABI
2021_10_07_CMC_S1,0.9182958340544896,0.9182958340544896,21,21,0.0,1.0,1.0,2,2,0.0,0.7038148177476575,0.7038148177476575,21,21,0.0,2021CMC
2021_10_07_CMC_S2,0.863120568566631,0.863120568566631,7,7,0.0,0.8112781244591328,0.0,4,3,-0.8112781244591328,0.6908140210976049,0.7312088026202268,14,15,0.04039478152262188,2021CMC
2021_10_07_CMC_S3,0.9709505944546686,0.9709505944546686,5,5,0.0,0.9910760598382222,1.0,9,2,0.008923940161777777,0.7054239374031818,0.685282216451617,18,25,-0.020141720951564746,2021CMC
2021_10_07_CMC_S4,0.8175195311866703,0.8175195311866703,13,13,0.0,1.0,,4,0,,0.8453509366224365,0.9182958340544896,11,15,0.07294489743205301,2021CMC
2021_10_07_CMC_S5,0.9182958340544896,0.9182958340544896,9,9,0.0,,,0,0,,0.5066818470208007,0.5066818470208007,18,18,0.0,2021CMC
2021_10_07_CMC_S6,0.5665095065529053,0.5665095065529053,15,15,0.0,1.0,1.0,6,6,0.0,0.9182958340544896,0.9182958340544896,6,6,0.0,2021CMC
2021_10_07_CMC_S7,0.8112781244591328,0.8112781244591328,4,4,0.0,0.8112781244591328,0.9182958340544896,4,3,0.10701770959535672,0.863120568566631,0.8112781244591328,7,8,-0.051842444107498165,2021CMC
2021_10_08_CMC_S1,0.8524051786494786,0.8997437586982626,18,19,0.047338580048783996,0.9544340029249649,0.8112781244591328,8,4,-0.1431558784658321,0.7199877141320896,0.7073842191177118,20,23,-0.012603495014377852,2021CMC
2021_10_08_CMC_S10,0.9975025463691153,0.9910760598382222,17,18,-0.006426486530893061,0.0,0.0,4,3,0.0,0.7219280948873623,0.7219280948873623,5,5,0.0,2021CMC
2021_10_08_CMC_S11,1.0,0.9940302114769565,20,22,-0.005969788523043529,0.9709505944546686,0.0,5,3,-0.9709505944546686,0.9852281360342516,0.9852281360342516,7,7,0.0,2021CMC
2021_10_08_CMC_S12,0.0,0.0,2,2,0.0,0.8812908992306927,0.0,10,1,-0.8812908992306927,0.6500224216483541,0.8366407419411673,6,15,0.18661832029281322,2021CMC
2021_10_08_CMC_S13,0.7355085815538398,0.7219280948873623,29,30,-0.013580486666477487,0.8453509366224365,0.8812908992306927,11,10,0.03593996260825616,0.7160863263878677,0.7160863263878677,18,18,0.0,2021CMC
2021_10_08_CMC_S14,0.5931648710702542,0.5931648710702542,29,29,0.0,0.9852281360342516,0.8453509366224365,14,11,-0.1398771994118151,0.7219280948873623,0.8865408928220899,20,23,0.1646127979347276,2021CMC
2021_10_08_CMC_S2,0.9940302114769565,0.9940302114769565,11,11,0.0,0.5435644431995964,,8,0,,0.863120568566631,0.5713619478607342,7,15,-0.29175862070589675,2021CMC
2021_10_08_CMC_S3,0.8112781244591328,0.8112781244591328,24,24,0.0,0.8112781244591328,0.8112781244591328,4,4,0.0,0.0,0.0,2,2,0.0,2021CMC
2021_10_08_CMC_S4,0.8453509366224365,0.7642045065086203,11,9,-0.08114643011381628,0.5916727785823275,0.9182958340544896,7,3,0.3266230554721621,0.6398243839286435,0.5913712412003556,16,22,-0.048453142728287935,2021CMC
2021_10_08_CMC_S5,0.8708644692353646,0.904381457724494,24,25,0.03351698848912932,0.8080141510844467,0.9182958340544896,12,3,0.11028168297004282,0.7871265862012691,0.730962929005098,17,25,-0.05616365719617111,2021CMC
2021_10_08_CMC_S6,0.7487368590694102,0.7518181887591274,26,23,0.003081329689717194,0.8112781244591328,0.8112781244591328,4,4,0.0,0.9544340029249649,0.8453509366224365,8,11,-0.1090830663025284,2021CMC
2021_10_08_CMC_S7,0.8739810481273578,0.8739810481273578,17,17,0.0,0.8112781244591328,0.863120568566631,8,7,0.051842444107498165,0.8112781244591328,0.7219280948873623,4,5,-0.08935002957177052,2021CMC
2021_10_08_CMC_S8,0.9975025463691153,0.9975025463691153,17,17,0.0,0.9182958340544896,,3,0,,0.74959525725948,0.6170591141539598,14,17,-0.1325361431055202,2021CMC
2021_10_08_CMC_S9,0.8112781244591328,0.8112781244591328,16,16,0.0,,,0,0,,0.9798687566511527,0.9798687566511527,12,12,0.0,2021CMC
2021_04_22_MND_S1,0.934068055375491,0.8997437586982626,20,19,-0.03432429667722836,0.5916727785823275,1.0,14,2,0.4083272214176725,0.672294817075638,0.6500224216483541,17,30,-0.022272395427283875,2021MND
2021_04_22_MND_S2,,,0,0,,,,0,0,,,,0,0,,2021MND
2021_04_22_MND_S3,,,0,0,,0.0,0.0,1,1,0.0,0.9456603046006402,0.9456603046006402,11,11,0.0,2021MND
2021_04_22_MND_S4,0.6840384356390417,0.8112781244591328,11,12,0.12723968882009118,0.9602297178607611,1.0,5,2,0.039770282139238944,0.9494520153879484,0.9587118829771318,19,21,0.009259867589183401,2021MND
2021_04_22_MND_S5,0.961236604722876,0.9402859586706309,13,14,-0.02095064605224506,0.0,,1,0,,0.8508642289005679,0.8508642289005679,11,11,0.0,2021MND
2021_04_22_MND_S6,0.8112781244591328,0.9182958340544896,4,3,0.10701770959535672,0.8739810481273578,0.9456603046006402,17,11,0.07167925647328244,0.9456603046006402,0.8935711016541907,22,29,-0.052089202946449475,2021MND
2021_04_22_MND_S7,0.8112781244591328,,4,0,,0.9544340029249649,0.9940302114769565,8,11,0.03959620855199153,0.6500224216483541,0.6292492238560345,18,19,-0.020773197792319564,2021MND
2021_04_22_MND_S8,0.0,0.0,2,2,0.0,0.7896900821428474,0.7896900821428474,6,6,0.0,0.7642045065086203,0.7642045065086203,9,9,0.0,2021MND
2021_04_23_MND_S1,0.7298466991620974,0.6223659728744493,10,9,-0.10748072628764815,0.9182958340544896,0.0,3,2,-0.9182958340544896,0.42181719939455997,0.38762396309516434,16,18,-0.034193236299395635,2021MND
2021_04_23_MND_S10,0.0,0.0,21,21,0.0,0.0,0.9182958340544896,1,3,0.9182958340544896,0.6254181156238111,0.6913698302025114,13,11,0.0659517145787003,2021MND
2021_04_23_MND_S11,0.7219280948873623,0.7642045065086203,10,9,0.04227641162125795,0.0,0.0,3,4,0.0,0.5407040970774404,0.5407040970774404,21,21,0.0,2021MND
2021_04_23_MND_S12,0.9182958340544896,0.8904916402194913,12,13,-0.027804193834998214,0.0,,1,0,,0.9182958340544896,0.9182958340544896,3,3,0.0,2021MND
2021_04_23_MND_S13,0.3372900666170139,0.3372900666170139,16,16,0.0,0.5032583347756457,0.0,9,6,-0.5032583347756457,0.8739810481273578,0.8812908992306927,17,20,0.00730985110333493,2021MND
2021_04_23_MND_S14,0.9182958340544896,0.9182958340544896,6,6,0.0,0.0,0.0,3,3,0.0,0.7219280948873623,0.7219280948873623,30,30,0.0,2021MND
2021_04_23_MND_S15,0.5578578164321781,0.692208534435103,20,25,0.13435071800292486,0.8699155297736259,0.0,7,2,-0.8699155297736259,0.7160863263878677,0.7160863263878677,18,18,0.0,2021MND
2021_04_23_MND_S16,0.6500224216483541,0.6500224216483541,12,12,0.0,0.9182958340544896,0.8112781244591328,3,4,-0.10701770959535672,0.8812908992306927,0.9182958340544896,10,9,0.03700493482379685,2021MND
2021_04_23_MND_S2,0.863120568566631,0.863120568566631,14,14,0.0,0.0,0.0,5,1,0.0,0.4537163391869448,0.4021791902022729,21,25,-0.05153714898467193,2021MND
2021_04_23_MND_S3,0.6193821946787638,0.6500224216483541,13,12,0.030640226969590345,0.0,1.0,1,2,1.0,0.8112781244591328,0.8112781244591328,4,4,0.0,2021MND
2021_04_23_MND_S4,0.9957274520849256,0.9957274520849256,13,13,0.0,0.9182958340544896,0.0,6,2,-0.9182958340544896,0.5478948105177535,0.6257309858938137,16,20,0.07783617537606025,2021MND
2021_04_23_MND_S5,0.9182958340544896,0.9182958340544896,15,15,0.0,0.5032583347756457,0.0,9,1,-0.5032583347756457,0.46343678232466695,0.441561145269048,14,22,-0.021875637055618957,2021MND
2021_04_23_MND_S6,0.5970948432879916,0.48785277138929123,14,13,-0.10924207189870033,0.9463946303571861,1.0,4,2,0.05360536964281393,0.8112781244591328,0.6971862088918521,16,19,-0.11409191556728071,2021MND
2021_04_23_MND_S7,0.5032583347756457,0.5435644431995964,9,8,0.04030610842395066,0.7642045065086203,0.0,9,1,-0.7642045065086203,0.3095434291503252,0.3818962309523018,18,27,0.07235280180197662,2021MND
2021_04_23_MND_S8,0.9544340029249649,0.9852281360342516,8,14,0.030794133109286692,0.9456603046006402,0.9182958340544896,11,3,-0.027364470546150654,0.9182958340544896,0.9456603046006402,9,11,0.027364470546150654,2021MND
2021_04_23_MND_S9,0.6500224216483541,0.863120568566631,6,7,0.2130981469182769,0.0,0.0,2,1,0.0,0.8112781244591328,0.8112781244591328,4,4,0.0,2021MND
2021_09_30_MZT_S2,0.9709505944546686,0.9709505944546686,5,5,0.0,0.0,0.0,3,2,0.0,1.0,0.9999999999999999,2,3,-1.1102230246251565e-16,2021MZT
2021_09_30_MZT_S3,0.5916727785823275,0.5916727785823275,7,7,0.0,0.6500224216483541,0.0,12,2,-0.6500224216483541,0.7642045065086203,0.7424875695421236,9,19,-0.02171693696649668,2021MZT
2021_09_30_MZT_S4,0.8420887815606471,,13,0,,0.5916727785823275,0.7954584372331486,7,17,0.2037856586508211,0.0,0.0,4,7,0.0,2021MZT
2021_09_30_MZT_S5,0.9709505944546686,0.9709505944546686,5,5,0.0,,,0,0,,0.5916727785823275,0.5916727785823275,14,14,0.0,2021MZT
2021_09_30_MZT_S6,0.9182958340544896,0.0,3,1,-0.9182958340544896,0.863120568566631,0.9709505944546686,7,5,0.10783002588803758,,0.8112781244591328,0,4,,2021MZT
2021_09_30_MZT_S7,0.7413390912646509,0.7463685701896878,27,25,0.005029478925036912,0.6632110916865271,0.6703075011115168,39,41,0.00709640942498968,0.74959525725948,0.74959525725948,14,14,0.0,2021MZT
2021_10_01_MZT_S1,0.74959525725948,0.7793498372920852,14,13,0.029754580032605227,0.8112781244591328,0.0,4,2,-0.8112781244591328,0.6695919455357793,0.8342022886441014,8,11,0.16461034310832212,2021MZT
2021_10_01_MZT_S11,0.7793498372920852,0.8112781244591328,13,12,0.03192828716704765,0.0,1.0,2,2,1.0,0.6962122601251458,0.7871265862012691,16,17,0.09091432607612326,2021MZT
2021_10_01_MZT_S2,0.8112781244591328,0.8112781244591328,16,16,0.0,0.9182958340544896,0.9182958340544896,3,3,0.0,0.8342022886441014,0.8342022886441014,11,11,0.0,2021MZT
2021_10_01_MZT_S3,0.934068055375491,0.934068055375491,20,20,0.0,0.8112781244591328,1.0,4,6,0.18872187554086717,0.9852281360342516,0.9980008838722996,21,19,0.012772747838047938,2021MZT
2021_10_01_MZT_S4,0.6500224216483541,0.6500224216483541,12,12,0.0,0.7732967821474692,0.7732967821474692,13,13,0.0,0.6803454839201113,0.6803454839201113,25,25,0.0,2021MZT
2021_10_01_MZT_S5,0.7365705641335477,0.7365705641335477,19,19,0.0,0.7642045065086203,0.7642045065086203,9,9,0.0,0.7642045065086203,0.7642045065086203,18,18,0.0,2021MZT
2021_10_01_MZT_S7,0.6962122601251458,0.6962122601251458,16,16,0.0,0.0,0.0,1,2,0.0,0.6840384356390417,0.7219280948873623,11,10,0.03788965924832066,2021MZT
2021_10_01_MZT_S8,0.7793498372920852,0.74959525725948,13,14,-0.029754580032605227,0.0,,1,0,,0.595905918112551,0.595905918112551,18,18,0.0,2021MZT
2021_10_01_MZT_S9,0.863120568566631,0.8904916402194913,21,26,0.027371071652860346,1.0,0.9182958340544896,8,3,-0.08170416594551044,0.9798687566511527,0.9798687566511527,12,12,0.0,2021MZT
2021_11_04_NES_S1,0.0,0.0,1,1,0.0,0.9544340029249649,0.9456603046006402,8,11,-0.00877369832432473,0.9587118829771318,0.9182958340544896,21,18,-0.04041604892264228,2021NES
2021_11_04_NES_S2,1.0,1.0,2,2,0.0,0.0,,2,0,,0.7559752426306121,0.7160863263878677,16,18,-0.03988891624274438,2021NES
2021_11_04_NES_S3,0.6421728598552153,0.6421728598552153,39,39,0.0,0.863120568566631,0.0,7,2,-0.863120568566631,0.6583346267480237,0.6623214885612895,24,29,0.003986861813265796,2021NES
2021_11_04_NES_S4,0.6962122601251458,0.6500224216483541,16,12,-0.0461898384767917,0.9544340029249649,0.9182958340544896,8,12,-0.036138168870475385,0.6193821946787638,0.6193821946787638,13,13,0.0,2021NES
2021_11_04_NES_S5,0.9640787648082292,0.9366673818775626,18,17,-0.027411382930666583,1.0,0.9182958340544896,2,3,-0.08170416594551044,0.4394969869215134,0.4394969869215134,11,11,0.0,2021NES
2021_11_04_NES_S6,0.5032583347756457,0.5032583347756457,9,9,0.0,0.7793498372920852,0.7793498372920852,13,13,0.0,0.7315975941709251,0.7315975941709251,17,17,0.0,2021NES
2021_11_05_NES_S1,0.8224042259549891,0.8112781244591328,35,36,-0.011126101495856244,0.0,0.4854607607459134,4,19,0.4854607607459134,0.4266330975838712,0.45616351424737744,49,33,0.029530416663506254,2021NES
2021_11_05_NES_S10,0.5246455665662212,0.4954284041636706,22,24,-0.029217162402550567,0.5435644431995964,0.0,8,2,-0.5435644431995964,0.8997437586982626,0.8865408928220899,19,23,-0.013202865876172698,2021NES
2021_11_05_NES_S11,0.9975025463691153,0.9975025463691153,17,17,0.0,1.0,1.0,2,2,0.0,0.7732266742876346,0.7732266742876346,22,22,0.0,2021NES
2021_11_05_NES_S12,0.8865408928220899,0.8554508105601307,23,25,-0.031090082261959195,0.9544340029249649,1.0,8,6,0.04556599707503506,0.8904916402194913,0.8904916402194913,13,13,0.0,2021NES
2021_11_05_NES_S2,0.9798687566511527,0.8812908992306927,12,10,-0.09857785742045999,0.7725068857142601,0.9544340029249649,9,8,0.18192711721070487,0.7382848661434506,0.6176948489390525,24,27,-0.1205900172043981,2021NES
2021_11_05_NES_S3,0.5465830980043143,0.5205045904698237,25,27,-0.02607850753449059,0.672294817075638,0.5916727785823275,17,21,-0.08062203849331051,0.783776947484701,0.8708644692353646,30,24,0.0870875217506637,2021NES
2021_11_05_NES_S4,0.9182958340544896,0.904381457724494,24,25,-0.013914376329995592,0.961236604722876,0.9876925088958034,13,23,0.026455904172927425,0.8904916402194913,0.8112781244591328,39,28,-0.07921351576035851,2021NES
2021_11_05_NES_S5,0.7751453926953418,0.7695756163983515,21,22,-0.005569776296990292,0.8175195311866703,0.7777220320701351,13,18,-0.039797499116535184,0.8960382325345575,0.8403586716091171,32,26,-0.05567956092544035,2021NES
2021_11_05_NES_S6,0.9081783472997051,0.9081783472997051,34,34,0.0,0.5032583347756457,0.6500224216483541,9,12,0.14676408687270837,0.7871265862012691,0.7706290693639405,34,31,-0.016497516837328585,2021NES
2021_11_05_NES_S7,0.6254181156238111,0.7298466991620974,13,10,0.10442858353828632,0.8080141510844467,0.5816718657178866,12,10,-0.2263422853665601,0.4953754914506918,0.555102459219853,39,44,0.0597269677691612,2021NES
2021_11_05_NES_S8,0.9182958340544896,0.9383153522334069,24,31,0.02001951817891734,0.9544340029249649,1.0,8,2,0.04556599707503506,0.8453509366224365,0.7219280948873623,11,10,-0.12342284173507423,2021NES
2021_11_05_NES_S9,0.9819407868640977,0.9819407868640977,19,19,0.0,0.7298466991620974,0.6695919455357793,10,8,-0.06025475362631816,0.9456603046006402,0.9544340029249649,22,24,0.00877369832432473,2021NES
2021_06_10_SLU_S1,0.7282023343901066,0.7282023343901066,27,27,0.0,0.9182958340544896,1.0,3,2,0.08170416594551044,0.8997437586982626,0.934068055375491,19,20,0.03432429667722836,2021SLU
2021_06_10_SLU_S2,0.6500224216483541,0.6500224216483541,12,12,0.0,1.0,1.0,2,2,0.0,0.7534397398762206,0.7534397398762206,18,18,0.0,2021SLU
2021_06_10_SLU_S3,0.7038148177476575,0.7038148177476575,21,21,0.0,0.9940302114769565,0.9940302114769565,11,11,0.0,0.8739810481273578,0.8739810481273578,17,17,0.0,2021SLU
2021_06_10_SLU_S4,0.840978105283863,0.840978105283863,28,28,0.0,1.0,1.0,2,2,0.0,0.8904916402194913,0.8904916402194913,13,13,0.0,2021SLU
2021_06_10_SLU_S5,0.6051854972393866,0.6307404425754963,28,29,0.02555494533610969,0.9182958340544896,1.0,3,2,0.08170416594551044,0.8524051786494786,0.8524051786494786,18,18,0.0,2021SLU
2021_06_10_SLU_S6,0.9798687566511527,0.9798687566511527,12,12,0.0,0.8112781244591328,0.9182958340544896,4,3,0.10701770959535672,0.5916727785823275,0.5665095065529053,14,15,-0.025163272029422146,2021SLU
2021_06_10_SLU_S7,0.754857573379366,0.7282023343901066,24,27,-0.026655238989259367,0.6500224216483541,0.9182958340544896,6,6,0.26827341240613545,0.9544340029249649,0.961236604722876,16,13,0.006802601797911034,2021SLU
2021_06_11_SLU_S1,0.7732266742876346,0.7918583525674836,22,21,0.018631678279849018,0.9182958340544896,0.8112781244591328,3,4,-0.10701770959535672,0.7777220320701351,0.7777220320701351,18,18,0.0,2021SLU
2021_06_11_SLU_S10,0.9182958340544896,0.9182958340544896,18,18,0.0,0.0,,1,0,,0.9774178175281716,0.9640787648082292,17,18,-0.013339052719942401,2021SLU
2021_06_11_SLU_S11,0.8453509366224365,0.7918583525674836,22,21,-0.05349258405495294,0.9709505944546686,0.9182958340544896,5,3,-0.052654760400179024,0.6840384356390417,0.863120568566631,11,14,0.17908213292758934,2021SLU
2021_06_11_SLU_S12,0.801230770703707,0.801230770703707,29,29,0.0,0.8112781244591328,0.8112781244591328,4,4,0.0,0.9456603046006402,0.9456603046006402,11,11,0.0,2021SLU
2021_06_11_SLU_S13,0.5586293734521992,0.5586293734521992,23,23,0.0,0.9182958340544896,0.9182958340544896,3,3,0.0,0.7793498372920852,0.7793498372920852,13,13,0.0,2021SLU
2021_06_11_SLU_S2,0.7455574250275929,0.7455574250275929,11,11,0.0,,,0,0,,0.7079749057776119,0.7079749057776119,18,18,0.0,2021SLU
2021_06_11_SLU_S3,0.7816596645276667,0.7816596645276667,13,13,0.0,0.0,0.0,4,4,0.0,0.74959525725948,0.74959525725948,14,14,0.0,2021SLU
2021_06_11_SLU_S4,0.5931648710702542,0.5676828057613506,29,35,-0.025482065308903623,0.9544340029249649,0.0,8,1,-0.9544340029249649,0.9852281360342516,1.0,7,8,0.014771863965748366,2021SLU
2021_06_11_SLU_S5,0.8112781244591328,0.5916727785823275,8,7,-0.21960534587680536,1.0,0.9182958340544896,2,3,-0.08170416594551044,0.6695919455357793,0.6695919455357793,8,8,0.0,2021SLU
2021_06_11_SLU_S6,0.9819407868640977,0.9819407868640977,19,19,0.0,0.8112781244591328,0.8112781244591328,4,4,0.0,0.6840384356390417,0.6840384356390417,11,11,0.0,2021SLU
2021_06_11_SLU_S7,0.9709505944546686,0.9709505944546686,10,10,0.0,0.863120568566631,0.6500224216483541,7,6,-0.2130981469182769,0.8453509366224365,0.8865408928220899,22,23,0.04118995619965338,2021SLU
2021_06_11_SLU_S8,0.9774178175281716,0.9774178175281716,17,17,0.0,0.9709505944546686,,5,0,,0.9182958340544896,0.9402859586706309,9,14,0.02199012461614136,2021SLU
2021_06_11_SLU_S9,0.6307404425754963,0.6512888470192231,29,30,0.020548404443726742,0.9182958340544896,0.7219280948873623,6,5,-0.19636773916712724,0.9709505944546686,0.9709505944546686,5,5,0.0,2021SLU
2022_04_07_MND_S1,0.41381685030363374,0.41381685030363374,12,12,0.0,0.8112781244591328,0.0,8,1,-0.8112781244591328,0.6193821946787638,0.7219280948873623,13,20,0.10254590020859855,2022MND
2022_04_07_MND_S2,0.9182958340544896,0.9182958340544896,24,24,0.0,0.0,0.0,3,3,0.0,0.8997437586982626,0.8997437586982626,19,19,0.0,2022MND
2022_04_07_MND_S3,0.7219280948873623,0.9182958340544896,5,6,0.19636773916712724,0.0,,1,0,,0.7219280948873623,0.7219280948873623,10,10,0.0,2022MND
2022_04_07_MND_S4,0.5264143616682583,0.5264143616682583,17,17,0.0,0.6500224216483541,0.0,6,1,-0.6500224216483541,0.35335933502142136,0.3589962496465303,15,20,0.0056369146251089575,2022MND
2022_04_07_MND_S5,0.9182958340544896,0.9182958340544896,9,9,0.0,0.6254181156238111,0.9602297178607611,13,5,0.33481160223694995,0.6567045482143385,0.47167341781551525,12,20,-0.1850311303988233,2022MND
2022_04_07_MND_S6,0.4394969869215134,0.4394969869215134,11,11,0.0,0.9182958340544896,0.9182958340544896,3,3,0.0,0.9456603046006402,0.9456603046006402,11,11,0.0,2022MND
2022_04_08_MND_S1,0.9182958340544896,0.9182958340544896,12,12,0.0,0.8112781244591328,0.8112781244591328,4,4,0.0,0.4560725552838438,0.4560725552838438,21,21,0.0,2022MND
2022_04_08_MND_S10,0.6500224216483541,0.6500224216483541,6,6,0.0,,,0,0,,0.863120568566631,0.863120568566631,7,7,0.0,2022MND
2022_04_08_MND_S11,0.9182958340544896,0.9182958340544896,21,21,0.0,1.0,0.9182958340544896,4,3,-0.08170416594551044,0.4537163391869448,0.4394969869215134,21,22,-0.014219352265431418,2022MND
2022_04_08_MND_S12,,,0,0,,,,0,0,,0.9182958340544896,0.9182958340544896,3,3,0.0,2022MND
2022_04_08_MND_S2,0.7553754125614288,0.7553754125614288,23,23,0.0,0.46343678232466695,0.4689955935892812,14,10,0.005558811264614272,0.5916727785823275,0.6500224216483541,14,18,0.058349643066026635,2022MND
2022_04_08_MND_S3,0.0,0.44155167050817345,6,15,0.44155167050817345,0.6386009056011303,0.863120568566631,17,7,0.22451966296550074,0.7219280948873623,0.9182958340544896,5,6,0.19636773916712724,2022MND
2022_04_08_MND_S4,0.7642045065086203,0.7642045065086203,9,9,0.0,0.0,0.0,1,1,0.0,0.9852281360342516,0.9852281360342516,7,7,0.0,2022MND
2022_04_08_MND_S5,1.0,1.0,22,22,0.0,0.0,,1,0,,0.8904916402194913,0.9402859586706309,13,14,0.049794318451139574,2022MND
2022_04_08_MND_S6,,,0,0,,0.0,0.0,1,1,0.0,0.0,0.0,1,1,0.0,2022MND
2022_04_08_MND_S7,0.37270529641671113,0.37270529641671113,19,19,0.0,0.9182958340544896,0.9182958340544896,3,3,0.0,0.8453509366224365,0.8453509366224365,22,22,0.0,2022MND
2022_04_08_MND_S8,0.9182958340544896,0.9182958340544896,6,6,0.0,0.0,0.0,4,4,0.0,0.6452075543900085,0.6452075543900085,22,22,0.0,2022MND
2022_04_08_MND_S9,0.7871265862012691,0.7871265862012691,17,17,0.0,0.0,0.0,3,2,0.0,0.6840384356390417,0.6665783579949205,22,23,-0.017460077644121164,2022MND
