session_id,n_utterances,time_pressure_total,decision_closure_total,time_pressure_cdp,decision_closure_cdp,time_pressure_beginning,decision_closure_beginning,time_pressure_middle,decision_closure_middle,time_pressure_end,decision_closure_end,conference
2020_11_05_NES_S1,82,0,2,0,0,0,0,0,1,0,1,2020NES
2020_11_05_NES_S2,67,0,2,0,0,0,0,0,1,0,1,2020NES
2020_11_05_NES_S3,45,0,0,0,0,0,0,0,0,0,0,2020NES
2020_11_05_NES_S4,41,0,1,0,1,0,0,0,0,0,1,2020NES
2020_11_05_NES_S5,28,1,0,1,0,0,0,0,0,1,0,2020NES
2020_11_05_NES_S6,23,0,0,0,0,0,0,0,0,0,0,2020NES
2020_11_06_NES_S1,56,1,2,1,1,0,0,0,1,1,1,2020NES
2020_11_06_NES_S10,71,0,2,0,0,0,1,0,0,0,1,2020NES
2020_11_06_NES_S11,86,0,3,0,0,0,1,0,2,0,0,2020NES
2020_11_06_NES_S12,89,0,2,0,0,0,1,0,0,0,1,2020NES
2020_11_06_NES_S2,77,1,4,1,3,0,3,0,0,1,1,2020NES
2020_11_06_NES_S3,38,0,0,0,0,0,0,0,0,0,0,2020NES
2020_11_06_NES_S4,88,0,1,0,0,0,0,0,0,0,1,2020NES
2020_11_06_NES_S7,80,0,2,0,0,0,0,0,0,0,2,2020NES
2020_11_06_NES_S8,120,0,2,0,2,0,2,0,0,0,0,2020NES
2020_11_06_NES_S9,160,0,3,0,2,0,2,0,1,0,0,2020NES
2021_05_20_ABI_S1,121,2,2,2,2,0,2,0,0,2,0,2021ABI
2021_05_20_ABI_S2,287,0,1,0,1,0,1,0,0,0,0,2021ABI
2021_05_20_ABI_S3,151,2,3,1,2,1,0,0,1,1,2,2021ABI
2021_05_20_ABI_S4,228,0,1,0,1,0,1,0,0,0,0,2021ABI
2021_05_20_ABI_S5,235,1,0,1,0,0,0,0,0,1,0,2021ABI
2021_05_20_ABI_S6,230,0,2,0,0,0,1,0,1,0,0,2021ABI
2021_05_20_ABI_S7,188,2,5,1,3,1,2,0,0,1,3,2021ABI
2021_05_20_ABI_S8,327,1,0,1,0,0,0,0,0,1,0,2021ABI
2021_05_21_ABI_S1,275,2,2,2,0,0,1,0,1,2,0,2021ABI
2021_05_21_ABI_S10,215,2,5,2,4,0,1,0,1,2,3,2021ABI
2021_05_21_ABI_S11,190,0,1,0,1,0,1,0,0,0,0,2021ABI
2021_05_21_ABI_S12,267,2,2,2,1,1,0,0,0,1,2,2021ABI
2021_05_21_ABI_S13,219,1,2,1,1,0,0,0,1,1,1,2021ABI
2021_05_21_ABI_S14,189,0,1,0,1,0,0,0,0,0,1,2021ABI
2021_05_21_ABI_S15,255,0,2,0,1,0,1,0,0,0,1,2021ABI
2021_05_21_ABI_S16,235,1,2,1,2,0,0,1,1,0,1,2021ABI
2021_05_21_ABI_S2,174,1,1,1,0,1,0,0,0,0,1,2021ABI
2021_05_21_ABI_S3,232,1,0,1,0,0,0,0,0,1,0,2021ABI
2021_05_21_ABI_S4,259,0,3,0,1,0,1,0,1,0,1,2021ABI
2021_05_21_ABI_S5,298,1,6,1,3,0,5,1,0,0,1,2021ABI
2021_05_21_ABI_S6,288,2,1,2,0,1,0,0,1,1,0,2021ABI
2021_05_21_ABI_S7,139,0,0,0,0,0,0,0,0,0,0,2021ABI
2021_05_21_ABI_S8,237,1,3,1,0,0,0,1,2,0,1,2021ABI
2021_05_21_ABI_S9,174,0,1,0,1,0,0,0,0,0,1,2021ABI
output-2021-05-20-ABI-S1,39,0,1,0,1,0,1,0,0,0,0,2021ABI
2021_10_07_CMC_S1,203,1,3,0,2,0,1,1,0,0,2,2021CMC
2021_10_07_CMC_S2,121,0,0,0,0,0,0,0,0,0,0,2021CMC
2021_10_07_CMC_S3,169,1,0,1,0,0,0,1,0,0,0,2021CMC
2021_10_07_CMC_S4,187,2,0,2,0,1,0,0,0,1,0,2021CMC
2021_10_07_CMC_S5,174,1,1,0,1,0,0,1,0,0,1,2021CMC
2021_10_07_CMC_S6,176,1,2,1,1,0,1,1,0,0,1,2021CMC
2021_10_07_CMC_S7,131,1,1,1,0,0,0,1,0,0,1,2021CMC
2021_10_08_CMC_S1,177,1,1,1,1,0,0,0,0,1,1,2021CMC
2021_10_08_CMC_S10,182,1,2,1,0,0,1,0,1,1,0,2021CMC
2021_10_08_CMC_S11,179,0,5,0,5,0,2,0,0,0,3,2021CMC
2021_10_08_CMC_S12,126,0,0,0,0,0,0,0,0,0,0,2021CMC
2021_10_08_CMC_S13,195,0,5,0,4,0,2,0,0,0,3,2021CMC
2021_10_08_CMC_S14,258,0,4,0,2,0,3,0,0,0,1,2021CMC
2021_10_08_CMC_S2,180,0,0,0,0,0,0,0,0,0,0,2021CMC
2021_10_08_CMC_S3,169,1,4,1,2,0,2,0,1,1,1,2021CMC
2021_10_08_CMC_S4,151,1,4,1,4,0,1,1,1,0,2,2021CMC
2021_10_08_CMC_S5,195,1,1,1,1,0,0,0,0,1,1,2021CMC
2021_10_08_CMC_S6,167,0,4,0,3,0,2,0,0,0,2,2021CMC
2021_10_08_CMC_S7,151,0,1,0,0,0,1,0,0,0,0,2021CMC
2021_10_08_CMC_S8,173,1,2,1,2,1,0,0,0,0,2,2021CMC
2021_10_08_CMC_S9,184,0,1,0,1,0,1,0,0,0,0,2021CMC
2021_04_22_MND_S1,199,0,4,0,2,0,2,0,1,0,1,2021MND
2021_04_22_MND_S2,1,0,0,0,0,0,0,0,0,0,0,2021MND
2021_04_22_MND_S3,163,0,2,0,1,0,1,0,1,0,0,2021MND
2021_04_22_MND_S4,240,0,2,0,1,0,1,0,0,0,1,2021MND
2021_04_22_MND_S5,222,1,0,1,0,0,0,0,0,1,0,2021MND
2021_04_22_MND_S6,228,1,2,1,1,0,0,1,2,0,0,2021MND
2021_04_22_MND_S7,187,1,4,1,1,0,1,1,3,0,0,2021MND
2021_04_22_MND_S8,201,1,2,1,0,0,1,1,1,0,0,2021MND
2021_04_23_MND_S1,153,1,0,1,0,0,0,0,0,1,0,2021MND
2021_04_23_MND_S10,223,1,3,1,2,0,2,1,0,0,1,2021MND
2021_04_23_MND_S11,214,0,0,0,0,0,0,0,0,0,0,2021MND
2021_04_23_MND_S12,193,1,1,1,0,0,0,0,1,1,0,2021MND
2021_04_23_MND_S13,209,2,3,2,2,0,1,1,0,1,2,2021MND
2021_04_23_MND_S14,204,0,1,0,1,0,0,0,0,0,1,2021MND
2021_04_23_MND_S15,213,1,3,1,3,0,0,1,1,0,2,2021MND
2021_04_23_MND_S16,186,0,2,0,1,0,0,0,1,0,1,2021MND
2021_04_23_MND_S2,218,1,2,1,0,0,0,1,2,0,0,2021MND
2021_04_23_MND_S3,134,0,0,0,0,0,0,0,0,0,0,2021MND
2021_04_23_MND_S4,182,1,3,1,1,0,2,0,0,1,1,2021MND
2021_04_23_MND_S5,176,1,2,1,0,0,1,1,1,0,0,2021MND
2021_04_23_MND_S6,259,0,1,0,1,0,0,0,0,0,1,2021MND
2021_04_23_MND_S7,202,1,1,0,1,0,0,0,0,1,1,2021MND
2021_04_23_MND_S8,175,0,0,0,0,0,0,0,0,0,0,2021MND
2021_04_23_MND_S9,180,0,0,0,0,0,0,0,0,0,0,2021MND
2021_09_30_MZT_S2,145,0,2,0,1,0,0,0,1,0,1,2021MZT
2021_09_30_MZT_S3,123,1,2,1,2,0,0,0,0,1,2,2021MZT
2021_09_30_MZT_S4,147,0,1,0,0,0,1,0,0,0,0,2021MZT
2021_09_30_MZT_S5,130,0,1,0,0,0,0,0,1,0,0,2021MZT
2021_09_30_MZT_S6,39,1,0,1,0,0,0,1,0,0,0,2021MZT
2021_09_30_MZT_S7,425,0,7,0,4,0,0,0,4,0,3,2021MZT
2021_10_01_MZT_S1,201,0,2,0,1,0,0,0,1,0,1,2021MZT
2021_10_01_MZT_S11,132,1,2,1,1,0,0,0,1,1,1,2021MZT
2021_10_01_MZT_S2,181,1,3,1,1,0,1,0,1,1,1,2021MZT
2021_10_01_MZT_S3,249,1,6,1,5,0,2,1,0,0,4,2021MZT
2021_10_01_MZT_S4,220,1,4,1,3,0,0,1,0,0,4,2021MZT
2021_10_01_MZT_S5,243,0,4,0,2,0,1,0,0,0,3,2021MZT
2021_10_01_MZT_S7,184,0,2,0,2,0,2,0,0,0,0,2021MZT
2021_10_01_MZT_S8,180,0,4,0,0,0,2,0,1,0,1,2021MZT
2021_10_01_MZT_S9,197,1,2,1,0,0,0,0,1,1,1,2021MZT
2021_11_04_NES_S1,115,0,4,0,1,0,2,0,1,0,1,2021NES
2021_11_04_NES_S2,174,0,3,0,0,0,0,0,1,0,2,2021NES
2021_11_04_NES_S3,244,1,8,0,4,0,3,0,1,1,4,2021NES
2021_11_04_NES_S4,219,0,3,0,1,0,1,0,0,0,2,2021NES
2021_11_04_NES_S5,187,0,8,0,1,0,3,0,4,0,1,2021NES
2021_11_04_NES_S6,172,0,12,0,11,0,1,0,1,0,10,2021NES
2021_11_05_NES_S1,382,1,3,1,2,0,1,0,1,1,1,2021NES
2021_11_05_NES_S10,276,1,5,1,0,0,1,0,2,1,2,2021NES
2021_11_05_NES_S11,148,1,0,1,0,0,0,0,0,1,0,2021NES
2021_11_05_NES_S12,255,3,6,2,3,0,1,1,2,2,3,2021NES
2021_11_05_NES_S2,163,1,1,1,0,0,0,0,1,1,0,2021NES
2021_11_05_NES_S3,315,1,6,1,3,0,2,1,2,0,2,2021NES
2021_11_05_NES_S4,225,1,3,0,1,0,2,0,0,1,1,2021NES
2021_11_05_NES_S5,299,2,4,1,2,0,2,1,0,1,2,2021NES
2021_11_05_NES_S6,339,1,7,0,5,0,2,1,3,0,2,2021NES
2021_11_05_NES_S7,347,0,0,0,0,0,0,0,0,0,0,2021NES
2021_11_05_NES_S8,148,0,1,0,0,0,0,0,1,0,0,2021NES
2021_11_05_NES_S9,266,0,0,0,0,0,0,0,0,0,0,2021NES
2021_06_10_SLU_S1,213,1,3,1,2,0,0,0,1,1,2,2021SLU
2021_06_10_SLU_S2,190,0,1,0,1,0,0,0,0,0,1,2021SLU
2021_06_10_SLU_S3,178,0,7,0,0,0,5,0,1,0,1,2021SLU
2021_06_10_SLU_S4,308,1,2,1,1,0,1,0,0,1,1,2021SLU
2021_06_10_SLU_S5,202,0,2,0,2,0,0,0,0,0,2,2021SLU
2021_06_10_SLU_S6,249,1,1,1,0,0,1,0,0,1,0,2021SLU
2021_06_10_SLU_S7,205,0,4,0,2,0,3,0,1,0,0,2021SLU
2021_06_11_SLU_S1,269,1,5,1,3,0,2,0,1,1,2,2021SLU
2021_06_11_SLU_S10,246,0,2,0,1,0,0,0,0,0,2,2021SLU
2021_06_11_SLU_S11,201,2,4,2,1,0,0,0,1,2,3,2021SLU
2021_06_11_SLU_S12,257,0,5,0,3,0,3,0,1,0,1,2021SLU
2021_06_11_SLU_S13,257,0,3,0,2,0,2,0,1,0,0,2021SLU
2021_06_11_SLU_S2,247,1,1,1,0,0,0,0,0,1,1,2021SLU
2021_06_11_SLU_S3,229,0,1,0,0,0,1,0,0,0,0,2021SLU
2021_06_11_SLU_S4,209,0,1,0,1,0,1,0,0,0,0,2021SLU
2021_06_11_SLU_S5,180,0,1,0,0,0,0,0,0,0,1,2021SLU
2021_06_11_SLU_S6,253,0,1,0,1,0,0,0,0,0,1,2021SLU
2021_06_11_SLU_S7,199,2,3,1,1,1,0,0,1,1,2,2021SLU
2021_06_11_SLU_S8,262,0,2,0,0,0,0,0,1,0,1,2021SLU
2021_06_11_SLU_S9,260,0,4,0,1,0,2,0,1,0,1,2021SLU
2022_04_07_MND_S1,283,1,2,1,1,0,0,0,1,1,1,2022MND
2022_04_07_MND_S2,271,0,4,0,2,0,0,0,2,0,2,2022MND
2022_04_07_MND_S3,141,0,0,0,0,0,0,0,0,0,0,2022MND
2022_04_07_MND_S4,257,0,4,0,1,0,1,0,2,0,1,2022MND
2022_04_07_MND_S5,258,0,3,0,1,0,1,0,2,0,0,2022MND
2022_04_07_MND_S6,234,2,2,2,1,0,0,0,1,2,1,2022MND
2022_04_08_MND_S1,230,0,3,0,2,0,0,0,1,0,2,2022MND
2022_04_08_MND_S10,197,1,2,1,2,0,0,0,0,1,2,2022MND
2022_04_08_MND_S11,211,0,2,0,2,0,0,0,0,0,2,2022MND
2022_04_08_MND_S12,12,0,0,0,0,0,0,0,0,0,0,2022MND
2022_04_08_MND_S2,312,1,3,1,2,0,1,0,0,1,2,2022MND
2022_04_08_MND_S3,281,3,5,1,1,0,1,0,2,3,2,2022MND
2022_04_08_MND_S4,216,1,2,1,0,0,1,0,1,1,0,2022MND
2022_04_08_MND_S5,255,1,1,1,0,0,1,0,0,1,0,2022MND
2022_04_08_MND_S6,6,0,0,0,0,0,0,0,0,0,0,2022MND
2022_04_08_MND_S7,259,0,7,0,2,0,1,0,4,0,2,2022MND
2022_04_08_MND_S8,365,1,1,1,0,0,0,0,1,1,0,2022MND
2022_04_08_MND_S9,273,0,3,0,1,0,3,0,0,0,0,2022MND
