n_bins,mean_entropy,purity_ratio,mixed_ratio,mean_jump,max_jump,n_transitions,entropy_trend,first_third_entropy,last_third_entropy,session_id,any_funded,funded_rate
11,0.33369662101184355,0.6363636363636364,0.36363636363636365,0.3781013362105996,0.9709505944546686,4,0.3512778610173463,0.3236501981515562,0.6749280591689025,2021_05_21_ABI_S2,1.0,0.3333333333333333
12,0.3055796961645953,0.6666666666666666,0.3333333333333333,0.4347517236577972,1.0,5,-0.4241250204766601,0.670432054485223,0.2463070340085629,2021_06_10_SLU_S4,1.0,1.0
11,0.49295024071415033,0.45454545454545453,0.5454545454545454,0.40565647621309536,1.0,4,-0.04062746321637578,0.6666666666666666,0.6260392034502908,2021_06_11_SLU_S7,1.0,1.0
9,0.4417852020739979,0.4444444444444444,0.5555555555555556,0.28713491594258317,0.9182958340544896,3,-0.4427323420326229,0.7488309533841194,0.3060986113514965,2021_06_11_SLU_S4,1.0,0.5
8,0.5365246664438273,0.375,0.625,0.3712690231070209,1.0,3,-0.07172664201767753,0.7014754515207302,0.6297488095030527,2021_06_11_SLU_S3,1.0,1.0
9,0.6748578090238156,0.2222222222222222,0.7777777777777778,0.4308294313055958,1.0,4,-0.2578918126392108,0.8078992865219955,0.5500074738827847,2021_06_11_SLU_S11,1.0,0.5
12,0.32225386053246835,0.5833333333333334,0.4166666666666667,0.3849892600735153,0.9182958340544896,6,-0.1964306781329357,0.5815961298651704,0.3851654517322347,2021_06_11_SLU_S1,1.0,0.3333333333333333
6,0.589725805280149,0.3333333333333333,0.6666666666666666,0.5729583417487257,0.9182958340544896,3,0.4452425195563908,0.4591479170272448,0.9043904365836356,2021_11_04_NES_S1,1.0,0.5
11,0.474561669936033,0.45454545454545453,0.5454545454545454,0.46007961746175996,1.0,5,-0.17641393967105667,0.56083344685437,0.3844195071833133,2021_06_10_SLU_S5,1.0,0.5
10,0.2446665360464697,0.7,0.3,0.3694458294696167,0.9182958340544896,4,0.23248659415463432,0.21667414054945136,0.4491607347040857,2021_06_10_SLU_S2,1.0,0.5
8,0.16038032609810488,0.75,0.25,0.366583602509954,0.6913698302025114,4,-0.06537977922365992,0.29583638929116374,0.23045661006750381,2021_05_21_ABI_S13,1.0,0.5
11,0.509283251635206,0.45454545454545453,0.5454545454545454,0.3924296228613463,0.9709505944546686,4,-0.2618245077015451,0.9499162569704924,0.6880917492689473,2021_06_10_SLU_S1,1.0,0.3333333333333333
9,0.48069107657629595,0.3333333333333333,0.6666666666666666,0.439378112278632,0.9709505944546686,5,-0.2630612923874388,0.6907421619823851,0.42768086959494633,2021_11_04_NES_S3,1.0,0.5
8,0.2997201339505562,0.625,0.375,0.23751371347277286,0.9910760598382222,2,-0.7459101664692278,0.9270983142024266,0.1811881477331988,2021_11_04_NES_S5,1.0,0.3333333333333333
9,0.34267556874628624,0.5555555555555556,0.4444444444444444,0.2295739585136224,0.9182958340544896,2,0.546741309647284,0.24064269829578744,0.7873840079430714,2021_05_21_ABI_S7,1.0,0.3333333333333333
8,0.4010346550840672,0.5,0.5,0.4736135643239849,0.9182958340544896,4,0.16172038979988068,0.36096404744368116,0.5226844372435618,2021_11_04_NES_S6,1.0,1.0
16,0.3167643795686209,0.5625,0.375,0.44213332677692585,1.0,9,-0.0669462128335847,0.4573100330161754,0.3903638201825907,2021_11_05_NES_S1,1.0,0.25
8,0.29511373316826334,0.625,0.375,0.298161269485599,0.8173454221465102,3,-0.7274845633400563,0.9086727110732551,0.1811881477331988,2021_05_21_ABI_S15,1.0,0.5
5,0.7517668440298584,0.2,0.8,0.5219420871259721,0.9774178175281716,2,-0.045857533244856086,0.9774178175281716,0.9315602842833155,2021_06_11_SLU_S8,1.0,1.0
9,0.5542499239178669,0.3333333333333333,0.6666666666666666,0.7025504524797529,1.0,7,-0.013789828849842811,0.5500074738827847,0.5362176450329419,2021_10_08_CMC_S5,1.0,0.6666666666666666
9,0.3676973967315216,0.5555555555555556,0.4444444444444444,0.4193553209573412,1.0,4,0.24409543958015456,0.2704260414863776,0.5145214810665322,2021_10_08_CMC_S4,1.0,1.0
7,0.4672353930754381,0.42857142857142855,0.5714285714285714,0.5794243483397095,0.9182958340544896,5,-0.4109294303580473,0.7170280417095438,0.3060986113514965,2021_10_08_CMC_S3,1.0,1.0
6,0.5256965392415863,0.3333333333333333,0.6666666666666666,0.5148958508449858,0.9709505944546686,3,-0.5301503120132195,0.8911143594569007,0.36096404744368116,2021_10_07_CMC_S5,1.0,0.5
7,0.4075417840700058,0.5714285714285714,0.42857142857142855,0.4754654147483401,1.0,3,-0.09306291091168695,0.42639624424502026,0.3333333333333333,2021_10_07_CMC_S4,1.0,1.0
8,0.5741645709161397,0.375,0.625,0.5281670347372055,1.0,5,0.8644388557763726,0.0,0.8644388557763726,2021_10_07_CMC_S3,1.0,0.6666666666666666
12,0.12844803889668047,0.8333333333333334,0.16666666666666666,0.14899061306778244,0.8194483718728034,2,0.3853441166900414,0.0,0.3853441166900414,2021_10_07_CMC_S2,1.0,1.0
8,0.6508571562056893,0.25,0.75,0.4805265818269891,1.0,3,-0.3236665927700676,0.8464393446710154,0.5227727519009479,2021_10_07_CMC_S1,1.0,0.5
8,0.38478585854245756,0.5,0.5,0.4102266840422174,0.9182958340544896,4,-0.448885694966912,0.7549843063184085,0.3060986113514965,2021_10_01_MZT_S7,1.0,1.0
10,0.4987035955076101,0.4,0.6,0.6930669112057353,1.0,7,-0.09469767264204121,0.5475172037568244,0.45281953111478324,2021_10_01_MZT_S5,1.0,0.5
10,0.4337410067305182,0.5,0.5,0.6815520057375122,0.9709505944546686,7,-0.333787004224207,0.5765246528378741,0.24273764861366715,2021_10_01_MZT_S4,1.0,0.5
11,0.6104365540498068,0.36363636363636365,0.6363636363636364,0.675642085287779,1.0,7,0.1258145836939114,0.603759374819711,0.7295739585136224,2021_10_01_MZT_S3,1.0,0.6666666666666666
10,0.6598843598060862,0.2,0.8,0.5039241609618466,1.0,5,0.11785948582907013,0.7520407265968502,0.8699002124259203,2021_10_08_CMC_S13,1.0,0.3333333333333333
10,0.4333102618283883,0.5,0.5,0.45980765867516266,1.0,4,-0.3423071227976187,0.8146187299249082,0.47231160712728953,2021_10_01_MZT_S11,1.0,1.0
12,0.48660107355788323,0.3333333333333333,0.6666666666666666,0.6233208084893285,1.0,9,-0.01469245662348373,0.5485017620689647,0.533809305445481,2021_10_08_CMC_S14,1.0,0.5
18,0.4531886070729489,0.4444444444444444,0.5555555555555556,0.44355240188116,1.0,10,0.148154636243427,0.413478344999152,0.561632981242579,2021_09_30_MZT_S7,1.0,0.625
2,0.9709505944546686,0.0,1.0,0.0,0.0,0,0.0,0.9709505944546686,0.9709505944546686,2021_09_30_MZT_S6,1.0,1.0
4,0.8190221637576232,0.0,1.0,0.34643395340382094,0.47879884713297616,2,-0.32110358951199847,1.0,0.6788964104880015,2021_09_30_MZT_S5,1.0,1.0
12,0.273238488151062,0.6666666666666666,0.3333333333333333,0.3847673728002869,0.9709505944546686,5,0.12490774980139302,0.3474038573258965,0.47231160712728953,2021_11_05_NES_S10,1.0,1.0
10,0.5385708187584699,0.4,0.6,0.6448124531424442,0.9852281360342516,6,0.06889110309474467,0.5988354201644616,0.6677265232592062,2021_10_08_CMC_S1,1.0,0.6666666666666666
9,0.530919707348205,0.3333333333333333,0.6666666666666666,0.35061671969000435,0.9957274520849256,4,0.40806636297566584,0.33190915069497523,0.7399755136706411,2021_05_21_ABI_S12,1.0,0.3333333333333333
8,0.28628079382377575,0.625,0.375,0.4583631692349565,0.9182958340544896,4,-0.08436851252838962,0.32501121082417705,0.24064269829578744,2022_04_07_MND_S1,1.0,0.3333333333333333
8,0.24715106756664734,0.625,0.375,0.32070317454181646,0.8112781244591328,3,-0.5829652080370229,0.5829652080370229,0.0,2022_04_07_MND_S4,1.0,0.5
11,0.3224030204929474,0.6363636363636364,0.36363636363636365,0.3894827570958824,1.0,4,-0.4030251130107787,0.5940762396379338,0.19105112662715507,2022_04_07_MND_S5,1.0,0.5
10,0.4444376053061497,0.5,0.5,0.41111447006468066,0.9182958340544896,4,0.4082744821505909,0.2704260414863776,0.6787005236369685,2021_04_22_MND_S4,1.0,1.0
8,0.4707140159230122,0.5,0.5,0.5509777316477383,1.0,4,0.2458389387454218,0.4056390622295664,0.6514780009749882,2022_04_07_MND_S6,1.0,0.5
9,0.41027963284525343,0.4444444444444444,0.5555555555555556,0.3957641936742388,0.9544340029249648,4,0.05387302231324914,0.47447653217141533,0.5283495544846645,2021_04_22_MND_S1,1.0,1.0
3,0.5558627998293342,0.3333333333333333,0.6666666666666666,0.8337941997440013,0.9456603046006402,2,-0.2237322097132779,0.9456603046006402,0.7219280948873623,2020_11_06_NES_S9,1.0,1.0
1,1.0,0.0,1.0,0.0,0.0,0,0.0,1.0,1.0,2020_11_06_NES_S3,1.0,0.6666666666666666
7,0.5444683034941619,0.42857142857142855,0.5714285714285714,0.8018796874098554,1.0,5,0.2610276044371002,0.4056390622295664,0.6666666666666666,2022_04_08_MND_S5,1.0,0.3333333333333333
4,0.47231160712728953,0.5,0.5,0.9533990076546089,0.9709505944546686,3,0.4591479170272448,0.0,0.4591479170272448,2020_11_06_NES_S12,1.0,0.5
5,0.3836591668108979,0.6,0.4,0.7295739585136224,1.0,3,-0.9182958340544896,0.9182958340544896,0.0,2020_11_06_NES_S11,1.0,0.3333333333333333
3,0.3333333333333333,0.6666666666666666,0.3333333333333333,0.5,1.0,1,1.0,0.0,1.0,2020_11_06_NES_S1,1.0,0.5
9,0.4185413032217945,0.4444444444444444,0.5555555555555556,0.4103843347227336,0.9182958340544896,4,0.45989933310008313,0.39786228828265013,0.8577616213827333,2022_04_08_MND_S7,1.0,1.0
2,0.5,0.5,0.5,1.0,1.0,1,0.0,0.5,0.5,2020_11_05_NES_S5,1.0,1.0
4,0.47231160712728953,0.5,0.5,0.9358474208545493,0.9709505944546686,3,-0.5118026774274238,0.9709505944546686,0.4591479170272448,2020_11_05_NES_S4,1.0,1.0
4,0.49273764861366715,0.5,0.5,0.3430164685151105,1.0,1,0.9854752972273343,0.0,0.9854752972273343,2020_11_05_NES_S3,1.0,0.3333333333333333
11,0.24835436001576705,0.7272727272727273,0.2727272727272727,0.2,1.0,2,0.6829744900433594,0.0,0.6829744900433594,2021_05_21_ABI_S11,1.0,0.5
6,0.3274122496537592,0.5,0.5,0.28418181094459183,0.7642045065086203,2,0.2180322424526573,0.38210225325431013,0.6001344957069674,2021_04_23_MND_S11,1.0,0.3333333333333333
18,0.4524704337258719,0.5,0.5,0.36263712804164916,0.9940302114769564,7,-0.4597860343911545,0.5801073835390482,0.12032134914789372,2021_11_05_NES_S4,1.0,1.0
9,0.6301639052692178,0.3333333333333333,0.6666666666666666,0.5,1.0,4,-0.6394319446848298,0.9630821428363859,0.3236501981515562,2021_11_05_NES_S11,1.0,1.0
8,0.2980959305947878,0.625,0.375,0.40394767151532385,1.0,4,-0.4854752972273343,0.4854752972273343,0.0,2021_04_23_MND_S2,1.0,0.5
9,0.6362042329575708,0.3333333333333333,0.6666666666666666,0.26384419643635526,1.0,2,0.2885470245514369,0.6569835314848895,0.9455305560363264,2021_05_20_ABI_S7,1.0,1.0
8,0.28245076545257697,0.625,0.375,0.27701965261679684,0.9182958340544896,2,-0.5281963160708392,0.7688390143666266,0.24064269829578744,2021_05_20_ABI_S6,1.0,0.5
7,0.21461840192038834,0.7142857142857143,0.2857142857142857,0.5007762711475728,0.9544340029249648,4,-0.2945853979565646,0.4772170014624824,0.1826316035059178,2021_04_23_MND_S5,1.0,0.5
17,0.4944183738258252,0.4117647058823529,0.5294117647058824,0.3754404143169021,1.0,7,-0.3135475597001545,0.6984707926474454,0.38492323294729086,2021_11_05_NES_S6,1.0,0.25
20,0.41411554406012846,0.55,0.45,0.5840938919840857,1.0,12,0.10303886237915444,0.30133569184740777,0.4043745542265622,2021_11_05_NES_S5,1.0,0.6666666666666666
10,0.44839181192871447,0.5,0.5,0.42298693990207753,0.9182958340544896,4,-0.46584542353417463,0.9067571162034062,0.4409116926692315,2021_05_20_ABI_S4,1.0,1.0
10,0.3753726547268811,0.6,0.4,0.5314195503126825,1.0,5,0.2318123310089531,0.26092531760471405,0.49273764861366715,2021_05_20_ABI_S3,1.0,1.0
10,0.2836591668108979,0.7,0.3,0.5192425929131065,1.0,5,-0.4098579861712075,0.6394319446848299,0.2295739585136224,2021_10_08_CMC_S7,0.0,0.0
11,0.48871459256968114,0.45454545454545453,0.5454545454545454,0.44257932533214284,1.0,5,-0.36684899153888173,0.8464229500525041,0.4795739585136224,2021_10_08_CMC_S11,0.0,0.0
11,0.457932533456564,0.45454545454545453,0.5454545454545454,0.45044616596625164,0.9852281360342516,5,0.05621014111424083,0.546741309647284,0.6029514507615248,2021_11_05_NES_S2,0.0,0.0
7,0.13118511915064138,0.8571428571428571,0.14285714285714285,0.3060986113514965,0.9182958340544896,2,0.3060986113514965,0.0,0.3060986113514965,2021_10_08_CMC_S12,0.0,0.0
17,0.31270245838973804,0.6470588235294118,0.35294117647058826,0.4890213326679654,1.0,9,0.48786076312086446,0.12889332904051745,0.6167540921613819,2021_11_05_NES_S3,0.0,0.0
10,0.40616901206695344,0.5,0.5,0.3444649069179753,1.0,4,-0.07139780149648434,0.6210401895222103,0.549642388025726,2022_04_08_MND_S1,0.0,0.0
6,0.4183281021061362,0.5,0.5,0.4653246110944324,1.0,3,-0.33668847226391896,0.7958363892911637,0.4591479170272448,2022_04_08_MND_S4,0.0,0.0
9,0.39885288270331115,0.5555555555555556,0.4444444444444444,0.598255460437116,1.0,5,-0.07584130683352869,0.3164840051293161,0.24064269829578744,2022_04_08_MND_S11,0.0,0.0
11,0.6714616227888754,0.2727272727272727,0.7272727272727273,0.3221233343744357,0.9182958340544896,3,-0.23588515663216125,0.9435406265286451,0.7076554698964839,2021_11_05_NES_S9,0.0,0.0
5,0.3238584551087159,0.6,0.4,0.20363552445845473,0.8112781244591328,1,0.8096461377717898,0.0,0.8096461377717898,2021_11_04_NES_S2,0.0,0.0
7,0.49455146817915513,0.42857142857142855,0.5714285714285714,0.6249104636182977,1.0,5,0.6394319446848299,0.0,0.6394319446848299,2021_10_08_CMC_S2,0.0,0.0
12,0.5636042441615298,0.3333333333333333,0.5833333333333334,0.4088372939415377,1.0,5,0.5058549675977764,0.21747888244340646,0.7233338500411829,2021_11_05_NES_S7,0.0,0.0
6,0.6439926897758549,0.3333333333333333,0.6666666666666666,0.40547289410923015,1.0,2,0.4863177647269247,0.4728301523003201,0.9591479170272448,2021_10_08_CMC_S9,0.0,0.0
9,0.1700653634845705,0.7777777777777778,0.2222222222222222,0.19132353392014181,0.9640787648082292,2,-0.13252308608510796,0.32135958826940975,0.18883650218430179,2022_04_07_MND_S2,0.0,0.0
11,0.22714337351811942,0.7272727272727273,0.2727272727272727,0.3553298027623903,1.0,4,-0.25888300460398384,0.25888300460398384,0.0,2021_10_08_CMC_S6,0.0,0.0
7,0.3770390456713167,0.5714285714285714,0.42857142857142855,0.5976113250094004,0.9709505944546686,4,-0.24483259893154685,0.4854752972273343,0.24064269829578744,2021_10_08_CMC_S8,0.0,0.0
4,0.6804820237218405,0.25,0.75,0.5187146034084251,1.0,1,0.8609640474436812,0.0,0.8609640474436812,2020_11_05_NES_S1,0.0,0.0
9,0.39927853815254827,0.5555555555555556,0.4444444444444444,0.3913278830562755,1.0,3,0.009683135181777214,0.5940762396379338,0.603759374819711,2021_06_11_SLU_S6,0.0,0.0
7,0.5880478162772155,0.2857142857142857,0.7142857142857143,0.4413116320946853,0.8112781244591328,3,-0.21121666264600247,0.7877413154838766,0.5765246528378741,2021_10_01_MZT_S8,0.0,0.0
7,0.5389120651504872,0.2857142857142857,0.7142857142857143,0.4646626338758623,0.8175195311866703,5,0.024588515505567565,0.40875976559333516,0.4333482810989027,2021_05_20_ABI_S5,0.0,0.0
6,0.273370654823642,0.6666666666666666,0.3333333333333333,0.47243040476584286,0.9182958340544896,3,0.09818386958356362,0.36096404744368116,0.4591479170272448,2021_04_23_MND_S9,0.0,0.0
10,0.19636232951180438,0.7,0.3,0.29191130521548664,0.7219280948873623,4,0.3104238000576704,0.0,0.3104238000576704,2021_04_23_MND_S7,0.0,0.0
9,0.35306632152832473,0.5555555555555556,0.4444444444444444,0.6464810287931488,0.9709505944546686,6,0.12642593862411372,0.1972242595274425,0.3236501981515562,2021_04_23_MND_S6,0.0,0.0
5,0.5245112497836532,0.4,0.6,0.29718046888521676,0.8112781244591328,1,0.9056390622295665,0.0,0.9056390622295665,2021_04_23_MND_S3,0.0,0.0
11,0.3309294480856229,0.6363636363636364,0.36363636363636365,0.5836591668108979,1.0,6,0.12438341237034406,0.3060986113514965,0.4304820237218406,2021_04_23_MND_S16,0.0,0.0
5,0.739942447335122,0.2,0.8,0.5,0.9182958340544896,2,-0.4591479170272448,0.9182958340544896,0.4591479170272448,2021_04_23_MND_S12,0.0,0.0
9,0.2544718167322451,0.6666666666666666,0.3333333333333333,0.2772925846688997,0.7219280948873623,3,0.3300671690978326,0.21667414054945136,0.546741309647284,2021_04_23_MND_S1,0.0,0.0
7,0.2587540177798761,0.7142857142857143,0.2857142857142857,0.603759374819711,1.0,4,0.2704260414863776,0.0,0.2704260414863776,2021_04_22_MND_S8,0.0,0.0
8,0.3383945288652017,0.625,0.375,0.6306160659776039,1.0,5,0.5739760316291208,0.0,0.5739760316291208,2021_04_22_MND_S7,0.0,0.0
4,0.2028195311147832,0.75,0.25,0.5408520829727552,0.8112781244591328,2,0.4056390622295664,0.0,0.4056390622295664,2021_04_22_MND_S3,0.0,0.0
7,0.4168994048649271,0.5714285714285714,0.42857142857142855,0.6530493056757483,1.0,4,-0.19390138864850348,0.5,0.3060986113514965,2020_11_06_NES_S8,0.0,0.0
5,0.5836591668108979,0.4,0.6,0.7704260414863776,1.0,3,-0.41829583405448956,0.9182958340544896,0.5,2020_11_06_NES_S7,0.0,0.0
4,0.7091479170272448,0.25,0.75,0.36056805531517017,1.0,1,0.9182958340544896,0.0,0.9182958340544896,2020_11_06_NES_S4,0.0,0.0
6,0.6031367311704635,0.3333333333333333,0.6666666666666666,0.7237640774045562,0.9182958340544896,4,-0.5389841520250127,0.9446232142545791,0.4056390622295664,2020_11_06_NES_S2,0.0,0.0
2,0.5,0.5,0.5,1.0,1.0,1,0.0,0.5,0.5,2020_11_05_NES_S6,0.0,0.0
8,0.46787946874452924,0.375,0.5,0.4344665693253728,1.0,4,0.021052358734823556,0.1956217818146278,0.21667414054945136,2021_05_20_ABI_S2,0.0,0.0
8,0.5964612180753479,0.25,0.75,0.4449916916021671,0.9910760598382222,4,0.04564606316331832,0.7646946861307391,0.8103407492940574,2021_05_20_ABI_S8,0.0,0.0
10,0.5150192541578669,0.4,0.6,0.5827687655029613,1.0,5,-0.26439161066110417,0.7439655691747266,0.4795739585136224,2021_10_01_MZT_S2,0.0,0.0
11,0.2629872155558467,0.7272727272727273,0.2727272727272727,0.4824482137505751,0.9852281360342516,5,0.1624934900235674,0.320412201574292,0.4829056915978594,2021_05_21_ABI_S14,0.0,0.0
8,0.2099085118038406,0.75,0.25,0.4797908841230642,0.9544340029249648,4,-0.2356056376272291,0.4772170014624824,0.2416113638352533,2021_10_01_MZT_S1,0.0,0.0
5,0.144966818301152,0.8,0.2,0.36241704575288,0.72483409150576,2,0.0,0.0,0.0,2021_09_30_MZT_S4,0.0,0.0
9,0.2889773527352888,0.6666666666666666,0.3333333333333333,0.6501990436543998,0.9182958340544896,6,0.0,0.3060986113514965,0.3060986113514965,2021_09_30_MZT_S3,0.0,0.0
4,0.49273764861366715,0.5,0.5,0.6569835314848895,1.0,2,-0.4709505944546686,0.9709505944546686,0.5,2021_09_30_MZT_S2,0.0,0.0
10,0.3433915617822527,0.6,0.4,0.20808109299771715,0.9182958340544896,2,-0.6089659694090568,0.8385399279226792,0.2295739585136224,2021_06_11_SLU_S9,0.0,0.0
1,0.7219280948873623,0.0,1.0,0.0,0.0,0,0.0,0.7219280948873623,0.7219280948873623,2020_11_05_NES_S2,0.0,0.0
8,0.4153446198621748,0.5,0.375,0.9032509941281999,1.0,7,0.17195485388463416,0.16137847944869915,0.3333333333333333,2021_06_11_SLU_S13,0.0,0.0
10,0.4423725785231949,0.5,0.5,0.29851535561549764,1.0,3,-0.5120621824491096,0.9245677878611982,0.4125056054120885,2021_06_11_SLU_S12,0.0,0.0
7,0.6359421279555654,0.2857142857142857,0.7142857142857143,0.5466565317024826,0.9940302114769564,4,-0.19227750705960256,0.8220263165626552,0.6297488095030527,2021_06_11_SLU_S10,0.0,0.0
9,0.5004618682001294,0.4444444444444444,0.5555555555555556,0.4216917186688699,1.0,4,-0.7496741665224355,0.9903168648182229,0.24064269829578744,2021_06_10_SLU_S6,0.0,0.0
13,0.38366582383016706,0.5384615384615384,0.46153846153846156,0.36477857537982156,0.9182958340544896,5,0.10723949701509411,0.40446445558417415,0.5117039525992683,2021_06_10_SLU_S3,0.0,0.0
9,0.3978191318745361,0.5555555555555556,0.4444444444444444,0.6235874260360622,1.0,6,-0.13234220990205658,0.6628998027628324,0.5305575928607759,2021_05_21_ABI_S9,0.0,0.0
9,0.5123527248218356,0.4444444444444444,0.5555555555555556,0.6524966367527469,1.0,5,0.2678774202776243,0.3060986113514965,0.5739760316291208,2021_05_21_ABI_S8,0.0,0.0
11,0.24618053783612154,0.7272727272727273,0.2727272727272727,0.4497675998340185,1.0,5,-0.05609861135149652,0.3060986113514965,0.25,2021_05_21_ABI_S4,0.0,0.0
11,0.41566972673581193,0.5454545454545454,0.45454545454545453,0.37076765296822567,1.0,4,0.4802804395421669,0.23589217656075204,0.7161726161029189,2021_05_21_ABI_S3,0.0,0.0
9,0.34515717483489944,0.5555555555555556,0.4444444444444444,0.2976282470019155,0.9182958340544896,4,0.5541861279131235,0.24064269829578744,0.7948288262089109,2022_04_08_MND_S8,0.0,0.0
4,0.25,0.75,0.25,0.3333333333333333,1.0,1,-1.0,1.0,0.0,2020_11_06_NES_S10,,
8,0.4746026732462175,0.5,0.5,0.6792696431662097,1.0,5,0.1802840276575851,0.4591479170272448,0.6394319446848299,2021_04_22_MND_S5,,
11,0.3810055518228434,0.5454545454545454,0.45454545454545453,0.3932284150616106,1.0,5,0.6878910207824409,0.0,0.6878910207824409,2021_04_22_MND_S6,,
10,0.1811278124459133,0.8,0.2,0.4025062498798073,1.0,4,0.2028195311147832,0.0,0.2028195311147832,2021_04_23_MND_S10,,
9,0.4395121870385127,0.4444444444444444,0.5555555555555556,0.4100436862715794,0.9182958340544896,5,0.579089668665139,0.21667414054945136,0.7957638092145903,2021_04_23_MND_S13,,
8,0.49360874798120724,0.375,0.625,0.38297559997774544,0.9709505944546686,4,0.20106588788616542,0.4854752972273343,0.6865411851134997,2021_04_23_MND_S14,,
11,0.3517032165046055,0.5454545454545454,0.45454545454545453,0.4338722969548388,0.9602297178607612,6,0.0707385690539431,0.37507876963916104,0.44581733869310414,2021_04_23_MND_S15,,
8,0.6543384651216724,0.25,0.75,0.7166346879637719,1.0,6,0.2828742378869889,0.4772170014624824,0.7600912393494713,2021_04_23_MND_S4,,
8,0.3593093205679262,0.625,0.375,0.5513861000825231,0.9852281360342516,4,-0.17937668587583777,0.4854752972273343,0.3060986113514965,2021_04_23_MND_S8,,
5,0.2728359328593175,0.6,0.4,0.23833524821154817,0.7725068857142601,1,-0.5916727785823275,0.5916727785823275,0.0,2021_05_20_ABI_S1,,
11,0.5092433718896913,0.45454545454545453,0.5454545454545454,0.3557995379208931,1.0,3,0.9076816240829841,0.0,0.9076816240829841,2021_05_21_ABI_S1,,
12,0.469101247012653,0.4166666666666667,0.5833333333333334,0.3869009984130166,1.0,6,0.3200929325365204,0.5436054042507192,0.8636983367872396,2021_05_21_ABI_S10,,
12,0.45281283963143903,0.4166666666666667,0.5833333333333334,0.606153973393818,1.0,9,-0.3534542125759085,0.7309463657351127,0.37749215315920426,2021_05_21_ABI_S16,,
13,0.3226680689675059,0.5384615384615384,0.38461538461538464,0.39514570033259916,0.9182958340544896,6,-0.40862456369240024,0.6128755133502461,0.2042509496578459,2021_05_21_ABI_S5,,
7,0.4573210537613054,0.42857142857142855,0.5714285714285714,0.6781964441928734,1.0,5,-0.429738097556261,0.7358367089077575,0.3060986113514965,2021_05_21_ABI_S6,,
12,0.45833077805966965,0.5,0.5,0.5417379321584801,1.0,6,0.48979464507780224,0.1925988445506034,0.6823934896284056,2021_06_10_SLU_S7,,
9,0.33810804575837483,0.5555555555555556,0.4444444444444444,0.6153251365268717,1.0,6,0.07723142912208025,0.3333333333333333,0.41056476245541357,2021_06_11_SLU_S2,,
6,0.5500074738827848,0.3333333333333333,0.6666666666666666,0.4,1.0,3,0.5,0.32501121082417705,0.825011210824177,2021_06_11_SLU_S5,,
11,0.4333313216959429,0.5454545454545454,0.45454545454545453,0.8670168508744114,1.0,9,-0.12473315551364739,0.6210401895222103,0.4963070340085629,2021_10_01_MZT_S9,,
10,0.24866140897573336,0.7,0.3,0.3783233248679803,0.9182958340544896,4,0.012899817964171029,0.21667414054945136,0.2295739585136224,2021_10_07_CMC_S6,,
7,0.4127494897870226,0.5714285714285714,0.42857142857142855,0.9630821428363862,1.0,6,-0.1763498018484438,0.5,0.3236501981515562,2021_10_07_CMC_S7,,
8,0.24959895399770457,0.75,0.25,0.42811309028309097,1.0,3,-0.16506248265748497,0.4983958159908183,0.3333333333333333,2021_10_08_CMC_S10,,
9,0.2538527485996407,0.6666666666666666,0.3333333333333333,0.5082613925022359,0.9182958340544896,5,-0.1677527782585486,0.1677527782585486,0.0,2021_11_04_NES_S4,,
13,0.47660753163377545,0.46153846153846156,0.5384615384615384,0.3644652444338745,1.0,5,0.1293338035213596,0.6165809881813649,0.7459147917027245,2021_11_05_NES_S12,,
8,0.6999917944230334,0.25,0.75,0.5867168156564795,1.0,4,-0.21145293765448214,0.850884882339312,0.6394319446848299,2021_11_05_NES_S8,,
5,0.3348797386051528,0.6,0.4,0.8371993465128819,0.863120568566631,4,0.4315602842833155,0.0,0.4315602842833155,2022_04_07_MND_S3,,
5,0.506641243869299,0.4,0.6,0.6804820237218405,1.0,3,-0.22192809488736231,0.7219280948873623,0.5,2022_04_08_MND_S10,,
1,0.9182958340544896,0.0,1.0,0.0,0.0,0,0.0,0.9182958340544896,0.9182958340544896,2022_04_08_MND_S12,,
12,0.36679744319550395,0.5,0.5,0.4673583426878338,0.8112781244591328,7,-0.08504477141128591,0.41005598223546297,0.32501121082417705,2022_04_08_MND_S2,,
8,0.4070643191450749,0.5,0.5,0.2861086396933548,0.8112781244591328,2,0.603759374819711,0.0,0.603759374819711,2022_04_08_MND_S3,,
1,1.0,0.0,1.0,0.0,0.0,0,0.0,1.0,1.0,2022_04_08_MND_S6,,
10,0.22773474967236051,0.7,0.3,0.16812699891277613,0.7642045065086203,2,-0.37993608627966186,0.5424416916917504,0.16250560541208853,2022_04_08_MND_S9,,
4,0.7295739585136224,0.25,0.75,0.6394319446848299,1.0,2,0.08170416594551044,0.9182958340544896,1.0,output-2021-05-20-ABI-S1,,
